TransactionAmount,TransactionCount,Age,AnnualIncome,NumCreditCards,PaymentHistoryDaysLate,SpendScore,Default
2568.0,2,24,10000,2,20,0.196,1
2363.0,8,26,60000,2,20,0.022,1
18941.67,12,34,45000,2,0,0.325,0
48171.33,12,37,25000,2,0,0.94,0
16707.33,12,57,25000,2,0,0.172,0
59692.33,12,37,25000,1,0,1.0,0
408331.67,12,29,250000,1,0,0.736,0
4285.67,10,23,50000,2,0,0.119,0
12496.33,10,28,70000,3,20,0.081,0
0.0,4,35,10000,3,0,0.0,0
8798.33,12,34,100000,3,20,0.055,0
14632.33,10,51,130000,1,20,0.047,0
8379.0,10,41,315000,2,0,0.019,0
66290.67,8,30,35000,2,20,0.94,1
67169.33,12,29,125000,1,0,0.284,0
35967.67,10,23,25000,3,20,1.0,0
16938.0,6,24,10000,1,20,0.769,1
231495.0,12,49,160000,1,0,0.792,0
0.0,0,49,180000,1,10,0.0,0
0.0,0,29,90000,1,10,0.0,0
30178.33,12,39,65000,3,0,0.295,0
316.0,8,39,60000,2,0,0.003,1
42850.67,8,26,35000,2,20,0.587,1
8801.67,8,40,225000,1,0,0.012,1
3938.0,10,23,45000,1,0,0.053,0
41817.67,12,23,25000,3,0,0.952,0
91.67,6,27,30000,1,10,0.0,1
18614.0,12,30,25000,3,0,0.451,0
2493.67,10,47,25000,3,0,0.013,0
16466.67,10,26,25000,1,0,0.307,0
15725.67,10,27,115000,1,0,0.072,0
27412.67,12,33,25000,2,20,0.61,1
86662.33,12,32,50000,1,0,0.93,0
12601.0,12,54,250000,2,0,0.022,0
16615.0,10,58,250000,1,0,0.027,0
9869.0,10,30,80000,1,0,0.189,0
182751.0,12,40,140000,2,0,0.666,0
11976.0,10,22,30000,2,0,0.251,0
260.0,2,25,25000,1,10,0.0,1
4738.0,10,31,140000,1,20,0.002,0
215619.67,12,33,180000,1,0,0.607,0
66156.33,12,25,35000,1,0,0.965,0
3688.0,12,22,5000,2,0,0.188,0
61324.33,12,37,70000,2,0,0.425,0
22047.67,8,30,20000,1,20,0.473,0
0.0,0,29,105000,1,0,0.0,1
15437.33,6,22,10000,1,20,0.701,1
2889.0,4,46,75000,4,0,0.03,1
19691.67,12,32,190000,2,0,0.059,0
18467.33,12,24,10000,1,0,0.872,0
37189.33,8,42,35000,3,20,0.529,1
52182.0,12,43,50000,3,0,0.616,0
9644.0,10,49,155000,2,0,0.043,0
41967.33,12,25,90000,1,20,0.23,0
37550.33,12,29,75000,1,20,0.308,0
1902.33,8,45,250000,1,0,0.004,0
13540.0,12,34,90000,3,0,0.091,0
173878.0,12,34,90000,2,0,0.977,0
1155.67,4,34,100000,1,30,0.008,0
401065.33,12,29,200000,2,0,1.0,0
21788.0,12,28,250000,3,0,0.046,1
70932.67,10,39,35000,2,0,1.0,0
25292.67,6,29,25000,1,20,0.5,1
19294.67,2,46,25000,2,0,0.574,1
33.0,2,51,65000,2,0,0.001,0
148448.67,6,57,100000,1,20,0.763,1
3422.67,10,56,5000,2,20,0.21,1
586.33,12,30,105000,1,20,0.001,0
6630.0,6,29,65000,3,20,0.0,0
17684.67,8,22,10000,4,20,0.928,0
390.0,10,31,40000,1,0,0.01,0
59232.33,10,29,160000,2,20,0.182,1
4726.33,12,32,100000,2,20,0.045,0
1051.67,4,37,145000,1,10,0.0,0
10645.0,12,32,170000,1,0,0.009,0
16159.0,8,24,10000,2,20,0.731,0
38716.67,12,25,25000,3,0,0.857,0
291.0,12,45,150000,1,0,0.001,0
29441.67,10,22,15000,2,0,0.946,1
0.0,0,44,120000,2,10,0.0,1
161913.33,12,33,235000,3,0,0.352,0
27202.33,12,26,180000,1,0,0.065,0
27301.0,10,30,30000,3,0,0.439,1
132491.33,12,44,200000,2,20,0.329,0
39420.33,12,49,25000,3,0,0.978,0
103256.67,12,33,80000,2,0,0.813,0
780.0,8,45,180000,1,20,0.001,1
5060.33,10,32,80000,2,0,0.024,0
72306.33,12,35,65000,1,0,0.625,0
8845.67,8,44,10000,3,20,0.429,0
140471.33,12,53,100000,1,20,0.691,1
3830.67,2,39,140000,1,0,0.027,0
1185.0,2,27,50000,1,0,0.0,0
1107.33,8,37,80000,2,0,0.006,0
46570.67,12,23,30000,2,0,0.761,0
85791.33,12,35,45000,2,0,0.93,0
5227.67,10,43,180000,1,0,0.011,0
87041.0,12,27,75000,1,0,0.573,0
17959.67,12,22,25000,3,0,0.374,0
18966.33,10,38,10000,2,0,0.899,1
3911.33,10,32,70000,1,0,0.005,0
10697.0,12,30,190000,1,0,0.0,0
444281.0,10,63,240000,1,20,0.879,0
41766.33,12,22,25000,3,0,0.894,1
57022.67,10,26,30000,2,20,0.945,0
1860.0,4,24,35000,2,0,0.08,0
4082.0,12,36,40000,2,0,0.076,0
1235.67,12,52,175000,1,0,0.002,0
129920.0,10,38,65000,2,0,1.0,0
103.0,0,35,180000,2,10,0.0,0
106634.67,8,31,165000,1,20,0.321,0
14382.33,12,47,25000,3,20,0.265,0
136339.33,8,41,140000,2,30,0.485,0
53099.0,12,24,50000,1,0,0.521,0
19522.67,12,41,25000,2,0,0.38,0
18149.33,8,24,15000,1,30,0.607,1
326.0,12,28,120000,1,0,0.001,0
15384.0,12,26,40000,2,20,0.175,1
13731.0,12,34,200000,2,0,0.049,0
51571.33,12,38,120000,2,0,0.209,0
46977.67,10,37,25000,3,30,0.92,1
0.0,0,40,225000,1,10,0.0,1
0.0,0,48,55000,1,10,0.0,0
307516.0,12,35,155000,2,20,0.984,1
19125.0,10,27,10000,1,0,0.956,0
0.0,0,23,10000,2,10,0.0,0
102877.33,12,52,100000,3,0,0.551,0
126478.67,12,36,90000,1,0,0.91,1
3916.33,12,51,25000,2,0,0.067,1
59738.33,12,55,30000,3,30,1.0,0
4384.33,12,23,15000,1,10,0.133,0
2006.0,10,41,120000,1,10,0.0,0
243415.33,12,34,210000,2,0,0.603,0
228584.0,12,46,165000,3,0,0.689,0
27103.0,8,22,15000,2,0,0.948,0
12130.0,8,34,120000,2,20,0.044,0
19595.33,12,27,75000,1,0,0.116,0
7985.0,12,33,105000,2,0,0.034,0
2310.67,4,51,25000,3,0,0.015,1
50176.67,12,24,25000,1,0,1.0,0
0.0,0,47,120000,1,10,0.0,1
888.0,10,28,90000,2,0,0.01,0
13849.0,12,23,25000,2,20,0.203,0
10719.67,12,29,85000,2,0,0.072,0
5709.67,12,29,10000,1,0,0.06,0
6075.67,10,28,25000,1,30,0.1,0
20144.67,10,27,85000,2,0,0.113,1
155499.0,12,34,100000,1,20,0.986,0
9965.0,8,23,40000,2,30,0.115,0
6400.0,6,60,130000,1,10,0.0,0
77701.67,10,32,70000,2,20,0.619,0
47221.33,12,25,40000,1,0,0.531,0
1371.33,6,41,175000,1,10,0.001,0
174460.67,12,56,140000,2,0,0.746,0
10282.33,12,26,15000,3,0,0.3,0
28022.0,12,34,70000,1,0,0.171,0
99311.0,12,37,100000,1,0,0.527,0
193899.33,12,30,100000,3,0,0.98,0
122845.33,12,45,105000,3,60,0.551,1
12887.67,10,57,25000,3,30,0.257,0
26176.0,8,41,15000,1,20,0.812,0
520.0,10,27,25000,2,20,0.008,0
675.33,10,47,145000,3,0,0.004,0
149974.0,10,34,125000,1,20,0.565,0
23286.33,12,46,30000,2,0,0.352,0
103763.33,12,27,55000,1,0,0.924,0
9809.0,12,50,185000,1,0,0.016,0
86006.67,10,27,50000,2,20,1.0,0
73830.67,10,35,45000,2,20,0.801,0
28832.67,12,22,25000,2,0,0.561,0
33875.33,12,37,135000,2,0,0.14,0
1322.67,10,30,150000,1,0,0.002,0
11830.0,10,22,25000,2,0,0.171,0
709.0,0,24,25000,1,10,0.0,1
25.67,2,29,180000,1,10,0.0,0
65959.0,8,56,65000,3,30,0.497,1
2295.67,10,30,40000,1,0,0.077,0
48341.33,8,30,25000,2,20,0.977,0
13948.0,12,22,10000,2,0,0.8,0
79981.33,10,29,40000,2,20,0.974,0
21373.67,8,37,120000,1,20,0.051,0
25631.0,12,35,40000,3,0,0.62,0
92459.33,12,47,250000,1,0,0.113,0
54918.0,12,24,30000,2,0,0.967,1
11796.33,10,25,10000,2,0,0.532,0
14589.0,8,38,50000,2,20,0.145,1
21660.0,12,32,180000,1,10,0.007,0
198773.0,10,47,100000,3,20,0.997,1
5222.0,12,34,65000,2,10,0.0,0
21417.0,4,31,10000,2,50,1.0,0
61383.33,12,32,155000,1,0,0.193,0
20547.0,10,27,30000,1,20,0.327,1
3861.67,8,29,90000,1,0,0.063,0
19346.33,4,24,90000,1,20,0.082,0
28051.33,12,36,25000,2,0,0.956,0
37011.33,10,24,25000,1,20,0.723,1
0.0,4,34,75000,2,0,0.0,0
19021.33,12,22,10000,1,0,0.928,0
949.67,12,34,250000,1,0,0.001,0
28796.0,8,22,15000,3,20,0.967,1
250.0,0,38,90000,1,0,0.004,0
24135.67,8,31,70000,1,20,0.194,0
14808.33,12,26,70000,1,0,0.096,0
110542.67,12,26,60000,2,0,0.894,0
230833.33,12,48,180000,2,0,0.629,0
13605.0,12,43,10000,3,0,0.011,0
751.0,10,47,50000,1,0,0.004,0
1672.33,10,41,105000,2,0,0.015,1
80926.0,12,24,40000,2,0,1.0,1
5354.33,10,50,165000,1,0,0.027,0
108681.33,8,24,110000,1,0,0.48,0
83.33,8,38,105000,1,10,0.0,1
38420.33,12,43,20000,3,0,0.956,0
24947.67,10,39,15000,2,20,0.945,0
302578.67,10,27,235000,2,20,0.631,0
390.0,8,42,15000,3,20,0.013,0
946.0,0,36,120000,2,10,0.0,1
78771.0,12,36,40000,2,20,0.991,0
84502.0,12,31,55000,3,0,0.818,0
2030.67,4,38,155000,1,0,0.005,0
110930.67,10,40,180000,1,20,0.292,1
335225.67,12,45,165000,3,0,1.0,0
264838.67,12,35,150000,2,0,0.972,0
98095.67,12,33,160000,2,0,0.286,0
51122.67,10,37,25000,3,30,1.0,1
130156.33,12,28,85000,1,0,0.767,0
2605.0,6,44,175000,3,0,0.009,0
17289.33,12,37,10000,2,0,0.823,0
47443.33,12,23,25000,2,20,0.995,1
18184.0,8,24,10000,3,20,0.958,0
33939.0,12,24,25000,1,0,0.702,0
18074.33,8,23,10000,2,20,1.0,1
34266.67,8,26,25000,2,0,1.0,0
131854.33,10,34,95000,2,20,0.683,1
38501.33,12,33,30000,2,0,0.97,0
6271.0,12,35,40000,1,0,0.1,0
96333.0,12,27,75000,2,0,0.849,0
2954.0,10,31,105000,1,0,0.007,0
226838.67,12,50,120000,3,0,0.976,1
21331.33,12,41,70000,2,0,0.138,1
14050.33,2,28,30000,1,20,0.358,0
47926.0,12,39,25000,1,0,0.943,0
27685.0,12,27,25000,2,0,0.533,0
3937.67,6,32,90000,1,20,0.017,0
165.33,8,40,15000,1,20,0.005,0
20104.67,6,40,10000,2,0,0.991,0
18680.33,12,75,125000,2,0,0.211,0
34086.67,10,27,50000,2,0,0.378,0
46686.67,12,25,165000,1,20,0.14,0
22401.33,12,46,25000,3,0,0.714,0
50407.33,12,26,25000,2,20,1.0,0
29301.33,8,28,15000,2,0,0.975,0
103859.33,12,26,70000,2,0,0.725,1
48691.33,12,28,80000,1,0,0.439,0
8234.67,12,29,200000,2,0,0.049,0
28517.67,12,25,25000,2,0,0.554,0
1083.0,12,48,70000,2,0,0.008,0
6697.33,10,33,80000,2,0,0.05,0
20723.33,0,43,50000,3,0,0.622,0
208584.67,12,48,110000,1,20,0.956,1
95143.67,12,29,255000,1,0,0.154,0
38979.67,12,29,25000,2,0,0.986,0
5035.33,10,38,80000,1,20,0.028,0
17699.33,6,37,115000,1,0,0.01,0
5450.0,12,37,40000,1,0,0.126,0
2052.0,8,25,75000,2,0,0.041,0
7938.0,10,23,5000,3,20,0.697,0
84187.33,10,49,65000,3,0,0.685,1
34318.0,12,48,20000,1,0,0.872,0
14272.0,10,27,25000,2,30,0.274,1
40840.67,12,32,50000,3,0,0.7,0
1021.33,4,34,60000,1,20,0.009,0
0.0,0,58,130000,1,10,0.0,1
12709.67,12,33,100000,2,0,0.056,0
0.0,0,28,180000,2,0,0.0,1
68731.67,12,36,35000,2,0,0.981,0
957.67,6,40,230000,1,20,0.0,1
596.0,12,26,25000,1,0,0.023,0
50658.33,12,33,25000,3,0,1.0,0
100937.33,12,31,125000,2,0,0.412,0
1544.67,6,27,15000,1,0,0.05,0
109787.33,12,44,135000,2,0,0.472,0
154706.33,12,30,90000,3,0,0.911,0
52916.67,12,28,50000,1,0,0.535,0
125354.67,12,32,115000,3,0,0.848,0
58068.67,12,46,105000,1,0,0.525,0
62025.0,12,38,105000,1,20,0.288,0
170714.0,12,46,220000,2,0,0.411,0
70899.67,12,25,50000,2,20,0.709,1
9752.0,12,46,120000,2,0,0.036,0
707.0,10,33,140000,1,0,0.003,1
0.0,0,22,25000,2,10,0.0,1
2074.67,6,43,15000,2,30,0.057,0
8934.0,10,27,5000,2,20,0.702,1
0.0,2,29,65000,1,10,0.0,0
192663.0,12,31,100000,1,0,0.972,0
1507.33,10,29,60000,2,0,0.014,0
143545.33,12,36,105000,2,0,0.682,0
60998.67,12,36,140000,1,0,0.211,0
4333.67,6,34,150000,1,10,0.0,1
88205.33,12,37,50000,2,0,0.992,0
0.0,2,36,220000,1,0,0.0,0
37752.67,12,40,25000,3,0,0.999,0
18117.33,10,25,10000,1,20,0.598,1
832.0,12,27,100000,1,0,0.004,0
3118.67,6,26,55000,2,0,0.004,0
11479.67,6,36,250000,2,0,0.021,0
1738.33,2,27,150000,2,10,0.0,0
10557.33,12,55,15000,3,40,0.324,1
16338.0,10,27,30000,1,0,0.347,0
2883.67,12,38,200000,2,0,0.009,0
145558.67,12,34,90000,2,0,0.796,0
13746.33,8,40,10000,1,20,0.547,0
53228.0,8,49,100000,3,20,0.262,1
47235.33,12,27,50000,1,0,0.557,0
39033.67,12,23,30000,2,0,0.825,1
49032.0,12,36,55000,2,0,0.435,0
230.33,12,53,130000,3,10,0.0,0
42997.67,12,46,25000,3,30,0.97,0
2.0,0,29,90000,2,10,0.0,0
55622.67,10,29,55000,2,20,0.531,1
172867.0,12,27,170000,1,0,0.506,0
2568.33,12,24,25000,2,0,0.028,0
15429.0,12,28,115000,2,0,0.115,1
92972.33,12,32,180000,2,0,0.258,0
12671.0,10,43,105000,2,10,0.0,0
541.67,8,41,110000,2,20,0.003,1
26702.33,8,34,30000,2,20,0.415,1
34453.67,12,55,170000,2,0,0.148,0
100835.0,10,40,75000,1,20,0.666,0
171.67,10,37,100000,2,20,0.0,1
11278.67,10,40,65000,2,20,0.074,1
10669.67,10,28,30000,1,20,0.176,0
0.0,4,43,200000,2,10,0.0,0
19772.67,12,27,10000,1,0,1.0,0
147437.33,12,28,95000,1,0,0.755,0
159038.67,12,30,130000,1,0,0.603,0
130.0,0,31,70000,2,0,0.003,0
47967.67,12,31,25000,2,0,0.93,1
4575.33,12,34,60000,1,0,0.007,0
92.0,8,30,120000,2,0,0.0,0
5403.67,6,36,25000,2,0,0.118,0
2474.33,8,29,100000,1,20,0.012,0
266169.0,10,39,90000,1,0,1.0,0
138062.67,12,26,90000,1,0,0.808,0
102.33,8,29,80000,1,0,0.019,0
3240.33,12,26,50000,2,0,0.014,0
48935.33,12,29,25000,2,0,0.942,1
138774.33,12,31,70000,2,0,0.987,0
19009.33,12,26,15000,2,0,0.596,1
20513.67,8,26,45000,1,0,0.435,0
8165.67,10,36,100000,1,10,0.0,0
0.0,0,30,190000,1,10,0.0,1
71220.0,12,43,40000,2,0,0.963,0
17580.33,10,58,25000,3,20,0.318,0
28583.67,12,45,90000,2,0,0.154,1
131493.67,12,26,120000,2,0,0.589,0
189170.67,12,34,190000,2,0,0.511,0
80076.67,12,24,55000,4,0,0.761,0
33668.67,12,34,130000,1,0,0.191,0
505630.33,10,23,250000,2,40,1.0,1
71495.0,12,30,160000,2,0,0.223,0
44679.0,8,32,25000,2,40,0.915,0
688.67,8,40,55000,1,10,0.0,1
486.67,12,35,115000,1,0,0.003,0
999.67,10,56,165000,2,10,0.0,0
49012.67,12,61,25000,2,0,0.943,0
2599.67,4,24,5000,2,20,0.289,0
0.0,0,40,150000,1,10,0.0,0
20114.67,10,32,10000,2,30,1.0,1
27846.0,0,36,90000,2,20,0.464,1
6054.0,12,30,80000,1,0,0.001,0
37613.33,8,34,45000,1,20,0.381,0
22545.67,10,54,15000,3,0,0.766,0
174363.33,12,46,90000,1,0,0.963,0
20180.0,12,58,15000,3,0,0.638,0
20441.33,8,43,15000,2,20,0.684,0
10962.67,12,28,70000,1,0,0.077,0
61717.0,12,30,105000,1,0,0.333,0
16916.0,12,31,25000,2,0,0.411,1
83594.0,12,29,65000,2,0,0.685,0
2825.0,12,37,25000,2,20,0.038,1
90156.0,12,36,70000,3,0,0.719,0
4147.33,10,28,85000,2,20,0.017,1
27323.67,8,25,40000,2,0,0.283,0
341824.67,12,42,205000,4,0,0.825,0
26666.67,2,29,40000,1,10,0.0,0
65883.33,12,73,40000,3,20,0.789,1
154607.0,12,43,75000,2,0,1.0,0
668.0,8,30,130000,1,0,0.004,1
0.0,0,38,175000,1,10,0.0,0
23967.67,12,39,140000,2,10,0.0,1
94502.0,12,44,155000,2,0,0.335,0
18691.33,12,29,70000,2,0,0.144,0
21000.0,2,51,180000,1,0,0.106,0
143495.0,12,27,70000,1,0,1.0,0
41938.0,8,38,50000,1,0,0.408,0
0.0,4,22,25000,2,0,0.0,0
106419.33,12,30,105000,2,0,0.499,0
117002.33,8,25,60000,2,20,1.0,0
129272.0,12,29,120000,1,0,0.652,0
32836.67,12,42,30000,3,0,0.689,0
1310.67,8,41,75000,1,20,0.01,1
28185.0,12,48,15000,2,0,0.929,0
161341.33,8,29,80000,1,20,1.0,1
3319.33,8,52,100000,1,0,0.019,0
15956.33,2,25,60000,2,0,0.221,0
476551.67,12,37,250000,1,20,1.0,0
59167.0,12,27,160000,1,0,0.174,0
174892.67,12,31,140000,1,0,0.601,0
29571.33,10,23,30000,1,20,0.489,1
63.33,4,38,100000,1,0,0.001,0
936.33,8,32,115000,1,10,0.0,0
13150.0,10,27,115000,2,20,0.059,1
80497.33,12,41,240000,3,0,0.031,0
9166.67,4,35,25000,3,0,0.45,0
7708.67,8,31,100000,1,0,0.036,0
16119.67,10,30,25000,1,20,0.296,0
41008.33,12,48,25000,2,0,0.887,0
0.0,0,36,130000,1,10,0.0,1
26443.0,10,24,15000,1,20,0.842,0
165126.67,12,29,220000,1,0,0.386,0
4794.0,10,38,115000,2,0,0.045,0
104521.67,8,38,100000,2,20,0.525,1
197406.33,12,30,245000,2,0,0.393,0
3754.0,0,32,40000,2,0,0.141,0
11573.0,10,49,10000,3,20,0.478,1
199.0,10,31,85000,1,0,0.001,1
68418.67,12,27,35000,1,0,1.0,0
169969.67,12,33,105000,2,0,1.0,0
78955.67,12,25,45000,2,0,1.0,0
301763.67,12,27,195000,1,0,0.782,1
49360.67,12,29,55000,1,0,0.437,0
162692.0,12,36,290000,1,0,0.275,0
11642.0,6,55,180000,3,0,0.026,0
232358.0,8,32,135000,2,20,0.869,1
4690.67,6,27,30000,1,20,0.235,0
62156.0,12,37,55000,3,0,0.562,0
49317.33,12,25,25000,1,0,1.0,0
69370.33,12,23,40000,1,0,0.963,1
366.67,12,23,25000,2,0,0.007,0
85568.67,10,32,50000,1,20,0.838,0
315.0,6,26,15000,1,10,0.0,0
124643.67,12,27,100000,1,0,0.615,0
237378.33,12,44,120000,1,0,1.0,1
33287.33,12,34,110000,2,0,0.17,0
114646.33,12,28,80000,1,0,0.915,0
25582.67,8,53,90000,1,0,0.256,0
36354.33,10,42,100000,4,0,0.193,0
92179.33,10,30,70000,3,20,0.688,0
0.0,0,51,190000,1,10,0.0,1
465238.33,10,53,300000,1,20,0.779,1
185021.67,12,37,130000,2,0,0.983,0
52802.67,12,26,100000,1,0,0.784,0
61628.0,12,42,40000,2,0,0.977,0
31338.0,12,39,20000,2,0,1.0,0
71512.67,6,39,65000,3,20,0.546,0
24477.0,6,32,25000,1,0,0.479,0
8151.67,12,41,115000,2,0,0.004,0
40942.33,10,48,35000,2,0,0.728,1
154393.33,12,38,90000,2,0,0.847,0
5343.0,12,36,40000,2,0,0.021,0
73555.67,12,26,145000,2,0,0.072,0
90633.0,12,28,115000,1,0,0.131,0
663.67,6,56,85000,3,10,0.0,0
206201.0,12,59,115000,1,0,0.906,1
212199.0,12,38,110000,1,0,0.967,1
27040.0,12,32,115000,2,0,0.122,0
52854.67,12,38,250000,2,0,0.119,0
5208.0,12,41,45000,1,0,0.068,0
363907.0,12,35,195000,3,0,0.911,1
371613.67,12,41,200000,2,0,0.915,0
2285.67,12,34,90000,2,0,0.016,0
30211.33,10,38,30000,3,20,0.488,0
2280.0,8,32,60000,2,0,0.035,0
28164.67,12,29,30000,2,0,0.453,0
36220.33,12,44,25000,1,0,1.0,0
69310.33,10,37,35000,2,20,0.954,0
467.0,10,38,250000,1,20,0.001,0
0.0,0,31,100000,1,0,0.0,0
90944.0,8,40,125000,2,20,0.18,0
139254.0,10,26,70000,2,20,0.938,1
40316.67,8,28,35000,2,20,0.589,0
74085.0,12,48,45000,3,20,0.862,0
1591.33,12,43,50000,2,0,0.025,0
177033.67,12,31,95000,2,0,0.934,0
11713.67,8,42,115000,1,0,0.03,0
92290.0,12,39,160000,2,0,0.293,0
945.33,10,36,110000,2,0,0.002,1
9059.0,12,34,130000,1,0,0.063,0
191.0,2,32,45000,2,0,0.006,0
26449.0,10,43,15000,2,20,0.957,0
140547.33,12,30,130000,2,20,0.379,0
15409.33,4,28,85000,2,0,0.166,0
9348.67,12,28,40000,1,0,0.107,1
468.67,12,41,25000,1,0,0.01,0
200197.67,12,47,100000,3,0,1.0,0
18396.67,10,23,10000,2,20,0.822,0
22.0,6,49,125000,1,0,0.0,0
17916.33,10,38,10000,1,20,0.796,0
21528.67,10,38,15000,2,20,0.678,0
24557.67,6,35,45000,2,20,0.257,0
226429.67,12,46,115000,4,0,0.963,0
20803.0,4,33,65000,1,0,0.147,1
0.0,0,53,15000,4,0,0.0,0
396.0,8,35,80000,1,0,0.002,0
96365.67,10,43,250000,2,0,0.008,0
39225.0,10,28,90000,2,20,0.235,0
16237.0,10,30,40000,2,20,0.269,0
294.67,2,26,60000,1,0,0.007,0
1261.0,10,31,65000,2,20,0.01,0
240.0,12,35,60000,2,0,0.002,1
25721.0,12,28,180000,1,0,0.056,0
30562.67,12,23,25000,2,20,0.59,1
19382.67,12,23,10000,2,20,0.918,0
77809.33,12,56,50000,3,0,0.943,0
68518.67,12,32,35000,3,0,0.982,0
17310.67,12,47,25000,2,0,0.278,0
9777.67,10,22,5000,2,20,1.0,0
98206.0,12,34,145000,1,0,0.324,0
17516.33,12,31,15000,1,0,0.55,0
23132.67,12,27,205000,2,10,0.0,0
22224.67,12,28,180000,1,0,0.003,1
97719.33,12,42,70000,2,0,0.796,1
69266.67,12,32,105000,1,0,0.321,0
5125.0,10,27,110000,2,0,0.008,0
18585.0,8,27,10000,2,20,0.932,0
159372.0,10,45,310000,2,20,0.259,1
8.0,4,26,180000,1,10,0.0,0
15648.0,6,21,10000,2,20,0.938,0
24145.0,12,23,25000,2,0,0.691,0
54747.67,12,30,25000,2,0,1.0,0
5536.67,8,46,5000,2,20,0.407,1
56817.67,10,50,50000,3,30,0.538,1
2601.0,8,26,25000,1,0,0.048,0
1928.33,12,25,30000,2,0,0.008,0
314209.33,12,35,220000,1,0,0.752,0
87346.67,10,44,60000,2,0,0.767,0
2474.33,4,52,25000,1,0,0.065,0
93103.67,12,40,55000,2,20,0.842,0
133.0,6,38,100000,1,0,0.002,0
0.0,2,28,75000,1,10,0.0,0
28367.67,8,36,15000,2,30,0.959,1
30252.0,12,24,50000,1,0,0.301,0
15463.0,10,34,180000,1,0,0.034,0
46025.67,12,31,195000,1,0,0.13,0
65.0,0,41,110000,1,10,0.0,1
0.0,0,25,80000,2,0,0.0,0
6504.0,12,28,115000,1,0,0.01,0
49332.33,12,27,60000,1,0,0.437,0
5714.33,10,52,50000,3,20,0.047,1
14901.33,6,41,95000,1,0,0.148,1
43324.33,12,56,25000,1,0,1.0,1
2123.33,2,42,120000,1,10,0.0,0
36451.67,12,24,20000,2,0,0.882,0
35748.0,10,47,315000,2,0,0.06,0
4150.0,12,33,80000,1,0,0.033,0
72793.33,12,32,55000,2,20,0.594,0
11875.67,2,29,10000,2,0,0.86,0
58440.67,10,53,105000,3,0,0.272,0
11174.0,12,34,135000,1,0,0.021,0
915.67,8,52,180000,2,0,0.002,0
1726.33,12,42,30000,2,0,0.011,0
94232.67,12,38,180000,2,0,0.301,0
233.67,12,45,195000,1,20,0.002,0
5818.0,12,35,125000,3,0,0.029,0
14383.0,12,24,45000,1,0,0.146,1
3672.33,12,28,180000,1,0,0.02,0
32098.67,12,26,25000,3,0,0.709,0
8152.33,2,40,135000,1,0,0.069,0
23015.0,10,29,100000,1,10,0.279,0
46200.67,12,23,25000,2,0,0.996,0
7118.67,4,33,175000,1,0,0.031,0
3124.33,8,60,80000,2,0,0.02,1
3432.67,12,49,40000,3,0,0.042,0
281380.67,12,53,145000,1,20,0.964,1
2213.67,12,28,135000,1,0,0.002,0
15508.33,8,31,40000,1,20,0.075,0
5942.33,12,36,25000,2,0,0.104,0
6415.33,8,35,15000,2,0,0.26,0
260.0,2,28,15000,2,10,0.0,1
30808.33,12,33,45000,2,0,0.398,0
11812.33,12,26,80000,1,0,0.009,0
78077.33,12,53,40000,3,0,0.972,0
50103.0,8,42,25000,2,0,1.0,0
15552.67,10,25,10000,1,20,0.73,0
0.0,0,43,110000,1,10,0.0,1
18075.67,10,25,105000,3,20,0.042,1
131825.0,12,29,65000,2,0,1.0,0
30465.33,12,31,130000,2,0,0.022,0
26804.67,12,30,115000,1,0,0.132,0
84109.33,12,34,80000,1,0,0.52,0
18308.0,12,35,25000,1,0,0.7,0
46563.67,12,32,40000,2,0,0.609,0
57873.0,12,46,55000,3,0,0.515,0
140639.67,12,43,100000,1,0,0.723,0
263816.33,12,29,180000,2,0,0.745,0
0.0,0,31,105000,3,10,0.0,0
71060.0,12,24,40000,2,20,0.991,0
3107.33,8,36,150000,2,20,0.0,1
24237.67,12,43,155000,2,0,0.075,0
390.0,10,59,15000,3,0,0.013,1
18196.33,12,53,85000,1,0,0.105,0
27814.67,8,28,70000,2,20,0.189,0
0.0,2,31,90000,2,10,0.0,0
22988.67,6,34,25000,1,20,0.455,0
8974.33,6,36,25000,2,0,0.184,0
38663.33,10,24,55000,1,20,0.372,0
7214.67,10,36,225000,3,0,0.009,0
390.0,12,34,100000,2,0,0.002,0
29735.0,10,43,110000,1,0,0.201,0
1093.33,2,29,180000,1,0,0.009,1
47727.0,12,37,25000,2,0,0.965,0
30793.67,8,23,20000,2,20,0.916,0
117491.67,10,37,95000,2,20,0.606,0
22737.33,12,33,75000,1,0,0.145,0
0.0,4,37,100000,1,10,0.0,0
121984.33,12,56,135000,2,0,0.51,0
50202.33,12,25,30000,1,0,0.981,0
76899.0,12,39,100000,2,0,0.404,0
36613.67,12,39,75000,2,0,0.241,0
213.33,10,28,90000,2,0,0.002,0
2541.33,0,27,45000,1,0,0.085,0
0.0,6,37,180000,2,10,0.0,0
163.67,0,24,45000,1,0,0.005,0
13985.33,10,24,10000,2,20,0.658,0
55693.33,12,46,35000,1,0,0.858,0
660.0,12,39,115000,1,0,0.003,0
29138.67,12,48,15000,3,0,0.981,0
5155.67,12,45,100000,3,0,0.022,0
480.0,0,49,50000,3,0,0.014,0
28045.0,10,23,25000,2,20,0.536,0
13144.67,6,25,10000,3,0,0.83,0
0.0,0,47,105000,2,0,0.0,0
38855.67,12,56,55000,3,0,0.423,0
259.33,4,44,10000,3,0,0.028,0
6059.0,10,49,25000,3,0,0.113,0
21495.0,12,41,25000,2,0,0.44,0
22209.0,12,40,200000,1,0,0.15,0
57889.0,12,31,85000,2,0,0.332,0
149368.33,12,42,140000,2,0,0.53,0
66866.33,4,28,65000,3,0,0.77,0
50253.33,12,32,105000,2,0,0.22,0
221529.67,12,28,185000,2,0,0.747,0
22569.33,8,31,15000,2,20,0.983,0
170576.67,6,39,75000,3,10,1.0,0
23563.0,2,31,30000,3,20,0.589,1
73771.33,12,24,40000,2,0,0.97,0
186705.67,8,44,140000,2,20,0.665,1
20692.0,0,46,10000,2,80,1.0,0
366.67,4,32,135000,1,0,0.0,0
9888.0,12,26,120000,2,0,0.06,0
19461.0,12,22,10000,1,0,1.0,0
133.33,4,42,225000,1,10,0.0,1
8992.33,12,33,5000,2,0,0.818,0
3754.0,12,39,140000,2,0,0.007,1
15242.33,8,27,145000,3,0,0.048,0
48312.0,12,28,95000,1,0,0.247,1
37032.0,8,23,40000,1,0,0.666,0
634.67,10,28,140000,2,20,0.002,0
11562.33,12,33,80000,1,0,0.088,0
29260.33,6,40,45000,2,0,0.476,1
13678.0,4,37,70000,1,0,0.007,0
5789.0,12,22,25000,1,0,0.103,0
26102.67,10,32,20000,2,20,0.603,0
118742.33,12,43,65000,3,0,1.0,0
62672.33,10,27,35000,3,20,0.88,0
25498.67,12,35,15000,2,0,0.836,0
99232.33,6,35,50000,3,20,0.97,0
6985.0,8,30,10000,1,20,0.288,1
54578.0,10,34,15000,2,20,1.0,0
13976.67,12,34,10000,2,0,0.643,1
86834.0,12,28,50000,1,20,0.962,1
2400.0,0,25,15000,2,70,0.08,1
99807.33,12,41,160000,1,0,0.306,0
53571.67,6,42,45000,3,20,0.72,1
153921.33,12,40,95000,2,20,0.766,1
114018.0,12,28,100000,1,0,0.36,0
2922.33,10,31,150000,2,0,0.011,0
17690.0,12,56,15000,1,0,0.968,0
22667.67,12,45,55000,2,0,0.242,0
341.33,2,29,115000,1,0,0.0,0
5291.0,4,35,115000,1,0,0.019,0
109265.67,12,28,155000,2,0,0.343,0
242213.0,12,40,160000,1,0,0.773,0
59718.33,10,47,180000,1,0,0.004,0
504.0,10,41,10000,3,0,0.039,1
163615.33,12,27,85000,2,0,0.957,0
126120.0,12,40,70000,1,0,0.879,0
50279.0,12,32,40000,2,0,0.642,0
61202.0,8,35,75000,2,0,0.4,0
650.0,0,27,85000,2,20,0.007,0
149499.0,12,29,100000,2,20,0.797,1
57588.0,8,30,35000,1,20,0.795,0
14818.33,12,37,160000,2,0,0.136,0
0.0,0,29,75000,1,0,0.0,0
22700.67,12,34,25000,1,0,0.559,0
5430.67,0,34,45000,2,20,0.098,0
40276.0,12,41,140000,1,0,0.1,0
41015.33,10,31,150000,1,20,0.145,0
2745.0,6,40,200000,2,0,0.0,0
1996.67,10,27,100000,1,0,0.029,0
8715.33,4,22,5000,3,0,0.811,1
51302.0,8,30,25000,2,30,1.0,1
24971.33,6,22,15000,2,40,0.753,0
16645.33,12,26,25000,1,0,0.309,1
57795.0,12,38,25000,2,20,1.0,0
12454.33,6,46,15000,3,20,0.41,0
6147.67,6,24,10000,2,20,0.524,0
17426.33,10,49,10000,2,0,0.816,0
17994.67,12,49,25000,1,0,0.354,0
32901.0,12,42,15000,2,0,1.0,0
12318.67,6,30,180000,1,20,0.052,0
563.33,4,42,85000,2,10,0.0,0
544.67,8,31,200000,1,0,0.001,0
32830.0,12,49,25000,2,0,0.699,0
81161.0,12,27,80000,2,0,0.506,0
59048.0,10,33,35000,2,0,0.992,1
0.0,0,35,75000,1,10,0.0,0
43297.0,12,48,40000,2,0,0.565,0
25950.0,8,22,15000,2,20,0.796,0
8709.0,10,22,5000,2,0,0.796,1
2223.67,12,27,90000,1,10,0.0,0
9044.67,12,47,160000,1,0,0.029,0
27309.33,8,34,40000,2,20,0.324,0
8456.67,10,45,5000,2,20,0.714,1
12295.67,12,39,180000,2,0,0.036,0
722.33,6,33,225000,2,0,0.0,0
103906.0,12,29,165000,2,0,0.15,0
421.67,6,29,30000,1,20,0.009,1
11253.0,12,26,25000,3,0,0.199,0
155746.33,12,38,100000,2,0,0.764,0
846.0,2,34,60000,1,20,0.011,0
210.67,8,37,80000,1,0,0.002,0
42424.33,10,57,55000,2,0,0.419,0
14625.0,12,50,35000,3,0,0.391,0
101640.0,12,28,75000,3,0,0.677,0
112419.0,12,31,305000,1,0,0.234,0
93836.33,12,25,55000,1,0,0.844,0
20001.33,10,25,40000,2,20,0.217,1
89292.33,12,33,85000,2,0,0.646,0
2287.0,4,30,55000,1,0,0.01,0
57460.67,12,51,70000,1,0,0.405,0
43473.33,10,51,35000,1,20,0.615,0
24981.67,12,46,130000,2,0,0.113,0
22844.33,12,38,85000,3,0,0.125,0
12118.0,12,34,25000,2,0,0.216,0
276026.0,12,34,150000,3,0,0.936,1
390.0,10,31,75000,1,20,0.003,1
36995.67,4,25,25000,2,80,0.753,1
585.33,10,26,25000,2,10,0.0,0
86635.33,8,25,45000,1,20,0.941,0
45611.33,12,26,25000,2,0,0.961,1
42118.0,12,43,250000,2,0,0.087,0
1328.0,12,36,235000,2,0,0.002,0
112499.67,10,58,115000,2,0,0.479,0
8722.67,12,26,70000,2,0,0.029,0
7201.67,10,30,115000,2,20,0.042,1
20819.0,12,31,210000,2,0,0.06,0
31346.67,12,24,15000,2,0,1.0,0
36706.67,10,52,25000,2,20,0.867,1
65.67,2,24,70000,2,0,0.001,0
27205.67,10,35,130000,2,0,0.031,0
8231.33,4,29,45000,3,20,0.216,0
237594.33,12,33,120000,2,0,1.0,0
3263.67,12,35,255000,1,0,0.004,0
54051.33,12,35,55000,2,0,0.742,0
7568.67,12,28,105000,1,0,0.054,0
52.67,4,40,110000,2,0,0.001,0
2594.33,6,35,100000,1,0,0.011,0
13646.33,12,53,180000,2,0,0.03,0
316.0,12,44,130000,1,0,0.001,0
10357.0,12,33,10000,2,0,0.551,0
113985.67,12,32,60000,2,0,0.949,0
14815.0,6,33,25000,1,20,0.147,0
26680.67,8,26,30000,1,20,0.494,0
10278.0,12,26,100000,1,0,0.064,0
1050.0,8,26,10000,2,0,0.072,0
46556.67,12,32,25000,1,20,0.957,1
63.33,6,31,25000,2,20,0.0,0
42699.67,8,29,115000,1,20,0.177,0
1833.0,10,27,25000,2,20,0.016,0
81277.33,12,28,50000,1,20,0.796,1
830.0,2,42,105000,1,10,0.0,1
77888.67,10,32,115000,2,20,0.382,1
17857.0,2,26,250000,1,10,0.063,0
419.0,6,38,185000,1,0,0.003,0
1595.33,12,35,115000,1,0,0.012,0
12196.0,12,29,40000,2,0,0.149,0
40792.0,4,29,30000,2,0,0.918,0
25874.33,10,51,15000,2,20,0.846,0
79.33,6,27,35000,1,10,0.0,0
3474.33,2,32,205000,1,0,0.013,0
288.0,2,40,140000,3,10,0.0,0
47783.0,12,34,25000,1,0,0.935,0
82139.33,12,30,50000,2,0,0.971,0
0.0,0,29,115000,1,0,0.0,0
9578.33,6,22,25000,1,0,0.276,0
17154.0,10,48,50000,1,20,0.154,0
35711.33,12,35,105000,2,0,0.177,0
4790.0,8,37,200000,1,0,0.001,0
19982.0,6,25,10000,2,40,1.0,1
926.67,10,44,25000,3,0,0.04,0
4444.0,2,28,115000,1,0,0.029,0
12427.0,2,29,110000,2,0,0.141,0
23680.0,8,36,150000,1,0,0.084,0
3245.0,12,23,40000,2,20,0.012,0
18496.33,8,36,10000,3,20,0.838,1
32110.67,10,26,95000,1,20,0.163,0
26665.67,12,37,80000,2,0,0.017,0
73424.67,4,44,60000,1,20,0.584,0
103746.67,12,39,350000,1,0,0.142,0
0.0,2,24,70000,1,10,0.0,0
20822.0,8,29,150000,3,0,0.083,0
67288.33,10,33,60000,3,20,0.55,1
222170.33,10,39,140000,2,20,0.763,0
52028.67,10,51,35000,3,20,0.785,1
2550.0,8,24,10000,3,20,0.205,0
3266.67,12,45,75000,2,0,0.017,0
12983.0,12,30,30000,1,0,0.256,0
390.0,8,51,100000,3,0,0.004,0
48519.0,12,24,25000,2,20,0.977,1
49950.33,10,50,75000,2,20,0.369,0
20075.33,10,22,10000,1,0,1.0,0
11435.0,12,27,20000,1,0,0.276,1
3342.67,4,33,85000,2,10,0.0,0
26817.0,8,24,25000,2,20,0.542,0
8151.0,8,37,5000,2,20,0.876,0
67785.67,8,58,100000,2,0,0.015,0
24288.33,12,48,25000,2,0,0.419,0
2840.33,10,28,160000,1,0,0.006,0
23883.33,0,24,10000,3,80,1.0,0
89704.33,12,27,235000,2,0,0.324,1
4521.0,6,30,115000,3,0,0.002,0
16735.67,6,23,10000,1,0,0.862,0
1361.67,10,53,15000,3,0,0.053,1
23661.67,10,23,40000,2,20,0.286,0
16014.0,12,55,55000,2,0,0.137,0
83102.0,12,34,210000,2,0,0.212,0
0.0,0,43,250000,1,10,0.0,1
79521.67,12,22,40000,2,20,0.991,0
66461.33,12,31,175000,2,0,0.193,0
0.0,6,32,15000,2,0,0.0,0
0.0,4,33,55000,2,10,0.0,1
340780.67,12,39,250000,3,0,0.63,0
3943.67,12,38,245000,1,0,0.009,0
68297.33,6,34,150000,2,0,0.684,0
49463.0,10,42,25000,2,20,0.953,1
151741.33,8,37,75000,3,40,1.0,1
5617.33,4,57,40000,3,20,0.009,0
22058.67,8,23,20000,2,60,0.501,0
29709.33,10,32,15000,2,20,0.97,0
10133.33,2,37,25000,1,0,0.608,0
44538.67,12,23,70000,2,0,0.32,0
7031.33,8,49,25000,3,0,0.1,0
23420.67,10,25,15000,2,0,0.899,0
28677.0,8,29,20000,1,20,0.662,1
51402.67,10,43,50000,3,20,0.505,1
132243.0,12,29,65000,2,0,1.0,0
19841.33,4,27,10000,2,0,1.0,0
0.0,0,26,25000,1,0,0.0,0
14258.33,12,41,130000,1,0,0.004,0
2450.0,0,52,15000,3,70,0.082,1
11622.0,12,31,5000,2,0,1.0,0
44548.67,12,32,100000,1,0,0.218,0
28848.33,12,46,15000,2,0,0.941,0
80827.67,2,35,90000,2,0,0.663,0
9703.0,2,35,50000,1,0,0.291,0
90013.0,12,39,70000,2,0,0.751,0
313178.67,12,34,145000,2,0,1.0,0
15611.67,12,52,10000,2,0,0.73,0
37068.67,12,40,40000,3,0,0.446,0
8115.33,12,38,250000,3,0,0.027,0
4996.33,12,45,90000,1,0,0.025,0
1112.0,10,40,10000,3,0,0.147,0
30158.67,10,25,15000,2,20,1.0,0
50130.0,12,33,75000,1,0,0.302,0
4026.0,10,27,140000,2,0,0.021,0
22777.33,12,43,25000,2,0,0.472,0
16331.0,10,43,10000,2,20,0.765,0
5399.33,10,30,100000,1,0,0.025,0
0.0,0,49,105000,2,10,0.0,1
211943.67,12,38,115000,1,0,0.974,0
48164.0,12,57,25000,3,0,0.958,0
35653.67,12,55,25000,3,0,1.0,1
51483.33,12,23,35000,2,0,0.709,0
1492.0,12,30,155000,1,0,0.005,0
6379.0,12,30,90000,2,0,0.014,0
22211.0,10,24,45000,2,20,0.271,0
140821.0,12,28,195000,2,0,0.383,0
575.67,10,34,75000,3,0,0.005,0
14853.0,12,37,200000,2,20,0.034,0
21885.33,6,32,40000,2,0,0.355,0
153076.67,12,27,160000,1,0,0.43,0
79.33,0,37,120000,2,0,0.001,1
100.0,12,31,100000,1,0,0.0,0
93238.67,6,55,55000,1,30,0.842,1
131840.67,8,28,85000,1,20,0.776,1
12334.67,10,51,45000,3,20,0.126,1
7102.67,8,36,100000,1,0,0.019,0
833.33,2,30,180000,1,0,0.0,0
1345.33,2,36,70000,1,0,0.029,0
147918.0,12,25,110000,2,0,0.765,0
51656.67,0,50,50000,3,0,1.0,0
58621.33,10,40,40000,2,20,0.717,0
29186.0,6,27,15000,2,20,0.926,0
4339.33,6,30,25000,1,20,0.084,1
13009.67,8,26,60000,2,0,0.187,0
9333.67,8,27,25000,1,0,0.14,0
58470.0,12,27,180000,1,0,0.222,0
90590.67,12,25,45000,1,20,0.956,0
355830.67,12,32,250000,1,0,0.773,0
69950.67,12,46,70000,3,0,0.486,0
21470.67,2,45,15000,3,20,0.573,0
20784.0,12,30,35000,3,0,0.284,0
0.0,2,39,100000,1,0,0.0,0
50526.0,12,48,175000,1,0,0.157,0
0.0,0,32,60000,1,10,0.0,1
448602.0,12,46,120000,1,0,1.0,0
25450.0,12,23,45000,1,0,0.246,0
0.0,4,33,130000,1,10,0.0,0
29148.33,10,24,25000,1,20,0.545,0
13061.67,12,40,55000,1,0,0.077,0
855.0,8,24,10000,1,20,0.069,0
28126.0,8,24,15000,2,0,0.913,0
13373.33,2,27,90000,1,20,0.063,1
6938.0,12,46,10000,2,0,0.295,0
50013.67,12,22,25000,2,0,1.0,0
14623.33,12,36,90000,1,0,0.06,0
2063.0,12,34,100000,1,0,0.006,0
59153.33,12,24,130000,2,0,0.263,0
32613.67,12,60,160000,1,0,0.031,1
949.0,6,29,80000,2,20,0.012,1
9503.67,8,32,15000,2,20,0.262,1
17676.33,12,36,25000,2,0,0.338,0
9921.33,4,30,25000,2,0,0.421,0
51162.0,12,29,45000,2,0,0.529,0
8263.67,8,34,120000,1,20,0.049,0
16103.0,8,32,90000,2,20,0.086,1
8510.0,12,32,100000,2,0,0.026,0
34755.67,10,25,25000,1,20,0.851,0
1261.0,12,44,25000,2,0,0.025,0
2729.33,6,37,165000,1,0,0.014,0
1200.0,0,24,40000,2,50,0.015,1
3280.33,10,23,25000,2,0,0.076,0
8344.0,10,29,180000,1,0,0.044,0
207999.33,12,37,120000,2,0,0.913,0
48356.0,12,59,25000,2,0,0.941,0
163927.67,12,33,235000,2,0,0.405,0
1708.33,10,51,80000,3,20,0.012,0
11012.0,8,27,15000,1,0,0.43,1
78499.67,12,32,40000,2,0,1.0,0
47104.67,10,42,250000,3,0,0.022,0
2631.67,8,39,90000,2,0,0.017,0
2240.67,12,46,55000,2,0,0.022,0
47953.67,8,41,80000,1,20,0.732,0
20468.67,12,30,105000,2,0,0.104,0
6824.67,10,34,100000,1,0,0.031,1
17480.67,12,35,175000,1,0,0.013,0
3212.67,8,41,125000,1,0,0.005,1
5360.33,2,43,190000,1,20,0.022,1
396.0,8,47,15000,2,0,0.013,0
31901.0,12,31,100000,2,0,0.169,0
28706.67,12,30,15000,2,0,0.928,0
10318.33,12,24,25000,2,0,0.299,0
293169.0,12,36,250000,1,0,0.59,0
436.67,4,28,15000,1,10,0.0,0
3069.67,12,36,110000,1,0,0.005,0
42686.67,12,27,10000,2,0,1.0,0
37095.67,10,32,90000,2,0,0.412,0
32984.0,12,42,150000,1,0,0.04,1
133021.67,12,33,65000,2,0,1.0,0
11677.0,8,39,90000,3,20,0.056,1
2915.0,8,30,75000,1,0,0.0,0
123006.0,12,30,70000,2,0,0.959,1
47418.67,12,22,25000,2,0,0.992,0
6990.67,6,25,10000,2,20,0.309,1
441.33,8,28,90000,1,0,0.004,0
7594.67,12,26,90000,2,0,0.031,1
146439.67,10,54,75000,3,20,0.992,0
64036.33,12,24,35000,1,0,0.913,0
33846.67,0,29,15000,2,80,1.0,0
48164.0,12,36,250000,1,0,0.09,1
42331.67,12,49,30000,3,0,0.747,0
50023.0,12,23,25000,1,0,0.997,0
2464.33,12,43,65000,3,10,0.008,1
130412.67,12,33,130000,2,0,0.518,0
0.0,0,53,190000,3,0,0.0,0
287160.33,8,25,180000,2,20,0.796,0
60186.67,10,54,25000,3,20,1.0,0
39389.67,12,39,25000,3,20,1.0,0
787.33,10,44,130000,1,20,0.005,1
58632.67,12,27,40000,2,0,0.717,0
172694.0,6,25,180000,1,0,0.777,1
0.0,0,29,145000,1,10,0.0,1
200.0,4,39,100000,1,0,0.0,0
40789.33,12,45,70000,1,20,0.284,0
0.0,0,38,180000,1,10,0.0,1
520.0,8,23,25000,2,0,0.016,1
111722.33,10,25,60000,2,20,0.945,0
86031.67,8,29,50000,2,0,0.945,0
59032.0,12,28,100000,2,0,0.409,0
1761.67,8,40,45000,2,0,0.055,0
0.0,0,36,180000,1,10,0.0,1
4513.33,6,30,75000,3,0,0.003,1
3200.33,12,29,70000,1,0,0.021,0
1813.0,4,36,100000,2,0,0.007,0
157337.67,12,37,85000,2,0,0.978,0
22793.0,6,34,15000,2,40,0.66,0
26666.67,0,27,40000,1,0,1.0,0
161988.67,12,31,140000,1,20,0.588,0
1805.0,12,31,205000,1,20,0.007,0
31326.0,12,38,225000,1,0,0.066,0
58532.33,12,36,40000,2,0,0.989,0
73642.0,4,46,180000,1,0,0.258,0
113567.0,12,36,65000,1,0,0.998,0
4451.0,6,26,80000,1,0,0.014,1
130412.67,12,57,70000,3,20,0.941,1
1145.0,8,40,120000,3,10,0.0,0
1382.67,0,45,90000,3,0,0.023,0
69895.33,12,57,35000,1,0,0.991,0
114822.67,12,25,75000,2,0,0.952,0
116475.0,10,37,105000,3,0,0.659,0
10902.0,12,35,100000,1,0,0.05,0
4015.67,12,33,155000,2,0,0.013,0
147213.0,12,38,90000,1,20,0.851,0
44283.67,12,31,150000,2,0,0.207,0
37233.0,12,41,225000,1,0,0.025,0
2217.0,8,33,100000,1,10,0.0,0
29049.67,8,67,15000,2,20,1.0,1
41778.67,10,40,200000,1,0,0.003,0
788.0,12,33,85000,1,0,0.004,0
434.67,10,31,70000,1,20,0.005,1
65543.33,12,35,100000,2,0,0.321,0
1930.0,4,39,30000,2,10,0.0,0
44133.33,8,27,30000,2,20,0.723,1
58070.33,12,23,75000,1,0,0.074,0
137152.67,12,54,90000,3,0,0.832,1
32753.67,12,23,25000,3,0,0.88,0
3671.67,10,24,25000,3,0,0.051,0
390.0,2,26,10000,2,0,0.004,0
2408.33,12,52,115000,2,20,0.006,1
52582.0,12,42,55000,2,0,0.503,0
79468.33,12,36,45000,1,0,1.0,0
19107.33,8,22,10000,1,20,0.812,1
24447.67,12,23,15000,1,0,0.895,0
168888.67,12,30,110000,3,20,0.737,1
45034.67,10,24,70000,3,20,0.306,1
2100.0,8,42,150000,1,0,0.01,0
31311.67,12,49,50000,2,20,0.347,0
279.0,2,31,55000,2,30,0.003,0
10000.0,12,33,135000,3,0,0.037,0
15106.0,8,42,15000,1,0,0.934,0
69511.67,12,41,35000,3,0,1.0,0
450.0,2,53,115000,2,20,0.006,0
18298.33,12,23,10000,2,0,0.943,0
104305.0,10,33,95000,1,20,0.606,0
14420.0,12,29,10000,2,0,0.794,0
20223.0,12,67,40000,3,0,0.253,0
19232.33,10,33,10000,3,20,1.0,1
11347.33,10,34,30000,3,20,0.165,1
9396.33,12,49,25000,2,0,0.215,0
283880.33,12,56,140000,2,0,1.0,1
85875.33,12,42,150000,1,0,0.401,0
29818.67,10,55,15000,3,20,0.976,1
154984.0,12,25,135000,2,0,0.08,0
71130.67,12,30,50000,3,0,0.876,0
291.0,12,43,120000,2,0,0.001,1
1898.0,12,40,100000,1,0,0.011,0
35030.0,12,35,55000,1,20,0.297,0
2476.0,12,61,115000,1,0,0.006,0
5270.67,12,44,75000,2,0,0.003,1
57161.0,12,33,175000,1,0,0.424,0
42210.33,12,66,180000,4,0,0.132,0
3148.33,8,40,75000,2,10,0.0,0
83352.67,12,47,50000,3,0,0.949,0
201131.67,12,27,250000,1,0,0.408,0
85009.33,12,35,250000,1,0,0.344,0
316.0,12,47,90000,3,0,0.002,0
2118.33,12,39,200000,3,10,0.006,0
50375.33,12,29,50000,2,0,0.614,0
8684.67,6,32,5000,2,20,0.842,0
35053.33,8,30,30000,1,20,0.579,0
47991.67,12,25,25000,1,20,0.941,1
55418.33,12,23,40000,2,0,0.716,0
109581.67,10,43,55000,2,20,0.987,0
362649.33,12,41,205000,2,0,0.865,1
114.0,2,40,130000,2,10,0.0,0
26793.33,12,35,15000,3,0,0.96,0
37906.67,12,28,155000,1,0,0.118,0
23601.0,12,38,35000,2,0,0.323,0
194273.33,12,31,125000,1,0,0.861,0
197314.33,10,29,105000,3,20,0.945,0
0.0,0,41,180000,2,10,0.0,1
47150.0,8,31,25000,2,20,0.973,0
239045.67,12,29,335000,1,0,0.365,0
19598.67,12,26,65000,1,0,0.018,0
0.0,4,42,85000,1,10,0.0,0
390.0,2,29,15000,3,0,0.013,0
38423.67,12,50,55000,1,0,0.335,0
10491.33,10,46,105000,3,20,0.028,1
25834.33,8,24,15000,2,20,0.808,1
18649.33,8,46,130000,2,20,0.07,0
1418.33,12,28,75000,3,0,0.011,0
19247.67,6,35,10000,2,30,0.932,1
36314.33,4,40,190000,1,0,0.017,0
2604.0,2,41,100000,1,0,0.039,0
2381.33,12,47,60000,2,0,0.01,0
78728.67,12,54,40000,2,0,0.962,1
18025.0,10,33,15000,2,20,1.0,0
85107.0,10,29,55000,2,20,0.761,0
1833.67,12,44,25000,3,0,0.068,0
79857.0,12,24,45000,2,0,0.935,0
51648.33,12,33,55000,1,0,0.115,0
39668.33,10,54,25000,3,0,0.772,0
4568.0,8,27,30000,1,0,0.198,0
82415.67,12,37,75000,2,0,0.536,1
14648.0,4,24,10000,1,20,0.937,0
150.0,0,54,70000,3,10,0.0,1
2880.33,10,34,60000,2,10,0.0,0
171875.0,12,40,100000,2,20,0.883,1
20639.0,4,30,10000,2,40,0.999,1
48906.0,10,26,25000,2,0,0.964,0
17791.67,12,41,100000,2,0,0.09,0
83228.67,12,29,50000,2,0,0.759,0
761.67,0,38,150000,1,0,0.008,0
20407.67,12,35,250000,1,0,0.045,0
2557.67,12,52,180000,2,0,0.008,0
0.0,0,29,80000,1,10,0.0,0
48665.67,10,23,25000,2,20,0.941,1
208628.0,12,34,115000,2,0,1.0,1
1115.33,8,34,100000,2,10,0.0,0
264206.67,8,44,135000,1,40,0.95,0
47413.33,8,36,25000,2,20,0.903,0
16215.33,8,28,10000,2,20,0.788,0
60646.33,10,31,30000,2,20,0.994,0
6897.67,8,31,25000,2,0,0.05,0
19949.67,12,41,25000,2,0,0.387,0
110848.33,10,44,65000,3,20,0.839,0
123743.0,12,47,115000,3,0,0.64,0
2509.67,8,25,10000,2,0,0.17,0
20016.0,8,25,15000,1,20,0.66,0
7378.67,12,39,100000,1,0,0.042,0
838.33,6,24,70000,2,0,0.018,0
97560.33,12,35,50000,2,20,0.988,1
132000.0,10,32,120000,2,20,0.531,1
2400.0,0,31,35000,1,70,0.034,1
63968.67,8,33,180000,1,20,0.198,0
146458.33,10,30,70000,1,20,1.0,0
2236.67,4,52,25000,2,20,0.041,0
1009.33,10,36,105000,2,0,0.002,0
182876.33,12,30,140000,1,20,0.684,0
51536.67,12,42,90000,2,20,0.28,1
7094.33,12,30,75000,1,0,0.071,0
19577.67,4,47,10000,3,20,0.987,0
8162.33,12,29,175000,2,0,0.025,0
12287.67,12,23,65000,1,0,0.029,0
0.0,2,39,235000,3,10,0.0,0
2719.0,6,48,170000,2,0,0.012,0
77758.0,8,26,40000,2,20,0.967,0
62668.0,4,33,35000,1,0,1.0,0
3529.0,12,44,115000,2,0,0.026,0
15698.0,8,36,90000,2,0,0.119,0
28800.0,12,39,105000,2,0,0.127,0
390.0,6,24,10000,2,0,0.039,0
129721.0,12,25,70000,2,20,0.983,0
113030.0,12,52,100000,1,0,0.579,0
40373.67,12,59,25000,3,0,0.956,0
4856.33,8,23,40000,1,0,0.044,0
3397.67,12,48,15000,3,0,0.048,0
12007.33,10,28,70000,1,20,0.066,1
1626.33,12,62,40000,3,0,0.016,0
9655.33,12,38,110000,3,0,0.091,0
666.0,12,32,90000,1,0,0.004,0
72537.33,12,29,70000,2,0,0.584,1
11740.0,10,25,90000,2,20,0.056,1
15553.67,12,35,25000,2,0,0.291,0
85375.0,12,27,85000,2,0,0.573,0
50514.67,12,38,25000,2,0,1.0,0
29284.0,12,24,25000,2,0,0.983,0
491.33,0,29,150000,2,0,0.006,0
356320.0,12,27,195000,1,20,0.991,0
82187.33,12,55,45000,2,20,0.911,1
194734.33,12,29,100000,1,0,0.971,0
373696.67,12,29,230000,1,0,0.891,0
4175.33,6,23,5000,2,0,0.371,0
2206.0,10,30,10000,2,0,0.063,1
1258.33,10,50,25000,2,0,0.025,0
74377.67,12,38,240000,2,0,0.188,0
173493.67,12,24,90000,1,0,0.94,0
4533.67,8,29,120000,1,0,0.013,0
4178.33,12,38,125000,1,0,0.002,0
2238.33,10,34,135000,2,0,0.001,1
51216.67,12,37,100000,1,0,0.617,0
100159.67,12,66,50000,3,0,1.0,0
593.0,12,39,80000,1,0,0.004,0
75280.67,12,45,40000,2,0,1.0,0
23779.33,10,44,65000,2,20,0.227,0
144881.0,12,44,170000,3,0,0.42,1
3845.33,4,36,180000,1,0,0.0,0
103890.33,12,40,60000,3,0,0.902,0
30520.67,12,29,60000,1,0,0.251,0
235478.0,12,48,150000,1,0,0.824,0
838.67,6,23,30000,2,20,0.042,0
106569.33,12,50,105000,2,0,0.508,0
128274.67,12,29,105000,2,0,0.999,1
21318.67,10,49,35000,3,20,0.3,1
22233.67,12,33,100000,2,20,0.253,0
54242.0,12,51,115000,2,0,0.225,1
14278.33,12,23,10000,3,0,0.184,1
206514.67,12,37,105000,1,0,1.0,0
390.0,12,26,80000,3,0,0.002,0
1311.67,12,30,145000,1,0,0.005,1
55326.67,12,26,40000,3,0,0.796,0
2407.33,6,43,180000,1,0,0.011,0
157605.67,12,32,115000,1,0,0.716,0
5343.33,6,54,180000,3,0,0.045,0
297182.0,12,30,170000,1,0,1.0,0
9569.67,12,22,25000,1,0,0.171,0
82605.0,12,38,40000,2,0,1.0,0
47936.0,12,24,25000,2,0,1.0,0
7786.0,8,24,15000,1,0,0.101,0
453.33,4,26,105000,1,0,0.006,0
3805.67,12,42,75000,2,0,0.022,1
13228.0,4,21,10000,2,0,1.0,0
12198.67,2,22,10000,3,0,0.981,1
1771.67,10,41,120000,3,0,0.022,0
52308.67,10,50,250000,2,0,0.034,0
13968.67,10,23,45000,2,0,0.142,1
33009.67,12,46,25000,3,0,1.0,0
50606.33,12,22,25000,2,0,1.0,1
17402.67,12,37,340000,1,0,0.027,0
47842.67,8,47,25000,1,20,0.914,0
434.67,10,40,50000,2,0,0.003,0
346756.67,12,30,140000,1,0,0.965,0
26192.67,10,54,15000,2,0,0.876,1
15268.67,6,27,25000,2,20,0.478,1
8082.0,12,33,30000,1,0,0.138,0
119324.33,12,57,60000,2,0,0.989,1
8709.67,10,35,40000,2,0,0.036,0
91.0,8,45,250000,1,0,0.0,0
15682.33,10,32,35000,3,20,0.262,0
0.0,2,45,80000,2,0,0.0,0
103414.67,10,50,50000,3,20,1.0,1
8886.33,12,35,5000,3,0,0.788,0
3683.33,10,26,45000,1,0,0.119,0
78776.67,8,39,85000,1,40,0.437,1
1778.0,2,35,45000,2,0,0.03,0
65112.67,12,42,90000,3,0,0.375,0
2400.0,0,52,175000,1,70,0.007,1
220219.33,12,35,135000,2,0,0.835,0
40078.67,6,29,100000,1,0,0.33,1
15796.67,10,22,10000,1,0,0.791,0
46850.67,12,30,50000,2,0,0.45,0
197478.67,12,46,145000,1,0,0.67,0
68286.67,10,28,35000,3,20,0.985,0
401.0,10,26,115000,1,0,0.002,0
4997.33,12,28,90000,1,0,0.005,0
291.0,12,33,105000,1,0,0.001,0
48074.33,10,24,25000,1,20,0.999,0
45297.0,12,37,75000,1,0,0.3,0
300170.0,12,50,190000,2,0,1.0,1
40549.33,12,44,25000,2,0,0.907,0
614.67,6,43,75000,3,20,0.002,1
122720.0,12,29,110000,2,0,0.556,0
46606.33,12,27,40000,4,0,0.566,0
198582.67,12,32,110000,2,0,0.886,0
25470.67,8,34,35000,2,20,0.346,0
16872.0,10,37,60000,2,20,0.135,1
24573.67,12,32,90000,2,0,0.115,0
49064.67,12,57,25000,3,0,0.98,0
9605.0,10,46,5000,2,20,0.953,0
13802.33,8,53,185000,1,0,0.057,0
6778.67,10,26,10000,1,0,0.533,0
134205.67,12,34,75000,2,0,0.881,0
416.0,10,26,10000,1,0,0.021,1
8306.33,8,54,240000,2,0,0.036,0
26637.0,10,26,25000,3,20,0.501,0
25607.67,10,31,85000,2,0,0.145,0
200.0,6,30,200000,2,0,0.0,0
41865.0,12,31,100000,1,0,0.193,0
0.0,4,34,180000,1,10,0.0,0
84971.0,12,36,70000,4,0,0.652,0
8531.67,10,34,130000,3,0,0.046,0
88306.33,12,26,220000,2,0,0.219,0
10172.0,12,43,250000,2,0,0.024,0
53808.33,12,29,115000,2,0,0.283,0
19495.0,12,41,235000,2,0,0.029,0
16284.67,4,48,10000,3,30,0.729,1
110084.33,12,24,105000,2,0,0.517,0
2244.33,8,23,10000,1,0,0.337,0
13283.67,12,53,10000,3,0,0.61,0
584.67,12,34,100000,2,10,0.0,0
13195.33,10,36,125000,2,0,0.025,1
28073.0,10,41,150000,2,20,0.115,0
97540.67,12,30,160000,1,0,0.356,0
37776.67,8,29,25000,2,20,0.743,0
4285.0,12,34,100000,2,0,0.033,0
17958.33,12,29,40000,1,0,0.212,1
7907.33,8,37,35000,2,20,0.147,1
55965.67,10,36,30000,3,30,0.947,0
9756.33,12,22,5000,3,20,1.0,1
50550.67,10,30,25000,3,20,1.0,0
127403.67,12,26,70000,2,20,0.954,1
8210.33,12,25,15000,2,0,0.239,0
501.67,12,49,95000,2,0,0.002,0
2900.0,8,23,35000,1,0,0.012,0
390.0,8,28,165000,2,0,0.001,0
10067.67,10,24,55000,2,20,0.059,0
168807.0,10,47,135000,3,0,0.612,0
27227.67,12,31,80000,2,30,0.164,1
18735.0,8,24,10000,2,30,0.947,0
23401.0,12,32,160000,2,0,0.067,0
37395.0,12,31,215000,1,0,0.069,0
7587.67,10,37,25000,1,20,0.16,0
3783.67,4,48,70000,2,20,0.011,1
4888.67,12,49,250000,2,0,0.008,0
26586.67,12,45,40000,3,0,0.333,0
422.0,2,34,195000,1,10,0.0,0
20900.33,10,43,125000,1,0,0.07,0
8436.67,12,31,195000,1,0,0.017,0
59090.33,12,35,50000,1,0,0.576,0
189505.0,12,42,180000,1,0,0.5,0
6119.0,10,36,70000,1,10,0.0,0
47008.67,12,51,55000,2,0,0.418,0
421.33,8,48,85000,3,20,0.002,0
137117.67,12,48,85000,2,0,0.811,0
5713.67,8,25,90000,2,20,0.026,0
111642.0,12,41,70000,2,0,0.781,0
9344.0,12,49,10000,2,0,0.694,0
0.0,0,28,75000,1,0,0.0,0
49030.0,8,28,25000,2,0,0.961,0
0.0,0,38,80000,2,10,0.0,1
1388.67,6,41,40000,2,0,0.039,0
10508.0,10,29,150000,3,0,0.0,1
39149.33,12,32,30000,3,0,1.0,0
44577.67,8,26,35000,2,30,0.608,1
370.67,10,31,145000,1,0,0.002,0
4514.33,2,23,40000,1,0,0.11,0
0.0,0,53,25000,3,10,0.0,1
18207.33,12,49,100000,3,0,0.038,0
5830.33,12,34,100000,1,0,0.001,0
1519.0,12,22,25000,1,0,0.012,1
7630.67,12,26,10000,2,20,0.052,0
2794.67,12,38,100000,1,0,0.031,1
77292.67,10,35,60000,1,20,0.648,0
170307.33,12,49,110000,2,0,0.783,0
446710.0,12,40,315000,1,0,0.699,0
9367.0,12,34,150000,1,0,0.065,0
6307.67,2,49,5000,2,20,0.818,1
0.0,0,29,25000,2,10,0.0,0
4690.67,12,39,140000,1,0,0.028,1
5535.67,8,30,65000,1,0,0.035,0
20632.33,8,28,15000,3,20,0.773,0
8866.0,8,27,25000,2,0,0.198,0
22148.0,12,38,35000,3,0,0.354,0
42925.0,12,29,40000,2,0,0.523,0
18086.67,6,22,10000,2,20,0.836,1
320143.67,12,41,195000,1,0,1.0,0
135252.67,12,32,235000,2,0,0.313,0
5727.0,4,30,120000,2,0,0.033,0
5943.67,2,29,70000,1,0,0.107,0
247012.67,10,37,130000,2,20,0.941,1
2294.33,10,25,75000,1,10,0.001,0
16647.67,10,46,60000,1,20,0.122,0
17680.0,10,47,10000,2,20,0.901,0
1025.67,8,42,130000,4,0,0.002,0
34536.0,12,22,25000,3,0,0.854,1
127522.33,10,27,90000,2,20,0.701,0
3450.0,0,35,155000,4,10,0.033,0
9970.33,12,44,180000,2,0,0.014,0
16578.0,12,30,90000,2,0,0.08,0
1250.0,0,42,135000,1,50,0.005,0
67505.0,12,28,35000,1,0,0.969,0
1377.67,10,24,25000,2,0,0.043,0
0.0,2,50,15000,3,20,0.0,0
9771.67,12,54,25000,2,0,0.227,0
2397.67,12,37,175000,2,0,0.001,0
170215.0,12,58,100000,1,0,0.962,0
72121.0,8,26,40000,3,20,0.896,0
51329.33,8,31,30000,2,30,0.783,0
17175.0,8,52,15000,1,20,0.525,0
99222.67,12,36,55000,1,0,0.985,0
82290.0,10,27,150000,1,0,0.141,0
26036.67,10,22,25000,3,0,0.457,0
12415.33,10,39,250000,1,0,0.005,0
211144.0,12,36,180000,1,0,0.991,0
11996.33,6,39,10000,2,20,0.706,0
126326.67,12,39,110000,1,0,0.342,0
14000.67,8,22,10000,2,20,0.56,0
29859.0,10,37,30000,2,40,0.506,1
1143.33,12,30,85000,1,0,0.009,0
42791.67,12,26,100000,2,0,0.236,0
19866.33,12,23,10000,1,0,1.0,0
47558.67,12,23,70000,3,0,0.482,0
554.33,4,35,165000,1,0,0.005,0
108685.33,6,24,90000,2,20,0.603,1
2539.33,10,35,180000,2,0,0.014,0
15834.67,12,51,10000,3,20,0.741,0
29992.0,8,23,25000,1,20,0.688,0
20192.0,12,25,50000,2,0,0.208,0
29376.33,8,36,15000,2,20,1.0,0
6408.0,12,44,35000,2,0,0.06,1
8068.67,10,33,235000,1,0,0.012,0
2777.0,2,36,150000,1,0,0.028,0
13024.33,6,45,150000,1,0,0.022,1
4175.67,12,26,100000,1,0,0.011,0
77248.33,12,41,75000,2,0,0.527,0
160219.33,12,25,110000,2,0,0.75,1
1348.67,12,31,210000,1,0,0.004,0
977.67,12,45,105000,2,0,0.002,0
6904.67,12,58,225000,3,0,0.02,0
568.67,8,38,15000,2,0,0.006,0
12418.67,12,30,120000,2,0,0.012,0
89417.67,12,25,210000,2,0,0.067,0
58773.0,12,25,30000,1,0,0.953,0
8611.67,10,24,15000,3,0,0.163,0
996.67,4,29,40000,1,30,0.033,0
48037.67,12,37,25000,2,0,0.964,0
16458.67,12,27,115000,3,0,0.083,0
7117.33,12,31,100000,1,0,0.033,0
16743.33,12,28,115000,2,0,0.053,0
100845.0,12,24,65000,2,0,0.944,0
0.0,0,27,100000,3,10,0.0,0
62076.0,12,33,45000,1,0,0.899,0
664.0,12,27,60000,1,0,0.003,0
1661.33,12,42,100000,1,0,0.002,0
17184.0,6,32,10000,2,30,0.888,0
77726.0,12,37,105000,1,20,0.362,1
80781.0,12,44,40000,2,0,1.0,0
49969.67,12,29,25000,1,0,1.0,0
51796.0,12,42,35000,2,20,0.727,1
188703.67,10,32,115000,2,20,0.824,1
18963.33,4,52,10000,2,0,0.871,0
14660.0,10,44,15000,2,0,0.701,0
34084.0,6,31,50000,1,20,0.338,1
81280.67,10,29,40000,1,20,1.0,1
191647.0,12,33,105000,2,0,0.893,0
40735.33,10,54,25000,2,20,0.963,0
129809.0,12,23,65000,2,0,1.0,0
51393.67,8,24,35000,1,20,0.692,0
15903.67,12,33,105000,1,0,0.083,0
390.0,10,44,50000,3,0,0.008,1
5920.33,10,51,100000,3,0,0.018,0
28673.33,6,24,20000,1,30,0.723,1
69912.33,8,25,40000,2,30,0.87,0
535.0,10,37,105000,1,10,0.0,1
3600.33,10,23,10000,2,20,0.359,0
8917.0,12,34,5000,3,0,0.881,0
61404.33,12,50,30000,3,0,1.0,1
12309.33,12,25,20000,2,0,0.282,0
573.0,10,33,145000,1,0,0.001,1
1239.0,6,54,25000,2,0,0.032,0
14985.33,8,25,10000,2,20,0.869,0
32768.67,12,26,15000,2,0,1.0,0
18120.33,10,32,10000,2,20,0.855,0
24143.0,12,43,25000,3,0,0.489,0
1485.33,8,42,250000,2,20,0.0,1
6330.33,6,24,45000,3,0,0.007,1
12368.67,12,26,5000,2,0,1.0,0
1050.0,0,37,25000,2,30,0.021,1
26742.67,8,36,60000,1,20,0.204,0
156196.67,12,27,100000,1,0,0.788,0
43184.0,12,50,150000,2,0,0.03,0
20992.67,12,24,45000,2,0,0.195,0
68666.33,12,27,45000,2,0,0.783,0
0.0,0,23,70000,1,10,0.0,1
459.0,10,39,90000,2,0,0.006,0
1440.33,4,39,180000,1,0,0.005,0
1383.33,6,29,80000,3,10,0.0,1
13019.67,10,45,50000,1,0,0.105,0
20158.0,2,21,10000,2,20,0.964,1
61254.67,12,36,180000,1,0,0.112,0
326.0,12,39,115000,2,0,0.001,0
103937.33,12,29,55000,3,0,0.918,1
110485.67,12,37,105000,2,0,0.677,0
9263.0,12,26,100000,2,0,0.009,0
18368.0,12,44,25000,2,0,0.551,0
0.0,2,30,105000,1,10,0.0,1
1607.67,10,31,140000,1,10,0.0,0
60165.67,12,40,250000,2,0,0.189,0
4923.0,6,25,15000,1,0,0.131,0
152411.33,12,36,170000,2,0,0.493,0
911.0,12,32,180000,1,0,0.001,0
56836.67,12,22,35000,1,0,1.0,0
2400.0,0,44,10000,2,70,0.12,1
40498.0,12,32,115000,1,0,0.194,0
39974.33,12,41,30000,2,0,0.816,0
49753.0,10,28,25000,1,30,0.997,1
12104.67,6,29,25000,1,20,0.211,1
35573.67,12,28,65000,4,0,0.278,0
156543.0,12,52,80000,3,0,0.973,0
40278.67,12,48,30000,3,20,0.726,0
10377.67,8,43,80000,2,0,0.078,0
9492.0,12,25,90000,1,0,0.132,0
63942.33,4,36,85000,2,20,0.447,0
357825.33,12,35,180000,2,20,1.0,1
62202.0,10,34,65000,2,20,0.461,0
2879.67,12,48,90000,2,10,0.014,0
5408.33,6,27,10000,1,20,0.314,0
8388.33,12,43,115000,2,0,0.034,0
0.0,0,30,110000,2,10,0.0,0
0.0,0,43,120000,2,0,0.0,0
49093.0,12,54,25000,3,0,1.0,0
7822.0,12,39,155000,2,0,0.023,0
78659.33,12,70,175000,1,0,0.288,0
588.0,12,24,25000,1,0,0.013,0
33123.33,10,30,100000,2,10,0.131,0
462406.0,12,53,240000,3,0,1.0,0
72510.0,8,27,90000,1,20,0.45,1
177675.67,12,33,100000,2,0,0.923,0
16757.33,12,34,10000,3,20,0.787,0
47438.33,12,48,25000,2,0,1.0,0
1034.67,10,33,105000,3,10,0.0,1
19867.67,12,24,10000,2,0,0.972,0
5410.67,8,31,75000,2,10,0.044,0
43411.67,10,25,25000,2,20,0.931,0
178364.0,12,49,95000,3,20,0.939,1
243140.33,10,27,145000,1,20,0.802,0
136262.33,12,39,210000,2,0,0.407,0
233940.67,12,36,170000,2,20,0.994,0
10438.0,4,40,30000,2,50,0.162,0
74800.67,12,27,45000,1,0,0.901,0
28655.0,8,27,15000,1,20,0.94,1
662.67,4,37,80000,2,0,0.012,0
12261.0,8,35,10000,2,20,0.596,0
87461.33,12,25,45000,2,0,0.972,1
21656.33,12,27,60000,1,0,0.174,0
610.0,0,38,60000,1,10,0.0,0
2290.0,8,50,180000,2,0,0.0,0
6491.33,2,32,80000,1,0,0.106,0
37071.33,12,34,160000,1,0,0.203,0
18392.0,4,25,10000,2,40,0.825,0
64579.67,12,29,115000,1,0,0.275,0
17343.0,12,44,25000,3,0,0.319,0
21078.67,12,48,25000,3,0,0.054,0
2198.0,6,24,20000,3,20,0.137,0
390.0,10,27,60000,3,20,0.003,0
1130.0,12,25,65000,2,0,0.008,1
85445.0,12,28,55000,3,20,0.781,0
8376.0,10,22,10000,2,20,0.411,1
0.0,0,22,25000,3,10,0.0,0
115906.0,12,30,60000,3,0,0.963,0
33925.0,2,34,25000,3,0,1.0,0
0.0,2,34,180000,2,10,0.0,1
4366.67,12,44,120000,2,0,0.014,1
15783.67,4,32,75000,1,0,0.308,0
32527.0,10,23,25000,2,20,0.61,0
11042.33,10,42,250000,1,20,0.061,1
115162.67,12,33,55000,2,0,1.0,0
95675.33,10,48,85000,2,0,0.55,1
31412.67,12,29,115000,2,0,0.134,0
10434.33,12,47,10000,3,0,0.471,0
0.0,2,41,50000,1,10,0.0,0
43061.67,10,28,55000,1,20,0.403,0
33225.33,12,52,170000,1,0,0.091,1
37573.0,12,37,25000,1,0,0.755,0
3587.67,12,50,155000,1,0,0.001,0
39399.33,10,31,25000,3,20,0.762,1
110209.33,10,38,120000,3,20,0.446,1
12821.33,12,48,25000,2,0,0.219,0
7811.0,2,34,75000,1,20,0.0,0
106904.33,12,44,70000,2,0,0.772,0
21995.33,10,56,15000,3,20,0.536,0
88940.0,12,30,150000,1,0,0.312,1
2691.33,12,29,25000,1,0,0.042,0
30617.0,12,37,140000,2,0,0.104,0
119642.33,12,23,60000,2,0,0.984,0
774.33,10,27,15000,1,10,0.0,0
5269.67,8,23,15000,2,0,0.108,1
23845.0,12,45,90000,3,20,0.136,0
10833.0,10,33,75000,2,20,0.06,0
69446.67,10,40,55000,2,20,0.769,0
44862.33,12,24,25000,1,0,1.0,1
1885.0,8,43,115000,3,20,0.0,0
94314.33,12,25,115000,2,20,0.414,0
5009.67,2,46,80000,1,0,0.039,0
50500.0,12,36,25000,3,0,1.0,0
563.33,8,36,105000,1,10,0.0,0
4063.33,12,38,60000,2,0,0.034,0
37992.33,12,42,120000,2,20,0.091,0
18984.33,10,47,10000,3,0,0.938,0
6507.67,12,40,25000,3,0,0.111,0
48882.33,10,70,25000,1,20,0.991,0
45333.67,8,32,25000,2,0,0.97,0
53160.0,10,52,50000,3,0,0.739,0
9461.0,6,49,195000,1,0,0.039,0
39595.67,12,31,275000,1,0,0.08,0
10506.67,12,36,225000,2,0,0.03,0
18423.67,12,50,40000,2,0,0.032,0
5923.33,12,48,25000,3,0,0.081,0
49737.33,10,33,25000,2,20,0.992,0
70306.33,12,44,90000,2,0,0.393,0
16133.67,10,35,120000,1,0,0.064,0
333.33,4,29,160000,3,0,0.002,0
70456.0,8,35,240000,2,20,0.038,0
1578.0,6,37,75000,2,20,0.008,0
107758.33,12,29,55000,1,20,0.974,0
8754.0,12,30,120000,1,0,0.032,0
48383.0,12,33,25000,1,0,0.957,1
2460.67,10,27,60000,2,0,0.021,0
0.0,0,31,75000,1,10,0.0,0
54167.33,12,53,50000,3,0,1.0,0
240.33,6,38,130000,2,0,0.0,0
10857.33,12,26,125000,2,0,0.068,0
3204.67,4,26,50000,2,0,0.096,0
77427.67,8,51,80000,1,30,0.495,1
573.0,12,37,135000,1,0,0.001,1
26364.33,12,42,195000,2,0,0.015,0
82300.67,10,43,105000,2,20,0.383,0
25785.67,10,23,15000,2,20,0.81,0
17673.33,10,30,150000,3,0,0.04,0
100904.67,12,38,95000,3,0,0.472,0
2330.0,6,35,65000,1,0,0.049,1
183717.0,10,44,180000,2,20,0.751,0
1858.67,12,35,160000,1,10,0.001,1
0.0,0,35,10000,2,10,0.0,1
4416.67,2,32,180000,1,0,0.03,0
106653.67,12,25,95000,2,0,0.579,0
22467.33,12,33,45000,2,0,0.707,1
4956.67,10,26,15000,1,20,0.088,0
221043.67,12,29,120000,1,0,1.0,0
13595.0,12,26,20000,1,0,0.308,0
4965.67,12,36,85000,2,0,0.012,0
28784.67,12,37,90000,1,0,0.123,0
16712.67,10,63,10000,3,20,0.805,1
39532.0,10,48,75000,3,20,0.252,0
31196.33,12,47,25000,2,0,0.892,1
91478.0,10,31,70000,3,20,0.642,0
36247.0,8,31,25000,3,20,0.8,0
79331.67,12,34,100000,1,0,0.335,0
15876.67,12,43,50000,1,0,0.091,0
28210.33,12,32,125000,1,0,0.133,0
1094.0,12,38,40000,1,0,0.024,0
175258.67,12,50,85000,2,0,1.0,0
47571.0,12,29,40000,3,0,0.583,0
49384.67,12,49,25000,2,0,0.996,0
23975.0,8,40,15000,3,20,0.79,0
70549.33,8,34,35000,1,30,1.0,1
2628.0,10,47,15000,3,0,0.045,0
2082.0,12,34,100000,1,0,0.025,0
4280.0,2,27,50000,2,0,0.115,0
17832.33,10,44,10000,2,0,0.882,1
763.33,0,29,100000,1,0,0.011,0
36345.33,10,72,25000,3,20,0.708,1
41145.0,12,48,25000,2,0,0.819,1
37345.0,6,27,25000,1,20,0.736,1
193851.0,12,44,110000,2,0,0.99,0
411.33,4,39,120000,3,0,0.0,0
29458.0,12,40,25000,1,0,0.851,0
11749.67,6,45,250000,1,0,0.074,0
8822.67,12,26,85000,1,0,0.139,0
906.67,2,34,15000,1,0,0.007,0
0.0,0,43,150000,1,10,0.0,1
47982.0,12,30,25000,2,0,1.0,0
6316.33,8,31,50000,3,0,0.16,0
90728.0,10,29,75000,1,20,0.725,1
42878.67,12,28,25000,1,0,0.924,0
1674.0,6,31,95000,2,0,0.004,0
9141.0,6,22,10000,3,0,0.728,0
49522.67,10,55,25000,3,20,0.98,0
223.0,12,39,15000,2,0,0.007,1
4044.0,6,27,45000,1,20,0.013,0
104.0,6,36,250000,1,0,0.0,1
3478.0,12,40,140000,1,0,0.019,0
6823.67,6,31,15000,2,0,0.442,0
50094.0,12,36,45000,2,20,0.548,0
31074.0,10,42,100000,2,20,0.191,1
694.67,4,30,50000,2,0,0.009,0
14852.67,6,40,10000,3,30,0.632,0
48649.67,12,51,25000,2,0,0.992,0
5427.33,4,51,25000,2,0,0.211,0
906.67,10,32,145000,3,0,0.005,0
140.0,8,36,110000,1,0,0.0,0
9828.33,12,37,220000,1,0,0.01,0
91062.33,12,49,25000,2,0,1.0,1
16208.0,12,31,150000,1,0,0.136,0
138259.67,12,50,145000,1,0,0.571,0
359225.33,12,40,195000,2,20,1.0,0
28546.0,12,24,25000,2,0,0.584,0
12915.33,2,31,110000,2,0,0.176,1
3637.33,8,29,75000,2,0,0.024,0
50507.33,12,24,25000,1,0,1.0,0
222.33,0,44,100000,1,0,0.003,0
17465.33,12,30,60000,2,0,0.14,0
1443.0,12,61,115000,1,0,0.006,0
115458.0,12,28,90000,2,0,0.744,0
23313.67,8,22,10000,1,0,1.0,0
17952.67,12,23,10000,2,20,0.94,0
8757.67,0,46,25000,3,20,0.269,1
16420.0,12,24,145000,1,0,0.051,0
68.0,6,54,145000,2,0,0.0,0
406.67,6,27,75000,1,0,0.0,0
146049.0,12,53,95000,2,0,0.911,0
84652.67,12,25,40000,2,0,1.0,1
2044.33,10,47,125000,3,0,0.005,0
19811.33,12,35,10000,2,20,0.988,1
396.0,12,45,90000,3,0,0.002,0
1277.33,10,25,40000,1,20,0.026,0
4654.33,12,31,150000,1,0,0.007,0
21082.67,10,51,25000,3,0,0.409,0
41262.67,12,40,35000,1,0,0.742,0
36012.67,10,30,75000,1,20,0.299,1
59742.0,6,29,160000,1,0,0.56,0
46174.33,12,24,30000,1,0,1.0,0
5145.67,8,32,10000,3,20,0.184,1
119362.67,10,35,115000,1,20,0.51,0
77060.67,12,29,155000,2,0,0.242,0
3413.33,8,36,115000,1,0,0.007,0
14232.67,12,40,100000,1,0,0.013,0
34523.0,10,30,50000,1,20,0.284,1
4014.67,6,64,155000,2,0,0.006,0
158653.67,8,33,90000,3,20,0.889,1
155400.33,12,38,195000,1,0,0.422,0
150.0,8,26,10000,1,10,0.0,0
44126.0,12,26,25000,2,0,0.913,0
179330.0,12,29,70000,1,0,1.0,0
2251.67,12,37,85000,1,0,0.025,1
59705.67,4,45,125000,2,0,0.401,0
45191.0,10,40,25000,3,20,0.983,1
133759.33,12,36,125000,1,0,0.521,0
59397.0,12,27,45000,1,20,0.629,0
89908.0,12,44,45000,2,20,0.999,1
6411.33,10,27,80000,1,0,0.083,0
115817.33,12,29,180000,2,0,0.318,0
43238.67,12,26,165000,1,0,0.178,0
59832.33,10,54,25000,3,20,1.0,0
42685.67,10,42,30000,2,20,0.96,1
3651.33,8,42,5000,3,0,0.491,0
35745.33,10,41,35000,2,20,0.497,0
1461.67,4,31,75000,1,0,0.02,1
116807.67,10,33,125000,2,0,1.0,1
122813.0,12,33,65000,3,0,0.94,0
60559.0,12,27,65000,1,0,0.651,0
1396.0,6,36,50000,2,0,0.022,0
78032.0,2,37,65000,2,0,1.0,0
74076.33,12,29,40000,2,20,0.968,1
350834.67,10,41,190000,1,20,0.922,0
16378.67,10,23,10000,2,0,0.863,1
19513.67,8,25,10000,2,30,0.789,0
137900.33,12,54,70000,1,0,0.996,1
3493.67,6,33,90000,1,0,0.012,0
986.33,8,29,115000,1,0,0.0,0
11196.33,10,32,45000,1,20,0.073,0
6586.67,12,29,80000,2,0,0.044,0
49603.67,12,22,25000,1,0,0.989,0
630.0,2,29,70000,2,0,0.007,0
38295.67,12,31,125000,2,0,0.17,0
33.33,8,24,60000,2,0,0.001,0
80772.67,12,27,60000,1,0,0.659,0
226672.67,12,40,130000,2,0,0.935,0
1050.0,0,38,5000,2,30,0.105,1
11754.67,8,38,30000,2,0,0.079,0
47941.67,12,29,30000,2,0,0.552,0
18542.33,12,27,25000,2,0,0.355,0
6159.0,10,34,65000,3,0,0.042,0
30135.67,8,34,65000,1,0,0.24,0
0.0,0,32,180000,1,0,0.0,0
21287.0,10,36,40000,2,0,0.255,0
0.0,0,26,25000,2,10,0.0,0
3584.33,10,33,145000,1,20,0.024,0
65016.67,2,53,100000,1,0,0.975,0
19180.0,8,27,10000,2,0,0.914,0
5985.33,12,33,250000,1,0,0.011,0
22402.67,6,26,65000,1,20,0.172,0
24553.33,12,27,15000,1,0,0.782,1
8631.67,12,24,10000,1,20,0.396,1
15592.67,12,26,35000,2,0,0.431,0
4467.33,12,27,100000,1,0,0.024,0
1741.67,10,46,25000,2,0,0.011,1
1726.67,12,56,180000,2,0,0.002,0
32357.0,12,56,25000,3,0,0.664,0
17418.67,2,26,90000,3,0,0.178,0
7317.0,8,25,25000,2,20,0.144,1
679.33,10,28,60000,1,0,0.0,0
16653.67,8,37,40000,2,20,0.19,1
12409.33,10,47,165000,1,10,0.007,0
38405.33,12,43,20000,3,0,1.0,1
28596.67,12,26,25000,2,0,0.551,0
67898.0,12,48,40000,3,0,0.894,0
399.0,6,41,225000,1,0,0.002,0
27619.33,12,48,15000,3,0,0.932,0
65641.67,10,28,80000,2,20,0.389,0
11351.0,10,22,40000,1,0,0.13,0
56369.33,10,34,200000,2,20,0.131,0
3512.0,12,60,110000,2,0,0.009,1
23186.0,6,25,20000,2,20,0.54,1
107378.0,12,27,140000,2,20,0.296,0
29697.33,2,25,25000,1,0,1.0,0
88893.33,12,26,55000,2,0,0.967,0
7360.33,12,44,90000,1,10,0.015,0
16976.67,12,26,100000,1,0,0.093,0
82755.33,12,33,195000,1,0,0.219,0
6075.33,12,29,200000,1,0,0.013,0
1056.0,12,37,60000,3,0,0.006,1
3209.67,0,34,100000,1,10,0.0,0
195378.67,12,33,140000,2,0,0.743,0
107750.33,12,27,115000,1,0,0.457,0
21228.67,12,36,140000,1,0,0.076,0
133291.0,12,28,65000,3,0,1.0,0
776.0,12,35,80000,2,0,0.005,1
671.0,12,47,60000,3,0,0.009,0
331.0,8,31,150000,3,0,0.001,0
918.33,12,31,10000,1,0,0.013,0
5750.0,12,31,225000,1,0,0.023,1
25187.67,12,30,125000,2,0,0.01,0
99206.0,12,58,50000,2,0,1.0,0
24424.0,12,27,75000,2,0,0.154,0
77263.33,12,35,70000,2,0,0.722,0
85797.33,12,46,250000,1,0,0.067,0
2702.67,10,36,10000,2,0,0.158,0
19441.67,12,53,25000,2,0,0.378,0
114808.0,12,39,50000,2,0,1.0,1
170197.33,10,27,100000,2,20,0.934,0
84402.0,12,37,75000,2,0,0.574,0
54635.0,12,23,40000,1,20,0.752,0
1531.33,12,40,80000,1,10,0.0,0
1406.0,10,44,90000,2,0,0.005,0
78261.33,10,32,135000,1,0,0.086,0
22566.33,10,41,90000,1,0,0.208,0
390.0,8,54,60000,1,0,0.003,1
46099.67,12,29,55000,1,0,0.437,0
14066.67,6,61,25000,3,0,0.844,0
170876.67,12,30,100000,3,0,0.929,0
1628.33,12,23,35000,3,20,0.004,0
7966.67,4,30,180000,2,0,0.066,0
435450.33,10,35,130000,2,0,1.0,1
35121.0,12,32,25000,3,0,0.82,0
54137.0,12,39,190000,2,0,0.051,0
2002.67,0,24,25000,2,0,0.008,0
13365.0,8,38,10000,3,0,0.99,1
34188.0,12,32,135000,4,0,0.089,0
390934.67,12,32,230000,1,0,0.84,0
58398.33,12,24,30000,3,20,0.98,0
19149.0,10,35,100000,1,0,0.128,0
14920.0,6,37,25000,2,20,0.28,1
18644.67,12,22,10000,1,0,0.988,0
253678.0,12,40,145000,2,0,0.947,1
106345.0,12,36,55000,2,0,1.0,0
144499.33,8,51,80000,3,20,0.888,1
51224.33,12,31,35000,2,0,0.858,0
0.0,2,39,100000,1,0,0.0,1
74397.33,12,40,40000,2,0,0.984,0
18840.33,12,41,10000,1,0,0.94,1
190.0,2,48,105000,1,0,0.0,0
81512.67,2,39,90000,3,20,0.958,1
23441.0,12,53,25000,2,0,0.693,0
30873.67,8,26,15000,2,30,1.0,1
3238.0,10,30,75000,1,0,0.045,0
540.0,0,28,75000,1,20,0.007,1
1206.67,6,43,130000,1,10,0.0,0
292105.0,12,30,155000,1,0,0.982,0
94181.67,12,33,75000,1,0,0.64,0
12971.0,12,27,100000,1,0,0.08,0
93878.33,12,45,75000,3,0,0.662,0
3809.0,4,54,110000,2,0,0.04,0
1207.33,12,34,270000,1,0,0.003,0
192911.33,12,30,140000,2,0,0.731,0
44924.33,12,32,115000,2,0,0.216,0
36179.0,12,39,25000,1,30,0.677,0
0.0,6,24,10000,2,10,0.0,0
7999.67,2,35,5000,2,60,0.826,1
399066.67,12,46,250000,1,0,0.815,0
44018.33,12,24,25000,2,0,0.996,0
14344.67,12,35,210000,2,0,0.018,0
23270.33,10,23,25000,2,20,0.44,0
106.67,4,29,140000,1,0,0.0,0
2685.33,8,46,25000,2,0,0.073,0
46446.33,8,41,80000,3,20,0.288,1
34222.33,10,23,20000,2,20,0.847,1
62537.0,10,31,50000,2,0,0.923,0
41911.33,12,26,25000,1,0,0.82,0
113003.0,12,32,65000,3,20,0.918,0
28384.33,6,22,15000,2,0,0.912,0
520.67,12,34,70000,2,0,0.003,1
156839.0,12,32,105000,2,20,0.781,0
46396.0,12,38,25000,2,0,0.976,0
46614.0,12,29,155000,2,0,0.1,0
4434.0,12,31,150000,1,0,0.0,0
16807.0,10,47,15000,2,20,0.535,1
82865.33,12,40,45000,3,0,0.999,0
41379.67,10,34,75000,2,20,0.263,1
30704.67,12,25,45000,1,0,0.364,0
83617.0,12,65,40000,3,0,1.0,0
659.67,12,28,50000,1,0,0.006,1
0.0,0,33,5000,2,0,0.0,0
166557.67,12,31,105000,1,0,0.767,0
12742.67,12,41,85000,2,0,0.125,0
86117.67,8,32,45000,2,20,0.956,0
1622.0,4,36,105000,3,10,0.0,1
38053.0,12,26,25000,1,0,0.736,0
11819.0,10,30,75000,1,20,0.0,0
731.0,4,30,40000,1,10,0.0,0
43905.67,2,38,65000,1,0,0.5,1
84041.33,6,30,50000,2,80,0.727,1
37309.67,8,41,80000,1,0,0.337,0
15668.33,12,31,125000,2,0,0.058,0
87285.33,12,42,250000,2,0,0.12,0
97367.0,12,32,130000,2,0,0.408,0
751.0,10,44,25000,2,0,0.029,0
27781.67,8,22,15000,2,0,0.913,0
52207.67,10,42,55000,2,20,0.519,0
7714.0,12,39,250000,1,0,0.012,0
37497.33,12,32,155000,1,0,0.113,0
93925.0,12,37,290000,2,0,0.19,0
262620.33,12,36,170000,1,0,0.545,0
9850.67,12,42,180000,2,0,0.062,0
5107.33,8,29,145000,1,0,0.002,0
20903.67,6,36,15000,2,30,0.681,0
24296.33,12,29,40000,1,0,0.332,0
390.0,10,38,180000,1,0,0.002,1
3371.67,12,31,85000,1,0,0.009,0
57365.67,10,42,50000,2,20,0.563,0
166956.0,10,37,225000,2,0,1.0,0
202.0,4,33,130000,1,0,0.0,0
25486.0,8,29,120000,1,0,0.107,0
2270.0,2,28,55000,2,0,0.051,0
176760.33,12,26,120000,2,0,0.769,0
32034.67,12,35,110000,2,0,0.158,0
1918.0,8,33,10000,2,0,0.125,0
0.0,4,51,50000,1,20,0.0,1
264.0,12,32,150000,1,0,0.001,0
10189.33,8,33,10000,2,0,0.424,1
143438.0,12,30,180000,1,0,0.388,0
219043.33,12,28,110000,1,0,1.0,1
169294.67,12,26,235000,2,0,0.361,0
38362.67,12,22,35000,2,0,0.94,0
12276.0,12,26,60000,1,0,0.085,0
19675.0,12,35,25000,2,0,0.37,0
161814.67,12,49,235000,2,0,0.36,0
19854.0,10,49,65000,2,0,0.185,0
805.67,8,24,10000,1,20,0.02,1
2203.0,12,36,130000,1,0,0.007,0
628.67,12,39,10000,1,0,0.031,0
854.0,6,28,150000,1,20,0.004,1
451202.33,12,35,230000,2,0,0.978,0
7399.0,8,24,10000,1,20,0.0,1
244485.0,12,27,180000,2,0,0.664,1
95776.0,12,40,145000,1,0,0.339,0
43664.67,12,30,45000,1,0,0.432,0
800.0,10,26,90000,1,0,0.011,0
0.0,0,53,180000,3,0,0.0,0
21902.67,12,45,60000,1,0,0.174,0
181534.67,12,30,110000,2,0,0.99,0
179441.33,12,34,110000,1,20,0.923,1
166.33,0,27,5000,1,0,0.05,1
100014.67,12,31,160000,2,0,0.328,0
195116.33,8,33,160000,1,0,1.0,0
31032.33,12,39,45000,2,0,0.561,0
69370.0,12,50,90000,1,0,0.367,0
88713.33,12,28,45000,1,0,0.982,0
20686.33,8,36,50000,1,0,0.231,0
312766.33,12,41,170000,2,0,0.974,0
49065.67,8,22,25000,1,20,0.955,1
16146.33,10,41,120000,2,0,0.084,0
9201.0,8,41,5000,2,20,0.872,0
2500.0,0,42,110000,1,20,0.011,1
96173.67,12,37,50000,2,0,1.0,0
1766.33,12,31,110000,1,0,0.017,0
66457.67,12,57,35000,3,0,0.969,0
29656.0,10,37,15000,2,30,0.989,1
28237.67,12,53,65000,3,0,0.085,0
82254.33,12,25,70000,2,0,0.585,0
8440.0,10,32,10000,2,0,0.224,0
0.0,0,38,75000,1,10,0.0,1
1378.67,0,26,25000,2,0,0.083,0
52837.67,12,29,45000,2,10,0.456,0
163576.0,12,37,85000,3,0,0.935,0
34800.67,10,30,35000,1,20,0.5,1
272.67,8,43,100000,1,0,0.004,0
18747.67,10,42,100000,1,0,0.097,0
20229.33,4,40,10000,2,20,1.0,1
96457.33,12,41,100000,2,0,0.485,0
0.0,0,26,85000,2,0,0.0,0
2000.0,0,25,65000,1,10,0.0,1
89566.67,10,27,50000,1,20,0.901,0
33520.67,10,31,90000,2,20,0.159,0
3756.33,12,26,115000,3,0,0.005,0
5329.0,10,50,10000,3,0,0.11,0
38508.67,12,35,250000,1,0,0.07,1
0.0,0,38,75000,1,10,0.0,1
39940.0,12,40,40000,3,30,0.481,1
59998.33,12,29,115000,2,0,0.244,0
0.0,0,37,40000,1,10,0.0,1
25171.0,12,24,115000,2,0,0.109,0
25583.0,12,49,25000,2,20,0.779,1
49742.0,12,35,25000,2,0,0.976,0
10102.0,0,25,5000,1,30,1.0,0
127988.67,10,34,70000,2,20,0.971,0
35344.33,12,42,25000,2,0,0.785,1
132393.0,12,28,90000,3,0,0.721,0
0.0,0,65,180000,1,10,0.0,1
465358.33,12,67,290000,3,60,0.783,0
10083.33,12,43,155000,1,0,0.047,0
16393.0,10,52,10000,3,20,0.837,0
11422.0,10,43,90000,1,0,0.048,0
16048.0,12,24,30000,1,0,0.251,0
15141.0,12,59,20000,3,20,0.369,0
116622.0,12,34,70000,2,20,0.867,0
8096.0,6,32,110000,2,0,0.036,0
9017.0,12,22,5000,2,0,0.86,1
6915.0,8,52,10000,1,0,0.998,0
16342.67,12,23,25000,1,0,0.301,0
28779.67,10,33,25000,2,20,0.555,1
100963.33,12,35,160000,2,0,0.308,0
1493.0,10,34,10000,2,0,0.11,0
48818.0,12,40,25000,2,0,0.964,0
3247.33,10,49,170000,1,20,0.006,0
301.0,0,32,180000,2,10,0.0,1
0.0,0,33,150000,2,10,0.0,0
32650.33,10,26,20000,2,20,0.787,0
133933.67,10,51,75000,1,20,0.86,0
18327.33,6,40,10000,2,30,0.914,1
865.0,10,35,15000,3,10,0.0,0
390.0,4,27,40000,2,0,0.005,0
80.33,2,38,195000,3,0,0.001,1
5970.0,6,22,10000,2,20,0.281,1
69462.33,12,42,100000,2,0,0.343,1
50590.67,12,35,40000,3,0,0.619,0
47638.67,10,36,25000,2,20,1.0,1
9920.0,12,38,115000,2,0,0.047,0
154467.33,12,31,95000,2,0,0.777,0
128472.33,12,36,130000,3,0,0.594,0
39589.67,12,39,50000,1,0,0.294,0
100364.33,12,41,70000,2,0,0.948,0
13240.33,12,42,10000,2,20,0.621,1
62247.0,12,30,40000,2,0,0.867,0
310203.0,8,32,180000,1,0,0.847,0
47309.67,10,31,35000,2,20,0.658,1
29499.33,8,24,15000,2,20,1.0,1
362370.67,12,39,250000,1,0,0.716,0
416.0,12,30,160000,2,20,0.001,0
56576.67,12,34,250000,1,0,0.065,0
134.0,10,27,120000,1,10,0.0,0
687.0,12,25,25000,1,0,0.011,0
32220.33,12,39,60000,2,0,0.263,0
30020.0,12,32,125000,1,0,0.106,0
61352.33,12,39,90000,2,0,0.365,0
5272.0,10,22,5000,2,0,0.521,0
69138.67,12,53,100000,3,0,0.492,0
380.0,12,29,60000,1,0,0.003,0
326.0,12,38,115000,2,0,0.001,0
0.0,6,36,165000,1,10,0.0,0
29485.33,12,28,25000,2,0,0.569,1
9165.0,0,32,65000,2,0,0.212,0
58488.0,10,26,55000,2,20,0.528,1
3338.67,6,40,15000,3,20,0.074,0
8363.0,8,25,60000,1,0,0.072,0
450.67,4,28,60000,1,0,0.003,0
43946.67,12,40,105000,2,20,0.204,0
15030.0,6,47,15000,2,20,0.505,0
53818.0,10,27,25000,3,20,1.0,0
591.67,8,42,70000,2,0,0.001,0
138433.67,8,37,70000,3,20,0.973,0
50138.0,12,55,25000,2,0,1.0,0
25894.0,12,46,65000,3,20,0.204,1
6617.33,10,30,40000,2,20,0.08,1
46484.33,6,51,25000,3,20,0.895,0
17660.33,8,35,50000,1,20,0.174,0
39456.33,12,48,110000,2,0,0.28,0
2312.0,10,28,130000,2,0,0.003,0
308948.67,12,40,160000,1,0,0.952,0
7562.67,12,30,40000,2,0,0.064,0
66946.33,12,55,70000,1,0,0.469,0
122016.67,8,26,90000,2,20,0.975,1
2108.67,12,23,40000,4,10,0.0,0
0.0,0,40,125000,2,10,0.0,0
76809.0,4,33,40000,1,0,0.943,0
22732.33,8,50,15000,3,0,0.945,1
10947.67,10,26,60000,2,0,0.113,0
83823.0,12,29,60000,2,0,0.684,0
10326.67,8,29,10000,2,20,0.401,0
15143.33,12,40,25000,2,0,0.531,0
390.0,12,50,125000,2,0,0.002,0
106884.67,12,37,130000,1,0,0.431,0
778.67,6,27,90000,1,20,0.005,0
356.0,6,49,10000,3,0,0.02,0
77224.33,10,55,75000,2,20,0.51,1
4032.33,12,34,130000,1,0,0.026,0
9813.33,8,43,115000,1,20,0.041,0
69216.33,12,24,35000,1,0,0.994,0
5481.0,6,33,80000,1,0,0.046,0
0.0,0,42,25000,2,10,0.0,0
1796.67,6,37,85000,2,0,0.003,0
93102.67,12,39,105000,3,0,0.505,0
0.0,0,28,115000,1,10,0.0,0
57433.67,6,36,55000,2,20,0.519,1
36545.33,8,39,40000,2,0,0.55,0
472.0,12,54,45000,2,0,0.008,0
80226.0,12,41,45000,1,20,0.874,1
1453.33,6,42,125000,1,20,0.003,0
16073.0,8,31,135000,2,20,0.062,0
11116.0,12,23,10000,3,0,0.505,0
1872.0,8,34,40000,4,20,0.036,0
15717.0,12,23,10000,1,20,0.754,0
89111.0,10,36,75000,2,20,0.559,0
99291.0,10,37,40000,3,20,1.0,1
41057.67,12,47,65000,2,0,0.355,0
10552.0,12,28,160000,1,0,0.058,0
44554.33,12,24,25000,1,20,0.868,1
137358.0,12,34,130000,2,0,0.521,0
57726.67,12,35,70000,1,20,0.404,0
4271.67,4,53,5000,3,40,0.448,1
111142.67,12,30,90000,1,0,0.777,0
171759.67,12,71,125000,1,0,0.71,0
15703.67,6,23,10000,1,20,0.769,1
49877.0,12,28,25000,3,0,0.979,0
1350.0,6,38,60000,1,10,0.0,0
59969.33,8,49,80000,2,20,0.368,0
11647.67,12,22,30000,2,0,0.195,0
108503.0,12,31,65000,2,0,0.896,0
0.0,6,41,160000,2,10,0.0,1
33715.33,12,43,25000,2,0,0.705,0
46371.0,12,33,25000,2,0,0.961,1
13156.0,6,44,35000,2,20,0.181,1
55868.0,12,44,40000,2,0,0.962,0
803.67,12,27,115000,2,0,0.002,1
1098.67,2,43,10000,3,20,0.02,1
14906.0,8,39,10000,3,30,0.612,0
6713.67,8,42,180000,2,0,0.028,0
10125.0,10,28,45000,1,0,0.0,0
72165.67,12,34,80000,2,20,0.483,0
49378.0,10,36,25000,1,20,0.997,0
162075.67,12,27,110000,1,0,0.749,0
305523.0,12,42,175000,1,20,0.917,1
6867.67,10,29,60000,1,0,0.033,0
73230.0,10,30,105000,1,20,0.352,0
17928.33,8,31,50000,2,20,0.176,0
34183.33,12,52,25000,3,0,0.696,1
108032.33,12,26,170000,1,0,0.172,0
109113.67,10,57,70000,1,30,0.776,1
48331.33,12,42,25000,2,0,0.954,0
16586.67,8,31,25000,2,20,0.332,0
58350.0,12,27,45000,1,0,0.631,0
69384.67,12,66,80000,2,20,0.424,1
28359.33,12,27,125000,2,0,0.139,0
0.0,4,23,25000,1,10,0.0,0
100591.0,12,36,150000,2,0,0.472,0
2.0,4,34,115000,2,10,0.0,0
0.0,2,43,130000,1,10,0.0,1
59297.67,12,22,30000,1,20,0.981,0
1275.0,6,41,70000,3,0,0.015,0
84007.67,12,49,35000,3,20,1.0,1
19278.0,12,41,10000,3,20,0.937,1
5086.33,6,27,10000,2,30,0.245,1
169011.0,10,28,85000,4,0,1.0,0
9244.33,12,55,75000,3,0,0.007,0
15442.33,10,26,25000,2,20,0.262,0
47845.0,12,49,30000,1,20,1.0,1
5094.67,12,29,115000,1,0,0.009,0
31953.0,12,30,50000,2,0,0.314,0
2657.33,12,24,75000,1,0,0.007,0
64341.33,12,51,35000,2,0,0.97,0
59888.0,12,25,75000,1,0,0.353,0
24739.33,12,25,25000,2,0,0.471,0
102155.67,8,29,55000,1,20,0.87,1
301969.33,12,25,145000,1,0,1.0,1
108486.0,12,42,155000,2,0,0.413,0
63751.0,12,38,40000,2,0,0.928,0
0.0,0,54,110000,1,0,0.0,0
169974.67,12,62,115000,2,0,0.729,0
228649.33,12,52,180000,1,0,0.656,0
17439.0,6,48,160000,1,0,0.081,0
18351.33,12,30,10000,1,20,0.72,0
56067.67,12,35,180000,2,0,0.172,0
0.0,0,38,180000,2,10,0.0,0
26103.67,8,37,220000,1,0,0.025,0
180674.0,12,49,200000,2,30,0.44,1
31648.33,4,35,90000,2,20,0.178,0
0.0,0,30,115000,1,10,0.0,0
10930.0,8,29,100000,1,0,0.045,0
14949.33,12,34,115000,1,0,0.1,0
47831.33,12,53,25000,2,0,0.956,0
16178.0,12,36,135000,1,0,0.059,0
311353.0,12,29,220000,2,0,1.0,0
2845.33,12,53,170000,1,0,0.011,0
16244.67,12,35,160000,2,0,0.038,0
9486.0,10,36,250000,2,0,0.001,0
19923.33,10,33,15000,2,0,0.986,0
87114.33,12,55,60000,3,0,0.856,0
11321.0,12,37,155000,1,0,0.034,0
2564.0,6,31,55000,3,0,0.025,0
189956.0,12,31,200000,2,0,0.464,0
3230.0,2,55,75000,1,0,0.014,0
25971.33,8,42,25000,1,0,0.949,0
20091.67,12,27,135000,2,0,0.079,0
7155.67,10,39,15000,3,0,0.484,1
26270.67,8,57,15000,1,30,0.799,1
4036.67,12,24,10000,2,0,0.535,0
19128.33,12,22,25000,2,0,0.369,0
98956.67,12,50,50000,2,0,1.0,0
1313.67,6,29,100000,1,10,0.0,0
372852.67,12,38,250000,1,0,0.839,0
81059.0,12,43,95000,2,0,0.477,0
9199.0,8,47,65000,2,0,0.045,0
18830.67,10,23,25000,2,20,0.356,0
6815.33,10,22,5000,3,0,0.936,0
827820.67,12,47,500000,1,0,0.965,0
7164.67,12,35,75000,3,0,0.077,0
17086.33,6,37,10000,2,0,0.861,1
3456.0,8,30,70000,1,20,0.008,1
200.0,4,45,105000,1,0,0.0,0
8637.0,12,53,180000,3,0,0.024,0
52653.33,8,30,30000,1,20,0.999,0
17851.33,12,33,15000,2,0,0.522,0
60835.33,12,37,70000,2,0,0.912,0
15179.0,10,21,10000,1,0,0.874,0
16275.67,12,32,60000,2,20,0.13,1
106.67,6,45,40000,1,10,0.0,0
23073.33,12,41,25000,2,0,0.438,0
276.67,8,27,180000,1,10,0.0,0
438079.0,12,30,250000,1,0,0.832,0
8577.33,10,21,5000,2,0,0.798,0
4627.0,8,25,105000,2,0,0.066,0
22935.67,12,41,25000,3,20,0.447,0
4364.67,10,38,100000,1,20,0.033,0
3863.33,2,36,150000,1,0,0.036,0
41261.33,12,24,55000,2,0,0.407,1
51090.0,12,58,25000,2,40,1.0,1
12455.67,8,41,170000,1,20,0.02,1
506.0,2,32,25000,2,0,0.016,1
49600.0,10,63,55000,3,20,0.454,0
395022.0,12,38,300000,3,0,0.766,0
1101.0,8,32,80000,1,0,0.016,0
25217.67,12,38,225000,1,0,0.024,0
7924.0,12,31,30000,1,10,0.0,1
256138.33,12,43,155000,1,20,0.809,1
12891.0,10,24,10000,2,0,0.518,0
53492.67,12,29,30000,2,0,0.888,0
11717.33,6,38,85000,2,0,0.003,0
6093.33,6,50,95000,1,10,0.0,0
404.33,6,49,115000,1,20,0.0,1
391.33,8,25,40000,1,0,0.015,0
113030.67,10,50,60000,3,20,0.93,0
18556.0,8,30,10000,2,20,0.863,0
27961.67,12,26,70000,2,0,0.266,0
49052.33,12,24,25000,2,0,0.982,0
107121.67,12,35,90000,1,0,0.58,0
2227.0,8,50,75000,3,0,0.024,0
299047.0,12,35,150000,1,0,0.981,0
40937.33,8,45,190000,1,0,0.001,0
74303.67,12,27,45000,3,20,1.0,1
9279.67,8,22,5000,2,20,0.892,0
65236.0,10,28,45000,3,20,0.71,1
24035.0,12,34,120000,1,0,0.001,0
606.67,10,32,90000,3,0,0.002,0
93037.33,12,32,70000,1,0,0.725,0
171854.67,10,36,140000,2,20,0.603,1
906.67,12,30,60000,1,0,0.006,1
543423.33,12,32,275000,2,0,0.994,1
92628.0,12,30,85000,2,20,0.534,0
4013.0,8,36,25000,2,20,0.052,0
136689.33,12,35,70000,2,0,0.984,0
9315.33,8,48,5000,3,0,0.886,0
1316.67,12,32,120000,3,0,0.006,0
27869.0,10,24,15000,2,20,0.932,0
14651.67,6,25,15000,2,20,0.472,1
3372.67,12,36,100000,2,0,0.012,0
46988.67,12,33,70000,2,0,0.403,0
0.0,8,28,100000,3,10,0.0,0
21873.33,12,37,40000,2,0,0.263,0
46626.67,12,30,50000,3,0,0.467,1
214138.33,8,26,110000,2,20,0.979,0
6049.67,12,25,40000,2,0,0.094,0
300589.33,12,27,175000,1,0,0.894,0
34536.33,4,26,25000,2,0,0.669,1
39299.67,12,39,180000,2,0,0.066,0
8708.67,10,33,115000,2,20,0.041,0
15542.33,8,39,15000,2,20,0.463,1
44470.33,10,24,35000,2,20,0.593,0
5601.67,12,23,35000,2,0,0.044,0
504.0,2,44,75000,1,10,0.0,0
8674.33,8,35,180000,1,20,0.003,0
721.0,4,56,105000,2,10,0.0,0
26934.33,6,29,25000,2,0,0.646,0
1521.33,10,48,90000,2,20,0.017,0
6026.0,12,40,105000,1,0,0.03,0
3375.0,12,53,80000,3,0,0.015,0
39496.0,12,37,25000,3,20,0.771,1
0.0,2,35,100000,2,10,0.0,0
13764.67,10,41,10000,2,0,0.686,0
129706.33,12,56,250000,3,0,0.278,0
99877.33,12,49,45000,3,0,1.0,0
50028.0,10,29,35000,1,20,0.676,0
23274.0,8,49,25000,3,0,0.676,1
112425.0,12,37,90000,1,0,0.677,0
41372.67,6,27,25000,2,30,0.826,0
233836.33,12,33,115000,2,0,1.0,0
28182.0,12,28,35000,2,20,0.502,0
13391.0,12,39,15000,3,0,0.339,1
8312.67,10,54,5000,3,20,0.821,0
400.0,4,35,45000,3,20,0.0,0
71100.33,6,43,40000,3,30,0.852,1
905.33,8,46,180000,1,20,0.0,0
377.0,8,29,75000,1,20,0.005,1
8870.0,0,32,100000,1,20,0.129,0
41131.0,12,38,150000,3,0,0.117,0
0.0,0,37,250000,1,0,0.0,1
25463.33,12,27,105000,1,0,0.119,0
6532.67,10,33,40000,2,0,0.216,0
168998.67,12,44,100000,1,20,0.943,0
17354.67,12,30,115000,1,0,0.01,1
54773.0,10,29,30000,1,30,0.864,0
171279.0,10,32,90000,2,20,0.96,1
46421.67,12,26,40000,2,0,0.647,0
0.0,0,44,110000,1,0,0.0,0
5887.67,6,26,15000,2,20,0.351,0
1663.33,10,30,15000,1,10,0.0,0
10169.0,12,25,15000,2,0,0.295,0
55151.67,12,40,75000,2,0,0.36,0
23604.0,10,47,15000,2,20,0.79,0
70886.0,12,26,90000,2,0,0.518,0
27848.33,12,56,15000,1,20,0.901,0
208717.0,12,28,120000,1,0,0.987,0
27515.33,12,31,60000,2,0,0.219,0
14807.67,6,43,75000,3,0,0.117,0
384.67,6,47,90000,1,10,0.0,0
40368.67,12,46,25000,2,0,0.891,0
133.33,4,26,180000,1,10,0.0,1
401.0,4,60,15000,3,0,0.079,0
6963.67,12,24,25000,2,0,0.008,0
1360.67,2,39,15000,2,30,0.058,0
50728.0,12,53,25000,1,0,1.0,0
28975.67,4,30,45000,2,0,0.521,0
190676.0,6,39,100000,2,70,0.976,1
38806.33,12,52,25000,3,0,0.95,0
45527.67,12,40,40000,2,0,0.424,0
27144.33,2,41,25000,2,0,0.908,0
642.67,6,23,100000,2,0,0.005,0
88913.67,12,36,45000,2,0,0.992,0
193527.67,12,28,120000,1,0,0.832,0
2552.33,12,29,45000,1,0,0.019,1
4506.33,6,23,5000,1,20,0.272,0
3844.0,8,38,105000,1,20,0.011,0
13708.67,8,26,70000,2,0,0.089,0
30804.0,12,29,25000,1,0,0.594,0
43631.0,12,28,25000,2,0,0.728,1
5255.0,8,45,115000,3,0,0.007,0
4810.33,12,27,75000,2,0,0.033,0
99530.33,12,36,120000,2,0,0.045,0
69513.0,8,25,40000,2,20,1.0,0
0.0,6,33,70000,3,10,0.0,0
83076.0,12,50,145000,2,0,0.306,0
79353.67,12,29,40000,4,0,1.0,0
388600.33,12,34,200000,2,0,0.932,0
20203.67,12,46,10000,3,0,1.0,0
4064.67,12,30,180000,1,0,0.032,0
15546.67,12,25,130000,2,0,0.063,1
9149.0,10,28,15000,1,20,0.335,0
125266.67,12,27,65000,2,0,1.0,1
98152.0,12,41,245000,1,0,0.196,0
262466.33,12,42,290000,1,0,0.456,0
13958.33,10,34,10000,2,20,0.631,1
23755.33,10,32,90000,1,0,0.356,0
2018.67,10,26,45000,1,0,0.014,0
2127.0,10,25,45000,2,0,0.032,0
219643.33,12,54,220000,1,20,0.629,1
50391.67,12,52,140000,2,0,0.181,0
89323.0,12,29,115000,1,0,0.528,0
217774.0,12,35,150000,2,0,0.922,0
4175.0,6,41,10000,2,20,0.328,0
20265.33,10,26,40000,2,0,0.338,0
23921.33,0,24,10000,2,80,1.0,0
6987.33,2,34,110000,1,0,0.081,1
78371.33,12,44,105000,2,0,0.35,0
61494.0,12,49,65000,3,20,0.464,1
132473.33,4,66,200000,1,0,0.645,0
8712.33,10,25,60000,1,0,0.08,0
79885.0,12,33,230000,2,0,0.279,0
2428.33,12,42,115000,1,0,0.013,0
189705.33,12,28,105000,2,0,0.895,0
106.0,0,23,15000,2,0,0.011,0
30919.33,12,39,25000,3,0,0.825,0
1681.67,12,29,125000,1,0,0.005,0
36310.67,10,25,25000,2,30,0.712,1
33849.33,8,38,20000,2,20,0.829,1
33533.67,10,35,115000,2,20,0.125,0
0.0,2,33,105000,1,10,0.0,1
16746.0,8,30,30000,2,20,0.252,1
194116.67,12,41,250000,1,0,0.381,0
83216.67,12,28,55000,2,0,0.74,0
94808.0,12,44,200000,1,0,0.239,0
720.33,12,51,140000,1,0,0.005,0
18208.0,10,35,30000,2,0,0.37,0
2317.0,6,47,50000,3,0,0.039,0
59187.67,12,42,115000,2,0,0.28,0
818.33,10,24,40000,3,10,0.0,0
45663.33,12,43,55000,2,0,0.409,0
9245.67,8,47,195000,1,0,0.024,0
20060.0,8,39,75000,2,20,0.14,0
3422.33,4,29,90000,2,20,0.029,1
505.0,12,32,250000,1,10,0.0,0
40181.67,10,32,25000,3,30,0.792,1
10017.67,6,49,10000,3,20,0.425,0
1114.0,8,24,65000,2,10,0.0,0
61076.67,12,27,55000,3,0,0.556,0
46614.67,12,29,100000,2,20,0.23,0
42132.67,12,47,25000,2,0,0.98,0
119207.67,12,29,65000,1,0,0.977,0
165756.33,10,28,130000,2,20,0.576,0
1633.33,8,30,90000,2,0,0.001,0
1103.67,8,29,165000,1,0,0.002,0
54445.67,6,29,40000,2,20,0.675,0
953.67,2,32,160000,1,20,0.002,1
11031.33,8,38,10000,2,0,0.523,0
2400.0,0,43,25000,3,70,0.048,1
208878.0,12,40,105000,3,0,0.958,0
139619.33,8,31,210000,2,20,0.57,1
864.33,6,35,105000,2,0,0.012,0
38006.0,12,42,80000,2,0,0.224,0
18737.67,12,25,10000,1,0,0.889,0
1862.0,8,35,180000,1,0,0.006,0
12970.0,12,50,15000,2,20,0.383,1
31587.67,12,27,25000,2,10,0.0,0
1982.33,6,38,15000,2,10,0.0,1
29285.0,10,24,15000,2,0,0.934,0
1838.67,12,24,140000,2,0,0.004,0
30397.33,10,24,15000,3,20,1.0,1
11681.67,8,33,10000,2,20,0.626,0
94842.0,12,51,150000,1,0,0.362,0
1592.67,4,35,90000,1,30,0.01,0
16199.33,6,24,10000,2,40,0.827,1
2917.33,4,39,40000,3,0,0.062,0
18606.67,8,47,10000,2,0,0.978,0
26578.0,12,29,30000,1,0,0.524,0
19164.67,8,22,10000,2,20,0.937,0
29312.67,10,67,15000,3,20,1.0,0
27556.67,8,33,25000,1,20,0.539,1
27594.67,10,47,40000,1,0,0.622,0
3066.33,8,24,85000,2,20,0.007,1
482.67,12,36,80000,1,0,0.005,1
57701.33,8,27,65000,1,20,0.462,0
32473.33,8,34,15000,2,20,1.0,1
260.0,4,36,50000,1,10,0.0,0
85690.67,8,25,60000,2,30,0.725,1
283.33,6,49,75000,1,0,0.006,1
59725.0,8,24,50000,3,20,0.563,1
26766.0,8,24,15000,2,20,0.862,1
2049.67,12,45,80000,2,0,0.013,0
3614.33,12,48,60000,3,0,0.021,0
70309.67,8,40,80000,1,0,0.425,0
1132.67,6,35,170000,1,10,0.0,1
26444.0,12,55,120000,3,0,0.107,0
30369.67,12,42,15000,3,20,1.0,0
48962.67,10,54,25000,2,20,0.957,0
0.0,8,25,100000,2,10,0.0,1
12395.33,12,44,40000,2,0,0.213,0
18708.33,10,41,25000,2,20,0.1,1
16795.33,12,29,65000,2,0,0.14,0
0.0,0,57,145000,1,10,0.0,1
28985.33,12,44,15000,3,0,0.921,1
65816.67,12,40,170000,3,0,0.227,0
1061.67,12,28,90000,1,0,0.004,0
61317.67,12,23,30000,1,20,0.99,0
75805.0,12,25,195000,1,0,0.214,0
390810.33,12,35,230000,1,0,0.837,0
374975.67,12,51,250000,1,0,0.793,0
9055.0,8,44,15000,2,20,0.278,0
30405.33,10,25,40000,2,20,0.36,0
31312.33,4,41,125000,2,0,0.149,0
124124.0,12,26,140000,1,0,0.522,0
28832.67,8,26,15000,2,20,0.854,1
31320.67,12,28,15000,1,20,0.744,1
19180.67,6,27,10000,2,30,0.972,1
2432.0,10,56,190000,3,0,0.0,1
153855.0,4,29,50000,3,40,1.0,1
1574.33,12,32,90000,2,0,0.006,1
4414.33,8,25,40000,1,0,0.043,0
160100.33,12,31,110000,1,0,0.742,0
139942.67,12,26,85000,2,0,0.832,0
99609.67,10,29,70000,1,20,0.699,1
11372.67,8,29,10000,1,30,0.526,1
64071.0,12,38,50000,3,0,0.624,0
32962.33,12,47,25000,3,0,0.65,0
825.33,8,30,150000,2,20,0.007,0
27343.0,8,25,15000,3,20,0.892,0
50373.67,12,53,25000,3,0,0.994,0
27180.0,12,37,80000,2,0,0.019,0
46662.67,10,27,40000,2,20,0.574,0
124428.67,12,28,70000,2,0,0.943,0
19066.0,10,23,10000,2,20,0.97,1
15823.0,12,51,25000,3,0,0.349,0
0.0,4,34,100000,1,20,0.0,1
390.0,10,23,40000,2,0,0.01,1
82190.67,10,27,40000,2,20,1.0,0
2960.0,2,39,105000,1,0,0.029,0
13597.67,10,28,130000,2,0,0.101,0
1025.0,8,46,100000,2,10,0.0,1
110330.0,8,33,55000,2,20,1.0,1
6961.33,8,23,5000,2,20,0.586,0
87889.33,8,30,100000,1,20,0.46,0
360.0,12,31,150000,1,0,0.001,1
2873.0,10,39,180000,1,0,0.019,0
79605.33,12,32,145000,2,0,0.27,0
28133.0,6,26,15000,3,20,1.0,1
1414.67,12,47,150000,1,0,0.0,0
10559.67,12,28,150000,1,0,0.003,0
998.67,12,45,105000,3,0,0.002,0
76103.67,12,36,25000,3,0,1.0,1
268540.33,12,26,170000,1,0,0.994,0
136609.67,12,34,165000,1,0,0.418,1
35834.0,12,28,110000,1,0,0.2,0
23886.33,4,30,50000,2,0,0.239,0
399.0,12,30,130000,1,0,0.002,1
10281.33,10,30,90000,2,0,0.002,0
780.0,8,44,100000,2,20,0.004,0
71261.0,12,41,55000,3,0,0.824,1
9052.67,8,48,10000,2,20,0.359,1
14558.67,12,25,30000,1,0,0.219,0
23967.67,10,28,15000,3,40,0.795,1
31365.0,10,24,15000,1,20,1.0,1
16198.67,12,37,210000,1,0,0.091,1
332.0,12,34,170000,1,20,0.001,1
0.0,0,38,135000,2,10,0.0,0
7716.33,12,36,180000,4,0,0.042,0
745.33,8,25,115000,1,0,0.003,0
48413.67,12,33,25000,2,0,0.947,0
1691.67,8,28,115000,1,0,0.0,0
1141.33,12,38,100000,1,0,0.0,0
101537.67,12,24,50000,2,0,1.0,0
148836.67,12,47,75000,2,0,1.0,0
36599.0,12,28,25000,3,0,0.934,0
29212.0,12,29,30000,2,0,0.568,0
10413.67,10,30,35000,2,20,0.145,0
7308.33,12,23,10000,2,0,0.252,0
20981.67,12,25,25000,2,0,0.488,0
1582.67,4,33,250000,1,20,0.003,0
0.0,2,49,195000,3,10,0.0,0
0.0,0,27,45000,1,0,0.0,0
3704.33,8,22,5000,2,0,0.575,0
520.0,4,24,15000,2,0,0.013,1
2.0,2,35,120000,3,10,0.0,1
30040.33,6,29,90000,1,0,0.203,0
26264.0,12,23,35000,2,0,0.324,0
1140.0,12,26,25000,2,0,0.031,0
12546.0,12,46,10000,3,0,0.566,0
205124.0,12,36,130000,2,0,0.772,1
0.0,0,26,80000,2,0,0.0,1
8432.67,0,42,125000,1,0,0.101,0
2213.33,2,49,10000,1,0,0.052,0
1939.0,12,37,105000,3,0,0.011,0
49925.33,12,35,50000,1,20,0.473,1
88219.67,12,28,50000,1,0,0.73,0
2250.33,10,34,115000,2,0,0.01,0
13595.0,6,25,10000,2,0,0.695,1
24910.33,12,24,20000,1,0,0.752,1
62692.0,12,51,50000,3,0,0.545,0
17534.0,12,26,10000,3,0,0.826,0
30399.0,12,32,70000,2,0,0.224,0
48056.0,12,23,25000,3,20,0.889,0
15343.0,12,26,15000,2,0,0.578,0
6801.0,2,28,40000,2,0,0.191,0
16448.0,12,31,10000,3,0,0.783,1
6666.33,8,26,105000,1,0,0.047,0
1950.33,12,33,110000,1,0,0.015,0
45404.0,12,30,75000,1,0,0.267,0
4126.0,12,28,100000,1,0,0.003,0
71836.67,12,28,100000,1,20,0.342,1
22432.33,10,39,25000,2,0,0.536,0
11939.0,10,28,40000,1,20,0.122,0
31466.0,12,32,155000,1,0,0.065,1
144528.0,10,29,105000,1,20,0.67,0
138244.33,8,40,70000,1,20,0.977,1
16399.33,12,32,10000,2,0,0.775,0
0.0,0,23,5000,1,10,0.0,0
6148.0,10,30,125000,1,20,0.022,0
2092.67,4,31,140000,1,10,0.0,0
11546.33,12,48,105000,2,0,0.041,0
7218.33,8,54,5000,2,20,0.519,0
60632.0,10,59,30000,3,0,0.986,0
61550.0,0,38,90000,1,0,1.0,0
0.0,0,31,5000,1,10,0.0,0
3868.67,4,41,100000,1,20,0.0,0
553.33,8,29,60000,1,0,0.01,0
55437.67,12,28,80000,2,0,0.339,0
163441.33,12,48,90000,1,0,0.929,0
58552.67,12,42,30000,3,0,0.97,0
63846.67,12,27,40000,2,0,0.912,0
9058.33,12,27,100000,1,0,0.049,0
18369.33,8,22,10000,3,20,0.93,1
5860.67,0,31,180000,2,0,0.049,0
144030.33,12,43,70000,1,20,1.0,0
99403.0,10,46,55000,3,20,0.855,1
133.33,6,33,180000,1,10,0.0,0
4373.67,4,22,15000,1,0,0.132,0
68262.0,6,25,50000,2,0,0.762,0
36214.33,12,34,30000,3,0,0.586,1
1242.0,6,32,65000,1,10,0.0,0
5232.67,12,34,120000,2,0,0.023,0
61675.0,8,35,105000,2,20,0.291,1
6777.33,8,25,180000,1,0,0.002,0
20940.33,4,22,15000,2,20,0.739,0
125961.67,12,49,240000,1,10,0.0,0
574.0,2,49,45000,4,0,0.019,0
8096.33,12,42,25000,1,0,0.098,0
9582.33,10,41,10000,3,0,0.459,0
1873.33,12,27,80000,2,0,0.003,0
11340.0,12,24,45000,2,0,0.161,0
3158.0,0,34,150000,4,0,0.032,0
910.0,10,43,250000,1,0,0.001,0
0.0,0,36,65000,3,10,0.0,1
37774.0,12,62,125000,3,0,0.156,0
5463.67,6,25,5000,3,20,0.469,1
1886.67,12,30,170000,1,0,0.006,0
16866.33,12,24,30000,3,0,0.259,0
48324.67,12,47,25000,2,0,0.966,0
7309.67,4,34,85000,2,20,0.046,0
410.67,12,51,245000,3,0,0.001,1
17368.0,10,26,10000,2,20,0.884,1
66775.0,6,47,275000,2,0,0.124,0
61752.33,12,39,170000,2,0,0.196,0
9416.0,8,32,5000,2,0,0.958,0
4499.67,10,25,115000,2,0,0.0,0
28587.67,10,39,15000,2,20,0.98,0
58296.67,12,42,100000,2,0,0.365,0
10866.0,12,37,225000,1,0,0.03,0
311736.0,12,44,190000,3,0,0.868,1
29292.67,12,31,25000,2,20,0.595,1
24377.33,12,27,40000,1,0,0.289,0
0.0,6,42,75000,2,10,0.0,1
48584.33,10,44,25000,2,0,0.98,0
0.0,0,39,105000,1,10,0.0,0
61723.0,10,24,50000,2,20,0.597,0
32484.0,12,38,50000,2,0,0.26,0
4650.67,12,45,250000,1,0,0.006,0
10112.67,12,58,15000,3,0,0.327,0
34374.33,12,46,25000,2,0,1.0,0
0.0,0,23,25000,2,0,0.0,0
3800.33,12,36,210000,2,0,0.009,0
27971.0,10,32,15000,2,20,0.939,1
226289.0,12,32,120000,1,0,1.0,0
64364.67,12,55,40000,3,0,0.864,0
253546.0,12,45,165000,1,0,0.804,1
49497.33,12,30,25000,2,20,0.987,1
0.0,2,42,100000,1,0,0.0,1
200.0,8,34,105000,1,20,0.0,0
70224.67,10,31,65000,2,20,0.544,0
23582.33,12,28,195000,1,0,0.027,0
7652.33,6,40,50000,3,0,0.129,0
87507.0,12,33,70000,1,0,0.609,0
71726.33,10,35,40000,3,20,0.875,1
45652.0,6,42,25000,3,40,0.89,1
23024.67,8,25,25000,2,30,0.426,0
0.0,4,39,180000,1,10,0.0,0
151089.67,6,49,85000,2,20,0.902,1
46306.0,12,41,25000,2,0,0.963,0
258595.0,12,25,155000,1,20,0.859,1
326.0,12,31,105000,1,0,0.002,1
79016.0,12,37,70000,2,0,0.644,0
113398.67,12,37,75000,1,0,0.847,0
2403.33,10,40,85000,1,0,0.012,1
4113.33,10,25,130000,1,20,0.001,1
101833.33,10,26,85000,1,20,0.585,0
1496.0,10,35,155000,1,10,0.0,0
34154.0,12,23,25000,3,20,0.687,0
337.67,2,35,130000,1,20,0.004,1
38160.0,12,27,50000,1,20,0.36,1
40108.0,8,25,20000,2,20,1.0,0
84275.67,6,46,90000,1,20,0.458,0
27963.0,10,41,25000,3,20,0.524,0
1845.33,8,29,100000,1,0,0.024,1
35580.33,12,53,160000,2,0,0.105,0
2902.67,12,45,110000,1,0,0.021,0
50112.0,10,46,90000,2,0,0.333,0
61408.0,10,36,25000,2,20,1.0,1
30259.33,10,22,25000,2,0,0.593,0
81817.0,12,32,75000,1,0,0.555,0
8744.0,8,38,60000,1,20,0.057,0
29567.67,12,34,15000,2,0,0.977,0
10331.0,4,43,5000,4,0,1.0,1
15636.67,10,34,190000,1,0,0.092,0
0.0,0,38,160000,1,10,0.0,1
1113.0,8,41,15000,2,20,0.048,0
56701.0,12,29,235000,2,0,0.155,0
77677.67,12,40,40000,3,0,0.947,0
9721.67,8,60,10000,2,20,0.428,0
129148.0,12,51,60000,1,20,1.0,0
194.67,4,37,75000,1,10,0.0,0
184432.33,12,43,100000,2,0,0.903,0
47650.67,6,40,10000,2,0,1.0,0
82057.0,12,36,85000,3,0,0.505,0
300.0,6,34,75000,1,0,0.006,0
421.33,8,30,80000,2,0,0.004,0
19718.33,12,32,140000,1,0,0.163,0
41157.0,10,42,30000,1,20,0.666,1
43385.33,12,44,50000,3,0,0.396,0
58580.67,12,48,180000,2,0,0.189,0
244956.33,12,44,250000,1,0,0.144,0
266607.33,12,30,145000,1,0,0.98,1
0.0,8,31,80000,1,0,0.0,0
23355.33,12,47,25000,2,0,0.458,0
34461.0,12,35,125000,2,0,0.108,0
3696.0,12,42,175000,1,0,0.011,0
100144.33,12,22,50000,2,0,0.994,0
30998.67,10,33,15000,2,20,1.0,0
1666.67,4,36,225000,1,10,0.0,0
5424.67,8,40,10000,3,0,0.488,0
28471.33,12,26,15000,3,0,0.935,0
77396.67,10,47,75000,3,20,0.688,0
21692.33,8,36,15000,2,30,0.744,0
4576.67,12,23,5000,3,0,0.6,0
18594.0,10,47,25000,3,20,0.351,0
1731.33,10,22,25000,1,0,0.082,0
6913.67,12,23,65000,2,20,0.048,0
46651.33,12,22,25000,3,0,0.941,0
151330.0,12,25,90000,2,0,0.987,0
27621.67,10,47,15000,2,20,0.803,1
26432.33,12,24,30000,2,0,0.495,0
19436.0,12,26,100000,1,0,0.084,0
12377.33,8,23,15000,3,0,0.61,0
198930.0,12,36,160000,2,0,0.821,0
1017.67,2,37,180000,1,20,0.004,0
58044.0,10,39,30000,1,20,0.934,0
7333.67,12,28,25000,2,0,0.275,0
28002.67,8,35,15000,2,20,0.905,0
29145.67,10,31,25000,2,20,0.693,0
36817.33,12,24,35000,1,0,0.602,0
2413.0,2,44,155000,1,10,0.0,0
6535.67,12,39,85000,2,0,0.017,0
107687.0,6,49,75000,1,0,0.742,0
2222.0,8,30,60000,1,0,0.028,0
55821.33,12,33,50000,1,0,0.754,0
140655.0,10,41,70000,1,20,0.988,1
12915.67,12,47,90000,3,0,0.081,0
10681.33,4,51,10000,3,0,0.984,0
0.0,0,25,40000,2,10,0.0,0
135922.33,12,39,100000,2,0,0.893,0
25729.67,12,27,100000,2,20,0.127,0
17807.67,10,42,15000,3,20,0.487,0
249.67,10,40,125000,2,0,0.0,0
32413.33,6,30,25000,3,30,0.624,0
2505.67,10,31,125000,1,0,0.0,1
24713.33,12,25,70000,1,0,0.167,0
2871.67,12,31,85000,2,20,0.003,0
8145.67,12,47,120000,2,0,0.001,0
138070.67,12,37,70000,1,0,0.965,0
50787.67,12,28,25000,2,0,1.0,0
129941.67,10,47,120000,2,20,0.518,1
2549.0,12,57,210000,2,0,0.002,0
1120.0,12,53,110000,1,0,0.005,0
39185.33,12,28,35000,2,0,0.632,0
53386.67,12,28,45000,2,0,0.62,0
0.0,2,40,110000,1,0,0.0,0
6717.0,12,27,100000,1,0,0.047,0
217014.0,12,55,120000,3,0,0.955,0
20857.33,12,28,155000,3,0,0.063,0
77848.33,12,34,40000,2,20,0.952,1
147409.33,12,38,145000,2,0,0.497,0
164048.0,12,43,130000,2,0,0.674,1
0.0,0,43,60000,1,10,0.0,1
1711.33,10,32,130000,1,20,0.002,0
436.67,0,39,180000,2,20,0.002,0
9132.33,12,36,15000,3,0,0.265,1
28776.67,8,22,15000,2,20,0.915,1
4315.67,12,22,10000,1,0,0.164,0
179001.0,12,25,120000,2,0,0.732,0
241298.33,6,31,100000,2,70,1.0,1
29528.33,10,38,35000,2,20,0.386,0
618.0,10,23,100000,1,0,0.002,0
8682.33,10,31,75000,1,0,0.123,0
12572.0,12,35,80000,2,0,0.111,0
68344.33,12,30,90000,1,0,0.631,0
144267.33,12,39,95000,2,0,0.76,0
17268.67,12,22,10000,2,0,0.787,0
83430.0,12,27,75000,1,0,0.55,0
9782.67,12,35,155000,2,0,0.024,0
92156.0,12,36,90000,2,0,0.549,0
107717.0,12,24,40000,2,0,1.0,1
85508.33,12,41,175000,2,0,0.244,0
30934.33,4,47,25000,2,0,0.651,0
77380.33,12,23,45000,2,20,0.974,0
50086.67,10,35,110000,2,0,0.511,0
43447.67,8,25,25000,1,30,0.877,1
810.33,8,46,45000,3,20,0.018,0
106215.33,12,30,200000,2,0,0.403,0
4003.0,12,40,105000,3,0,0.011,0
177959.33,8,39,90000,2,20,0.984,1
13544.67,12,55,250000,1,0,0.008,0
238338.67,10,39,130000,2,20,0.879,1
12086.0,12,26,90000,2,0,0.04,0
2666.67,2,34,90000,2,0,0.044,1
23464.33,12,24,15000,1,0,0.741,0
27163.33,12,33,180000,1,0,0.087,0
1104.33,6,47,140000,1,20,0.007,0
50753.33,12,27,50000,1,20,0.532,1
37142.0,12,49,25000,2,0,0.989,0
18589.67,6,31,10000,3,0,0.878,0
1114.67,8,27,40000,3,0,0.021,1
260.0,2,36,55000,2,10,0.0,0
4291.67,10,25,25000,1,20,0.126,1
39395.67,12,50,25000,2,0,0.962,1
17300.67,10,33,10000,1,20,0.806,0
106815.33,4,41,100000,3,0,0.491,0
21151.67,10,44,125000,2,10,0.0,0
0.0,0,33,75000,1,10,0.0,1
0.0,0,23,25000,1,10,0.0,1
1127.67,8,38,100000,1,20,0.009,0
138566.0,12,38,110000,2,0,0.668,0
1931.0,10,36,30000,2,0,0.0,0
47479.67,12,43,50000,2,0,0.477,0
17037.33,6,46,10000,3,0,0.776,0
84166.33,6,28,70000,2,40,0.588,1
39477.67,4,46,25000,2,0,0.974,1
29525.33,10,28,25000,1,0,0.573,0
686.0,10,30,60000,2,0,0.006,0
0.0,2,39,60000,1,10,0.0,0
28828.67,12,38,15000,2,0,0.955,0
0.0,4,26,90000,1,10,0.0,0
63288.67,12,46,250000,1,0,0.106,0
308660.67,12,44,210000,1,0,0.804,0
15316.67,10,45,10000,2,20,0.715,0
40138.0,10,24,25000,2,0,0.782,1
19079.0,12,30,130000,2,0,0.076,0
38528.33,10,27,25000,2,0,0.95,0
1288.67,8,26,25000,1,0,0.015,0
44391.0,12,49,25000,2,0,0.867,0
71358.67,12,49,50000,2,0,0.699,0
38622.0,10,24,25000,1,40,0.779,1
166792.33,12,27,90000,1,0,0.97,0
0.0,2,38,120000,1,10,0.0,0
29254.33,6,38,15000,2,20,0.949,0
5192.67,2,60,15000,3,30,0.196,1
87613.67,12,45,135000,1,0,0.356,0
592.67,12,57,15000,3,0,0.012,1
3317.0,12,31,100000,2,0,0.007,1
6115.0,6,29,20000,2,0,0.22,1
9182.33,12,31,180000,1,0,0.0,0
10655.67,12,57,75000,3,0,0.037,0
10347.33,10,24,40000,2,20,0.124,1
14638.33,10,32,150000,1,10,0.0,0
136786.67,12,32,110000,2,0,0.918,0
776.0,12,42,55000,2,0,0.007,0
10040.0,6,30,25000,1,0,0.236,0
30367.0,12,60,25000,3,0,0.623,0
13704.33,12,37,115000,1,0,0.002,0
45630.33,10,27,25000,1,20,0.867,1
137402.67,12,39,120000,2,0,0.716,0
9354.67,10,26,65000,1,0,0.154,0
42687.67,12,34,80000,1,0,0.273,0
120108.67,12,31,105000,1,0,0.58,0
3685.0,12,32,105000,2,0,0.009,0
214037.0,12,47,165000,1,0,0.727,0
11528.67,8,51,55000,2,20,0.092,0
110771.67,12,28,60000,2,20,0.908,0
6936.0,10,29,50000,1,0,0.055,0
60102.33,12,34,105000,2,0,0.303,0
174669.67,10,31,175000,1,20,0.519,0
142216.33,12,25,90000,2,0,0.788,0
55942.0,12,28,75000,1,0,0.442,0
47456.67,8,37,25000,1,20,0.989,0
7686.67,8,47,115000,3,0,0.024,0
9929.33,8,39,15000,2,20,0.329,1
86916.67,12,24,45000,2,20,0.963,1
16266.67,12,24,195000,2,0,0.042,0
16567.67,8,25,25000,2,20,0.314,1
34585.33,12,39,160000,2,0,0.16,0
16964.33,10,34,10000,2,0,0.795,0
43362.0,12,41,100000,2,0,0.211,0
7742.67,8,40,250000,1,0,0.011,1
0.0,2,28,95000,2,10,0.0,0
7613.0,12,25,35000,1,20,0.082,1
7033.33,8,35,110000,1,0,0.038,1
30078.67,10,28,25000,2,20,0.577,0
16398.67,12,37,25000,2,0,0.304,0
29627.67,8,46,25000,2,20,0.568,0
65676.67,12,42,35000,1,0,1.0,0
66867.0,12,26,40000,1,0,0.837,0
45703.67,12,41,25000,3,0,0.91,0
448.33,2,27,75000,1,0,0.009,0
888.67,6,36,150000,1,0,0.002,0
12150.33,12,25,25000,1,0,0.219,0
6159.67,12,42,85000,2,0,0.027,0
316.0,12,37,175000,1,0,0.001,0
45821.33,12,33,235000,2,0,0.092,0
14323.33,8,25,10000,2,0,0.68,0
814.67,8,26,70000,2,10,0.0,0
43260.0,10,23,30000,2,20,0.75,0
132063.0,10,23,80000,2,20,0.765,0
104192.67,12,26,75000,1,0,0.677,0
357.33,4,23,10000,1,0,0.015,0
6833.67,12,35,105000,1,0,0.032,0
12635.0,12,23,25000,2,0,0.067,0
15069.0,12,31,105000,1,0,0.073,0
18675.0,12,44,140000,1,0,0.002,0
20155.33,12,36,150000,2,0,0.052,0
186895.0,12,37,115000,3,0,0.993,0
11677.0,12,47,125000,2,0,0.036,0
36709.67,12,36,250000,1,0,0.048,0
10934.67,12,48,25000,2,0,0.252,0
4616.67,10,46,25000,3,0,0.119,0
304227.0,8,36,75000,2,0,1.0,0
27533.33,8,53,90000,1,10,0.0,0
146368.0,12,37,225000,2,0,0.304,0
3195.33,4,24,35000,2,20,0.06,0
89221.0,12,40,55000,3,0,0.849,0
173890.0,10,43,100000,1,20,1.0,1
0.0,0,37,105000,2,10,0.0,0
129221.0,12,36,160000,1,0,0.457,0
67793.0,12,37,10000,1,0,1.0,1
1020.0,4,29,65000,2,20,0.009,0
14222.67,10,29,10000,1,0,0.848,0
1538.67,6,39,105000,1,20,0.016,0
26121.0,12,33,15000,2,0,0.85,1
48111.67,8,36,30000,3,20,0.8,1
62994.67,12,49,55000,2,0,0.687,0
24074.33,6,32,65000,1,0,0.248,0
72591.67,12,38,250000,1,0,0.149,0
336849.67,12,38,250000,2,0,0.998,1
7987.0,8,35,50000,2,20,0.081,1
14692.67,12,25,110000,1,20,0.135,0
62221.67,12,40,25000,2,0,0.811,0
1320.0,12,49,250000,1,0,0.003,0
3648.33,10,29,25000,1,0,0.049,1
6012.33,10,45,100000,1,0,0.007,0
4642.0,10,50,160000,2,0,0.018,0
13462.33,10,29,225000,2,20,0.037,0
40446.67,2,26,10000,3,80,1.0,0
166.67,0,44,155000,2,0,0.002,0
88984.67,12,23,60000,2,0,0.839,1
270223.67,12,48,100000,2,0,1.0,0
41797.0,12,53,25000,3,0,0.989,0
67724.0,6,48,65000,3,0,0.773,0
26359.0,12,23,25000,2,0,0.508,0
17693.0,10,26,65000,2,20,0.126,1
49832.0,12,42,25000,2,0,1.0,0
16340.0,10,32,15000,2,20,0.576,0
25763.33,12,34,15000,2,20,0.8,1
390.0,10,34,80000,1,0,0.002,1
44397.0,10,27,25000,1,20,0.867,0
32270.0,12,28,40000,2,0,0.226,0
46949.0,12,25,30000,2,0,0.838,0
34129.33,10,27,115000,1,20,0.203,0
88515.67,12,30,195000,1,0,0.221,0
3877.67,12,28,55000,2,0,0.029,0
0.0,4,24,25000,1,10,0.0,0
9344.0,0,35,10000,2,20,1.0,1
25728.0,2,29,50000,2,0,0.653,0
26019.33,12,33,35000,3,0,0.463,0
146628.0,12,31,75000,2,20,1.0,0
18032.0,12,31,195000,1,0,0.05,0
49038.67,12,22,25000,2,0,0.951,0
105114.67,8,26,45000,2,20,1.0,0
247783.67,12,30,145000,2,0,0.997,1
19897.67,10,24,10000,2,20,0.97,0
87852.67,8,28,45000,1,20,0.977,1
267376.0,12,48,130000,3,0,1.0,0
92164.67,12,26,45000,2,0,1.0,0
102404.0,10,27,50000,2,30,1.0,1
129838.0,12,31,75000,1,0,0.843,0
57429.33,12,46,30000,2,0,1.0,0
79450.0,12,42,40000,2,20,1.0,0
6916.33,6,24,40000,2,0,0.195,0
30016.67,8,26,15000,2,20,1.0,0
2976.0,12,38,10000,2,0,0.132,0
11500.0,0,24,25000,2,0,0.69,0
29775.33,12,37,125000,1,0,0.176,0
39890.33,12,22,25000,1,0,0.839,1
3523.67,10,32,60000,3,20,0.043,0
25.0,0,36,10000,2,10,0.0,0
2185.33,12,33,140000,3,0,0.008,0
46198.0,12,35,25000,1,0,0.931,0
69050.33,12,49,180000,3,0,0.001,0
671.0,10,32,50000,1,20,0.007,1
48026.67,8,42,70000,3,20,0.34,0
172213.67,12,33,85000,2,0,1.0,0
26568.0,12,33,25000,2,0,0.513,0
35202.33,12,46,25000,3,0,0.982,0
1830.0,12,47,60000,2,0,0.021,1
88987.67,12,38,85000,2,20,0.508,0
192057.67,12,43,190000,2,0,0.514,0
79285.33,12,37,200000,3,0,0.192,0
24570.33,12,30,25000,1,0,0.603,0
11856.0,10,42,220000,2,10,0.051,0
150.0,2,24,15000,2,20,0.005,0
10661.0,12,39,235000,1,0,0.012,0
634.33,6,40,90000,3,0,0.011,0
11407.67,2,32,55000,3,0,0.309,1
49957.0,12,25,150000,1,0,0.256,0
325.0,12,31,60000,1,0,0.003,0
2001.67,12,33,110000,1,0,0.015,0
38159.67,12,27,25000,1,0,1.0,0
0.0,2,43,50000,2,10,0.0,0
3882.33,10,30,85000,1,0,0.022,0
4173.33,12,37,180000,1,0,0.009,0
3686.0,12,43,90000,2,0,0.027,0
29675.33,12,27,60000,2,0,0.279,0
883.0,10,32,105000,3,0,0.008,0
30256.33,12,56,30000,2,0,0.481,1
19078.67,12,40,65000,2,0,0.159,0
10486.0,12,36,25000,3,0,0.076,0
30432.67,8,52,25000,3,20,0.61,1
1325.33,2,33,50000,1,0,0.04,1
92766.0,12,43,75000,3,0,0.604,0
3397.33,8,38,120000,2,20,0.029,1
4329.33,4,38,60000,2,0,0.065,0
199.0,10,32,40000,2,0,0.002,1
167600.67,12,27,105000,2,20,0.829,1
4244.0,10,37,40000,2,20,0.014,0
22193.33,10,38,25000,2,20,0.417,1
46478.67,12,52,25000,2,0,1.0,0
1824.0,10,34,165000,1,0,0.004,0
76784.67,12,28,115000,3,0,0.665,0
6961.0,0,44,15000,3,40,0.241,1
40187.33,12,41,25000,1,20,0.783,1
184532.0,10,37,110000,1,20,0.845,0
11863.33,12,27,135000,1,0,0.042,0
157689.67,12,44,80000,1,0,0.978,0
4214.0,6,24,5000,2,20,0.389,0
16110.67,4,25,10000,2,0,0.75,0
23363.0,8,25,15000,3,20,0.748,1
89654.33,10,32,105000,2,20,0.409,0
119105.33,10,50,125000,2,20,0.465,0
24354.0,12,28,25000,2,0,0.465,0
763.0,12,28,90000,1,0,0.003,0
24004.0,12,35,100000,1,0,0.037,0
21581.0,10,38,175000,1,0,0.047,1
18515.67,12,22,10000,1,0,0.905,0
20109.0,2,36,15000,3,0,1.0,1
7549.0,8,34,10000,1,20,0.305,0
63072.0,12,59,70000,3,20,0.443,1
21030.67,10,44,15000,3,20,0.622,1
11572.67,4,30,90000,1,0,0.087,0
9318.33,8,25,10000,2,30,0.401,0
54730.67,12,36,50000,3,20,0.535,1
109774.33,10,36,50000,3,20,1.0,1
0.0,2,45,10000,2,0,0.0,0
21011.0,10,31,175000,1,20,0.053,1
71424.67,12,32,40000,2,0,1.0,0
44380.67,12,49,60000,3,0,0.369,0
23102.0,12,30,105000,2,0,0.008,0
29357.33,10,37,60000,1,0,0.267,0
9550.67,12,22,10000,2,20,0.407,0
716.0,8,25,100000,3,0,0.004,0
1110.33,4,54,25000,2,40,0.023,0
38021.33,10,37,85000,2,0,0.033,0
81.67,2,37,225000,1,10,0.0,0
396.0,10,34,150000,1,0,0.001,0
301664.0,12,36,150000,1,0,0.985,0
7468.0,12,37,140000,2,0,0.007,0
176702.67,12,39,85000,1,0,1.0,0
31211.67,10,38,30000,1,20,0.5,1
23123.67,12,29,25000,2,0,0.469,0
330.0,8,38,190000,2,0,0.0,0
44536.67,8,40,35000,1,20,0.646,1
34539.0,8,48,215000,1,0,0.01,0
326.0,12,38,90000,1,0,0.002,0
291670.67,10,41,165000,2,20,0.878,0
2458.0,2,26,125000,1,0,0.029,0
379113.67,12,38,240000,1,0,0.8,0
2452.0,10,37,105000,2,20,0.009,0
22345.67,12,26,80000,2,0,0.157,0
400065.33,10,29,195000,4,20,1.0,0
496.0,12,44,140000,1,10,0.0,0
260.0,4,33,25000,2,0,0.008,0
1908.67,6,60,175000,1,10,0.0,1
120.0,0,40,115000,1,0,0.002,0
34131.0,8,36,100000,3,0,0.028,0
29581.33,12,47,15000,2,0,0.987,0
11269.33,10,37,25000,2,0,0.094,0
20595.67,12,26,90000,1,0,0.136,0
144547.33,12,45,75000,3,0,0.943,1
39936.33,10,27,35000,1,20,0.564,0
10276.0,12,26,75000,2,0,0.067,0
44017.33,10,25,25000,3,20,0.874,0
90017.0,12,42,215000,2,0,0.208,0
4157.33,8,25,35000,1,20,0.052,1
277.33,8,36,10000,3,10,0.0,0
336.33,2,33,155000,1,0,0.0,1
78556.0,12,23,80000,2,0,0.605,0
29429.0,10,38,15000,3,20,1.0,0
64416.0,12,39,240000,3,0,0.107,0
104692.0,8,28,90000,1,20,0.552,1
10606.33,12,40,105000,2,0,0.024,0
312.0,12,30,180000,1,0,0.001,1
36146.67,10,31,90000,3,20,0.205,0
15319.0,6,29,100000,1,20,0.081,0
31276.33,12,22,25000,3,0,0.968,1
1585.0,8,48,120000,2,0,0.017,1
23521.33,8,29,90000,1,0,0.198,0
513.0,8,33,40000,3,0,0.004,0
45007.67,12,32,25000,3,0,0.855,0
99657.33,12,36,140000,2,0,0.364,0
41927.67,12,29,35000,1,0,0.621,0
5794.67,6,36,200000,1,0,0.016,0
430.0,12,45,105000,3,0,0.002,0
56582.0,12,33,40000,3,0,0.693,0
300.0,0,24,15000,2,70,0.01,0
400.0,4,29,155000,2,20,0.001,0
0.0,0,27,180000,3,10,0.0,0
28683.67,12,28,100000,2,0,0.149,0
43220.0,12,33,25000,2,0,1.0,0
47458.0,12,41,160000,2,0,0.156,0
26221.0,10,27,30000,2,20,0.391,0
220860.33,12,30,115000,1,20,0.941,0
1070.0,2,44,75000,1,0,0.012,1
394.33,8,39,180000,1,0,0.0,0
23791.67,12,34,25000,1,0,0.412,0
4773.33,12,37,140000,1,0,0.014,0
31089.67,10,50,25000,3,0,0.77,0
19725.0,12,32,250000,1,0,0.031,0
14621.0,10,41,200000,3,0,0.046,1
1805.0,10,28,140000,2,0,0.006,0
218559.33,4,41,180000,2,0,0.44,0
16388.67,10,29,130000,1,10,0.06,1
156259.33,12,42,165000,1,0,0.731,0
94853.67,12,33,175000,2,0,0.0,0
25892.67,12,39,250000,2,0,0.073,0
131741.0,12,35,220000,1,0,0.293,0
229235.67,12,28,130000,2,0,0.903,0
31765.0,10,48,250000,3,20,0.074,0
80643.0,12,35,50000,2,0,0.814,0
63074.33,12,47,35000,3,0,0.967,0
52486.0,12,43,220000,1,0,0.132,0
212520.0,12,44,110000,1,0,0.949,0
3271.0,12,32,80000,1,0,0.02,0
5935.33,8,46,100000,2,20,0.037,0
27236.67,12,25,15000,2,0,0.815,0
112426.33,12,27,55000,1,0,1.0,0
58586.33,12,43,30000,2,0,0.951,0
33967.67,12,28,130000,1,0,0.296,0
105233.33,12,36,55000,2,0,0.994,0
257193.0,12,44,130000,3,0,0.992,0
156409.67,12,32,140000,1,0,0.562,0
962.67,10,30,105000,1,0,0.002,0
24330.0,12,37,40000,2,0,0.072,0
62553.33,12,37,100000,1,0,0.377,0
73990.33,10,33,50000,2,20,0.748,0
9587.0,12,42,105000,2,0,0.045,0
144050.67,10,35,70000,2,20,1.0,0
96090.33,10,29,90000,1,20,0.522,0
111537.67,12,34,120000,2,0,0.512,0
18595.33,8,24,75000,1,0,0.032,0
107517.67,12,54,40000,2,0,1.0,1
20537.67,10,37,105000,2,0,0.109,1
18569.67,12,28,90000,1,0,0.07,0
99385.33,12,26,50000,1,0,0.964,0
17303.33,12,28,10000,1,0,0.868,0
103439.33,12,34,70000,2,0,0.917,0
859.67,10,40,100000,3,0,0.002,0
56253.67,12,25,40000,2,0,0.964,0
18793.33,8,49,10000,2,20,0.936,1
0.0,2,24,40000,2,0,0.0,0
146761.67,12,41,85000,1,0,0.974,0
50469.33,10,41,35000,2,20,0.718,1
6165.33,12,40,45000,3,0,0.04,0
23243.0,12,30,15000,2,0,0.741,0
5814.67,8,25,25000,1,0,0.051,0
889.67,8,21,25000,2,0,0.008,1
217454.0,12,39,130000,1,0,0.889,0
36312.0,12,33,180000,1,0,0.139,0
0.0,0,52,250000,3,0,0.0,1
162194.33,10,46,80000,3,20,1.0,0
98209.33,12,39,230000,1,0,0.194,0
19562.0,8,26,10000,2,20,0.968,1
1045.0,10,25,180000,2,20,0.0,0
412.0,4,38,150000,1,0,0.003,0
30450.0,10,28,35000,2,30,0.426,1
34419.0,12,26,25000,1,0,0.536,0
116968.0,10,51,75000,3,0,0.758,0
1923.33,12,42,195000,2,0,0.004,0
238278.67,12,37,140000,1,0,0.898,0
3946.67,8,28,25000,3,0,0.068,0
1299.33,6,38,140000,1,10,0.0,1
0.0,0,41,25000,2,10,0.0,0
8356.67,10,32,25000,1,20,0.264,0
0.0,0,28,75000,1,0,0.0,0
1395.67,6,31,60000,1,10,0.0,1
7713.0,10,37,180000,2,0,0.03,0
8197.67,12,33,10000,2,0,0.15,0
48634.33,4,46,25000,3,0,0.976,0
10809.67,6,23,10000,1,20,0.52,1
89697.33,12,35,45000,2,0,1.0,1
179203.0,10,35,115000,2,0,0.769,0
18003.67,8,22,10000,2,20,0.9,0
20117.0,12,23,50000,2,0,0.458,0
204195.0,12,26,135000,2,0,0.794,0
830.0,12,28,80000,2,0,0.009,0
38203.33,12,29,40000,2,0,0.584,0
8473.67,10,24,5000,1,20,0.755,1
11635.67,12,27,250000,2,0,0.023,0
9235.0,12,43,45000,1,20,0.179,0
11330.33,12,59,75000,3,0,0.074,0
1202.33,6,49,25000,3,0,0.05,0
203332.33,10,48,130000,3,0,0.772,0
7035.67,10,22,25000,2,0,0.017,0
1465.0,6,28,15000,1,20,0.04,1
46894.0,8,26,35000,2,20,0.666,0
0.0,0,52,180000,1,10,0.0,1
4262.67,12,39,215000,1,0,0.002,0
2087.0,12,23,25000,2,0,0.026,0
16387.33,2,26,75000,4,20,0.151,0
17455.33,8,23,35000,2,20,0.249,1
32352.33,8,25,75000,1,0,0.283,0
11509.67,12,38,55000,3,0,0.128,0
4650.0,6,38,10000,1,30,0.176,1
8897.0,10,39,10000,3,20,0.391,0
8996.33,12,31,25000,1,0,0.23,0
7755.0,10,33,5000,1,0,0.842,0
18191.33,8,24,10000,2,20,0.785,0
116032.0,12,34,90000,2,10,0.829,1
60238.67,10,26,30000,2,20,1.0,1
7950.67,8,30,10000,1,20,0.344,1
69345.33,12,25,35000,1,0,1.0,0
44267.33,12,38,30000,2,0,0.807,0
40439.33,12,28,100000,1,0,0.017,0
783.0,2,34,100000,1,10,0.0,1
3709.67,12,37,150000,1,0,0.01,0
5106.0,12,34,195000,1,0,0.033,0
60778.67,12,23,40000,2,0,0.905,0
5886.67,8,25,50000,1,0,0.127,0
223645.0,10,30,115000,3,30,0.93,0
0.0,4,49,20000,3,10,0.0,0
30413.33,12,25,90000,2,0,0.185,0
23597.67,12,28,210000,2,0,0.054,0
1473.0,8,59,10000,2,0,0.147,0
37334.0,12,31,170000,2,0,0.099,0
15370.67,8,25,10000,1,20,0.466,1
33513.0,12,52,160000,3,0,0.1,0
0.0,0,39,180000,1,0,0.0,0
36095.0,10,29,50000,1,0,0.333,0
99629.0,4,36,155000,1,0,0.0,0
36304.67,12,24,70000,2,0,0.256,0
99525.0,8,33,100000,2,20,0.495,0
581.0,2,28,15000,2,0,0.058,1
131714.33,12,25,65000,3,0,1.0,0
18062.33,6,44,10000,3,20,0.855,0
107951.0,12,57,60000,4,0,0.971,0
4044.0,10,32,95000,1,0,0.042,0
42704.33,12,26,25000,2,0,0.874,0
110045.33,12,27,65000,4,0,0.828,0
29960.33,12,48,110000,2,0,0.128,1
65107.33,12,29,100000,2,0,0.352,0
30925.33,12,59,25000,3,0,0.744,0
30493.33,6,26,15000,2,20,1.0,0
0.0,0,33,100000,2,10,0.0,0
4518.67,4,50,200000,3,20,0.014,1
115383.33,12,41,60000,1,0,0.99,0
47725.0,12,38,30000,2,0,0.766,0
9898.33,6,25,75000,1,0,0.021,0
6677.33,6,44,120000,2,30,0.071,0
1198.0,0,29,65000,2,0,0.028,0
94687.0,10,40,100000,3,20,0.457,1
833.33,0,56,120000,2,20,0.01,1
16320.67,12,22,15000,1,20,0.496,1
43296.33,12,26,25000,2,0,0.887,0
15364.33,12,26,15000,2,20,0.455,0
0.0,0,33,155000,1,0,0.0,0
113799.33,10,28,60000,2,20,0.932,1
17215.67,12,34,145000,2,0,0.056,0
47343.67,12,45,25000,2,0,0.918,0
87862.33,12,27,65000,1,0,0.668,0
36437.33,10,30,25000,4,0,0.946,0
396.0,6,33,105000,2,0,0.0,0
4527.67,4,47,25000,3,30,0.095,1
6774.67,12,40,5000,2,0,0.616,0
6726.0,10,22,5000,3,0,0.576,0
77866.0,6,24,40000,2,30,0.943,1
0.0,0,65,180000,2,10,0.0,1
17411.33,12,32,265000,1,0,0.023,0
20070.0,12,46,10000,2,0,1.0,0
130849.0,12,42,85000,2,0,0.774,0
6577.0,8,33,110000,2,20,0.073,0
1099.33,10,40,90000,3,0,0.006,0
6440.33,10,37,220000,1,0,0.012,0
18651.0,8,62,10000,2,20,0.894,1
0.0,0,39,200000,2,10,0.0,1
28492.0,2,27,65000,2,0,0.345,0
160920.0,12,29,210000,1,0,0.463,0
78636.0,12,34,40000,2,0,0.984,0
25869.0,6,45,10000,2,0,0.928,0
92164.0,10,29,160000,2,30,0.291,1
27033.0,10,40,80000,1,0,0.172,0
50005.0,10,23,25000,2,20,0.974,0
11652.33,10,35,25000,2,0,0.291,0
71614.67,12,43,35000,2,0,1.0,0
19295.0,4,59,10000,3,40,0.954,1
159391.0,12,24,80000,2,0,0.984,0
0.0,0,33,65000,1,10,0.0,1
19176.67,10,23,10000,1,30,0.846,0
63567.0,12,48,85000,2,0,0.11,0
321.67,6,39,150000,1,0,0.002,0
2194.33,4,31,80000,1,0,0.01,0
333.33,2,52,55000,3,10,0.0,0
93098.0,12,27,115000,1,0,0.401,0
32889.33,12,21,30000,2,0,0.683,0
200228.67,12,35,140000,1,20,0.523,0
413.0,6,47,90000,1,10,0.0,0
12978.33,6,30,15000,1,30,0.404,1
39679.67,12,28,25000,2,0,0.96,0
693.33,8,41,135000,2,20,0.003,0
782.0,0,24,40000,2,0,0.029,1
29377.0,10,31,60000,1,20,0.214,1
194.0,8,53,60000,3,0,0.002,0
29049.33,12,23,15000,1,0,0.968,0
68360.33,12,36,190000,1,0,0.181,0
80337.0,8,37,40000,2,20,1.0,1
18694.33,8,26,10000,2,0,0.897,0
4532.33,10,34,80000,3,20,0.018,0
2976.0,4,26,115000,2,40,0.036,1
337272.67,12,39,185000,2,20,0.904,1
29151.33,8,41,15000,3,20,0.991,0
19818.0,12,24,10000,2,0,1.0,0
17224.0,8,23,10000,2,30,0.876,1
86795.0,12,52,235000,2,0,0.18,0
33039.33,12,29,110000,2,0,0.164,1
65506.0,12,32,40000,3,0,0.986,0
0.0,2,33,90000,2,0,0.0,0
18255.33,10,39,50000,2,0,0.241,0
8826.33,10,21,5000,2,0,0.789,0
1982.33,4,51,140000,2,0,0.009,0
99579.33,10,31,55000,1,20,0.977,1
118136.67,12,27,105000,1,0,0.643,0
8219.67,12,36,100000,1,0,0.052,0
1314.0,12,27,130000,1,0,0.003,0
364.33,8,36,300000,1,0,0.0,0
69834.0,12,47,165000,2,0,0.059,0
234262.0,12,31,250000,1,0,0.517,0
5467.0,10,29,100000,1,0,0.038,0
4397.67,6,36,100000,2,20,0.036,1
3414.0,10,27,105000,2,20,0.025,0
6878.33,8,46,250000,1,0,0.008,0
3133.33,2,44,5000,2,0,0.412,0
12333.33,0,24,80000,1,0,0.231,0
48943.67,12,42,25000,3,0,1.0,0
125872.0,10,33,65000,2,20,1.0,0
141010.0,12,28,70000,1,0,0.986,1
25050.0,2,45,40000,2,0,1.0,0
11426.33,10,31,250000,1,0,0.035,1
127143.33,12,39,250000,2,0,0.293,0
5198.0,10,35,160000,2,20,0.013,0
49105.0,6,29,25000,2,20,0.992,0
3093.33,2,40,60000,2,0,0.035,0
331.33,10,59,250000,1,0,0.0,1
6883.0,12,42,145000,2,0,0.0,0
7974.0,6,50,140000,1,0,0.069,0
37862.0,12,41,15000,3,0,1.0,1
21206.33,6,31,40000,1,20,0.263,1
52379.0,12,24,25000,2,20,0.963,0
8337.0,6,24,5000,3,20,0.783,0
15048.0,8,49,275000,1,0,0.077,1
9143.0,12,41,30000,2,0,0.248,0
4551.33,10,28,70000,2,0,0.042,0
32599.0,12,28,25000,2,0,0.922,0
382946.33,12,27,150000,2,0,0.954,1
28767.0,10,29,15000,3,20,0.895,1
0.0,2,25,25000,2,10,0.0,1
833.33,0,33,125000,2,20,0.01,1
56124.33,12,39,30000,1,0,0.916,0
58142.0,10,44,40000,3,20,0.713,0
897.0,0,33,240000,1,10,0.0,0
22519.0,6,44,15000,2,30,0.772,1
9469.0,12,25,5000,2,0,0.915,0
0.0,8,41,205000,1,0,0.0,0
41810.0,12,33,50000,1,20,0.382,0
70565.67,12,41,100000,3,0,0.423,0
366651.67,12,48,190000,2,0,0.956,0
42704.67,10,27,50000,2,20,0.413,0
38931.0,10,27,25000,3,20,0.753,1
94359.67,10,28,65000,2,20,0.825,1
81577.0,10,34,60000,2,20,1.0,0
139297.67,10,42,75000,2,20,0.928,0
3961.33,10,39,155000,1,20,0.006,0
50000.0,8,51,55000,2,0,1.0,0
405081.33,12,37,210000,2,0,0.989,1
7107.33,10,28,70000,2,20,0.043,1
0.0,0,37,250000,1,10,0.0,1
273259.33,10,26,130000,2,20,0.994,0
316.0,12,48,45000,2,0,0.004,1
47566.0,12,41,45000,2,0,0.536,0
8610.67,4,35,10000,3,30,0.446,0
35340.33,12,36,15000,2,0,1.0,1
46895.33,12,36,70000,2,0,0.327,0
82190.33,12,32,170000,2,0,0.236,0
44.0,0,31,60000,1,0,0.0,0
10411.67,6,34,210000,1,0,0.043,0
2115.0,0,48,50000,3,0,0.063,0
99273.33,12,37,175000,2,0,0.366,0
43349.67,12,26,25000,2,0,0.98,0
37.0,0,28,15000,1,40,0.001,0
6987.67,10,29,180000,1,0,0.005,0
12640.67,12,23,10000,3,0,0.872,0
3462.67,10,38,200000,2,0,0.007,0
38489.33,12,45,85000,3,0,0.238,0
11702.67,6,36,55000,2,20,0.095,1
10932.67,6,37,100000,2,0,0.002,1
8945.67,12,32,100000,1,0,0.033,0
3033.0,8,29,180000,1,0,0.014,0
999.67,6,37,250000,1,0,0.004,0
18278.33,12,22,10000,2,0,0.923,0
148775.67,10,32,135000,3,30,0.558,0
6830.67,10,44,10000,2,20,0.327,1
0.0,4,43,175000,1,0,0.0,0
81486.33,4,26,75000,2,0,0.772,0
86890.33,12,30,130000,1,0,0.32,0
930.67,8,33,45000,1,20,0.018,0
138398.67,12,32,155000,2,0,0.524,0
113922.67,12,43,105000,1,10,0.0,0
11423.33,10,45,20000,2,20,0.285,1
0.0,2,25,40000,2,10,0.0,0
4689.0,12,22,25000,3,0,0.133,1
64785.33,12,46,185000,1,0,0.072,0
106365.67,12,28,65000,2,0,0.874,0
1733.33,6,40,355000,2,20,0.007,1
12100.0,6,24,90000,3,10,0.0,0
44637.33,12,30,40000,2,20,0.534,0
41133.67,12,32,280000,1,0,0.122,0
40997.0,12,26,85000,1,0,0.28,0
8632.0,10,63,15000,3,0,0.296,0
4693.0,12,30,215000,1,0,0.005,0
2678.33,12,37,250000,2,0,0.015,0
7696.67,6,26,5000,2,0,0.761,1
7760.67,12,25,65000,1,0,0.041,0
3.0,10,50,80000,2,0,0.0,0
88544.0,6,33,75000,1,20,0.591,1
20323.33,8,43,170000,2,0,0.098,0
187957.0,12,37,100000,2,0,0.921,0
128220.0,12,37,65000,2,0,0.968,0
49829.67,12,30,160000,3,0,0.156,0
54523.67,12,54,25000,3,20,1.0,0
31578.67,12,46,180000,1,0,0.006,0
417831.0,12,29,210000,2,0,0.973,0
2559.33,10,30,55000,1,20,0.027,0
37818.67,12,35,40000,2,0,0.337,0
60631.67,12,43,30000,3,0,1.0,1
30209.67,6,24,30000,2,0,0.796,0
150510.0,12,26,105000,2,0,0.886,0
28073.33,12,46,180000,1,0,0.117,0
8919.0,10,48,10000,2,20,0.306,0
874.0,2,42,75000,1,10,0.0,0
2942.33,6,30,155000,3,0,0.0,0
2833.67,12,40,120000,2,20,0.015,1
3181.33,12,55,80000,3,0,0.026,0
864.0,4,40,120000,1,20,0.008,0
16408.67,12,22,10000,1,0,0.734,0
390.0,12,55,95000,1,0,0.002,1
10.0,0,40,140000,2,10,0.0,0
2721.0,2,58,40000,2,0,0.046,0
163005.33,12,49,145000,3,0,0.583,0
9105.33,12,34,100000,1,0,0.02,0
2412.67,10,50,160000,1,0,0.02,0
16951.0,12,27,175000,2,0,0.046,0
42473.67,8,33,55000,1,20,0.362,0
0.0,6,37,150000,2,10,0.0,1
731.33,12,44,250000,1,10,0.001,0
1077.67,12,35,60000,1,0,0.004,0
5606.67,12,31,40000,3,0,0.064,0
195014.33,12,33,100000,2,0,0.994,1
2895.67,12,26,75000,1,0,0.01,1
148855.33,12,40,75000,1,0,0.967,0
326.0,10,42,105000,2,10,0.003,0
1794.0,0,36,75000,2,0,0.036,1
42291.67,10,26,25000,1,20,0.781,0
68469.33,12,33,40000,2,0,0.994,0
1681.33,8,34,25000,2,0,0.05,0
18308.33,10,50,10000,2,20,0.87,0
28629.0,12,37,25000,2,0,0.55,0
18067.67,8,29,25000,1,20,0.29,0
193701.67,8,46,140000,2,20,0.675,1
119945.0,12,51,115000,2,0,0.861,0
42994.67,10,30,115000,2,20,0.168,1
62461.67,12,37,40000,3,0,0.79,0
13856.0,10,35,30000,2,20,0.212,0
202072.67,12,37,100000,2,0,0.998,0
18643.0,10,22,15000,3,0,0.0,0
34993.0,12,34,170000,1,0,0.096,0
2946.33,12,40,125000,2,0,0.019,0
1133.33,12,52,100000,1,0,0.005,0
148008.0,12,39,75000,1,0,0.978,0
0.0,0,53,50000,3,10,0.0,0
102578.67,12,41,110000,2,0,0.575,0
380.0,4,32,70000,1,10,0.0,1
11164.67,8,28,20000,1,20,0.259,1
182080.0,12,30,100000,2,0,0.925,0
57799.33,12,35,260000,1,0,0.117,0
17156.67,12,22,15000,2,0,0.551,0
18201.0,10,28,10000,2,0,0.899,0
13837.0,12,40,25000,2,0,0.293,1
146929.67,4,29,150000,3,0,0.479,0
6319.0,12,36,250000,1,0,0.022,0
203159.67,12,27,245000,2,0,0.454,0
1115.0,8,27,100000,1,0,0.003,0
20535.33,12,23,20000,1,20,0.496,1
2327.33,8,28,75000,1,0,0.025,0
46232.33,12,29,25000,1,0,0.966,1
99668.33,12,27,50000,2,0,0.997,0
43936.33,8,42,25000,3,20,0.899,1
12479.67,12,25,65000,2,0,0.003,0
157.0,12,27,35000,1,0,0.002,0
29068.0,12,30,15000,1,20,0.943,0
21773.67,12,28,25000,1,0,0.623,0
9238.67,12,45,40000,1,0,0.018,1
69847.67,12,30,110000,1,0,0.33,0
172328.67,12,45,100000,2,0,1.0,0
11752.33,10,24,60000,2,0,0.094,0
99351.0,10,25,50000,2,20,0.985,0
4980.67,10,59,50000,3,10,0.0,0
30763.67,12,23,25000,1,0,1.0,0
14070.33,10,37,120000,2,0,0.009,0
7003.0,10,28,30000,1,20,0.038,0
4476.0,8,34,130000,2,0,0.032,1
18058.67,8,56,15000,3,20,0.588,1
58074.33,12,40,220000,3,0,0.124,0
133621.33,12,30,180000,2,0,0.367,0
24650.33,4,26,25000,1,0,0.106,1
316.0,12,50,135000,1,0,0.001,0
20241.0,2,27,75000,1,0,0.204,0
8355.0,12,26,100000,3,0,0.042,0
41751.67,12,36,25000,2,0,0.89,0
1515.33,8,33,105000,1,20,0.005,0
46189.33,6,27,25000,2,20,0.955,1
20070.67,12,24,25000,2,0,0.397,0
109631.67,12,29,220000,1,0,0.06,0
43982.33,6,28,30000,1,20,0.728,1
6208.33,6,41,35000,2,0,0.086,0
68948.0,12,25,145000,2,0,0.247,0
994.67,6,29,70000,2,0,0.003,0
114666.67,12,33,155000,2,0,0.357,0
3459.67,4,36,225000,1,10,0.0,0
2066.33,12,34,180000,1,0,0.003,0
384583.0,12,34,275000,2,0,0.698,0
0.0,2,44,90000,1,10,0.0,0
30421.0,12,37,70000,2,0,0.248,0
18049.33,12,33,25000,1,0,0.342,0
147.0,10,30,100000,2,0,0.0,0
49965.67,12,39,30000,2,0,0.905,0
4345.0,12,28,70000,1,0,0.023,0
68630.0,12,42,35000,2,0,1.0,0
9013.67,6,50,10000,2,30,0.399,0
64793.0,12,24,50000,2,0,0.69,0
0.0,0,33,180000,1,10,0.0,0
460.0,6,24,50000,3,0,0.004,0
28038.67,10,41,80000,3,20,0.167,0
164405.33,12,27,80000,2,0,1.0,0
531.33,8,26,65000,2,0,0.002,1
47864.33,12,40,50000,3,0,0.489,0
17969.67,8,35,45000,1,20,0.177,1
12087.67,12,23,40000,2,20,0.108,0
217455.67,8,28,110000,2,60,0.984,1
3708.0,12,39,130000,1,0,0.023,1
26119.33,4,45,15000,3,50,0.839,1
1991.67,6,40,50000,2,20,0.045,1
51433.0,12,39,40000,2,0,0.689,0
4674.0,6,31,10000,2,0,0.276,0
22506.33,12,41,70000,1,0,0.142,0
0.0,0,25,15000,1,10,0.0,1
21949.33,12,39,45000,2,0,0.229,0
59580.0,12,23,75000,2,0,0.397,0
124693.33,12,28,125000,3,0,0.765,0
20264.33,8,37,10000,2,20,0.996,1
17577.33,12,28,25000,2,0,0.418,0
2000.0,4,31,50000,2,30,0.02,1
11035.67,12,46,250000,1,0,0.007,0
49057.67,12,36,25000,2,20,0.947,0
25122.33,12,27,20000,1,0,0.806,0
76981.33,8,35,40000,2,20,0.944,0
46150.67,10,35,50000,1,0,0.451,0
4985.67,12,29,90000,1,0,0.006,0
84855.67,12,53,45000,3,0,0.969,0
1523.33,10,23,5000,2,0,0.108,0
96.67,6,33,100000,1,0,0.001,0
9087.67,10,57,40000,3,20,0.093,1
63241.67,12,33,45000,2,20,0.689,1
10300.0,0,42,40000,2,0,0.386,1
116309.67,10,24,45000,2,20,1.0,1
3133.33,10,46,40000,2,0,0.029,0
552.33,8,27,70000,1,0,0.006,1
395514.33,12,39,240000,2,0,0.83,0
276297.33,10,39,115000,1,20,1.0,0
3346.33,4,27,35000,1,30,0.06,1
126340.33,12,39,100000,1,0,0.63,0
67423.67,12,35,90000,1,0,0.369,0
180538.33,12,37,95000,3,0,0.954,0
18892.0,8,24,10000,2,20,0.941,0
9228.0,10,24,5000,1,20,0.768,1
81140.33,12,45,40000,1,0,1.0,0
58046.33,8,28,30000,3,20,0.893,0
15410.0,8,37,250000,1,0,0.008,0
1258.0,8,42,25000,3,20,0.011,1
140.0,6,28,180000,1,10,0.0,0
8877.67,8,56,5000,3,20,0.732,0
253.67,8,54,150000,1,0,0.001,1
8227.67,12,48,35000,2,0,0.121,0
24533.33,6,32,125000,2,0,0.16,0
5218.33,10,51,5000,3,20,0.358,1
27685.0,12,28,70000,3,0,0.18,0
0.0,0,40,50000,2,10,0.0,0
212.67,4,31,55000,1,10,0.0,0
291.0,12,38,105000,2,0,0.001,0
5050.67,2,40,105000,1,0,0.069,0
49922.0,8,26,35000,2,30,0.703,1
15401.33,10,47,10000,2,0,0.758,0
4652.67,12,31,110000,1,0,0.022,0
17732.0,10,51,10000,3,20,0.918,1
58205.0,10,28,40000,1,20,0.703,0
490933.67,12,42,250000,2,0,1.0,1
161872.0,12,66,105000,3,0,0.997,0
78083.67,12,27,40000,2,20,0.961,1
40936.67,10,37,25000,2,20,0.82,0
5879.0,8,35,120000,1,10,0.0,0
2099.33,10,23,75000,2,20,0.001,0
0.0,0,49,105000,2,10,0.0,0
0.0,0,28,180000,2,10,0.0,1
66711.67,12,29,115000,4,0,0.305,0
643.33,12,35,250000,1,10,0.0,0
47589.33,12,34,75000,2,0,0.337,0
27214.0,6,31,15000,2,30,0.908,1
84247.33,12,57,235000,1,0,0.178,0
28499.67,8,59,100000,1,20,0.136,0
216212.0,12,35,235000,1,0,0.451,0
69415.33,12,32,155000,1,0,0.172,0
198102.67,12,28,105000,1,0,0.972,0
74177.67,12,41,250000,2,0,0.049,0
74736.0,10,27,40000,2,20,0.912,0
11107.33,10,38,10000,3,0,0.59,1
36287.33,12,32,75000,3,10,0.025,0
329756.67,12,39,195000,3,0,1.0,0
8635.33,10,29,5000,1,0,1.0,0
9320.0,12,46,195000,3,0,0.037,0
1097.33,6,41,105000,3,20,0.002,1
5933.33,6,33,175000,1,0,0.047,1
1624.33,12,35,75000,1,0,0.022,0
55056.0,12,36,105000,2,0,0.261,0
22263.67,8,55,50000,1,0,0.181,0
122259.0,12,36,105000,1,0,1.0,1
21383.0,10,48,145000,2,0,0.108,0
903.33,10,50,165000,2,10,0.0,1
50460.33,12,37,25000,2,0,1.0,0
59194.67,12,27,40000,3,0,0.59,0
40635.33,12,35,170000,2,0,0.115,0
47096.67,12,38,60000,3,0,0.338,0
4005.67,12,22,15000,2,0,0.105,0
31995.67,12,35,130000,1,0,0.079,0
36844.67,12,64,25000,2,0,0.967,0
67137.33,10,25,210000,3,20,0.174,1
72257.0,12,28,65000,2,0,0.554,0
59941.0,12,30,135000,2,0,0.232,0
7634.67,10,30,25000,3,20,0.132,0
14837.67,12,34,10000,2,0,0.859,1
136048.33,12,34,70000,2,0,0.947,0
82309.33,12,35,50000,2,0,1.0,0
29867.67,6,41,25000,3,30,0.587,0
15641.33,12,37,250000,1,0,0.054,0
79653.0,12,35,40000,2,0,0.981,0
22876.33,10,34,110000,2,0,0.234,1
26577.67,10,34,15000,2,20,0.912,0
165931.67,10,26,120000,2,0,0.674,0
19907.0,12,41,110000,3,0,0.049,0
1853.0,10,32,160000,2,0,0.02,0
17613.0,6,36,115000,2,20,0.229,0
520.0,8,44,10000,3,20,0.039,0
78464.33,12,34,140000,2,0,0.295,0
109809.0,12,44,55000,2,0,1.0,0
169832.33,12,26,90000,2,0,1.0,0
93338.33,12,51,50000,3,0,0.94,0
23006.33,12,37,40000,2,0,0.541,0
3691.67,10,30,130000,3,0,0.005,0
113231.67,10,25,55000,2,20,1.0,0
107205.67,12,31,75000,2,0,0.693,0
6927.33,8,35,90000,2,0,0.085,0
60904.0,10,28,115000,2,0,0.233,0
74712.67,12,27,250000,1,0,0.148,0
4482.0,10,30,150000,2,0,0.005,0
326.0,12,31,90000,2,0,0.002,0
1050.0,0,24,15000,2,30,0.035,1
6543.0,8,29,55000,3,20,0.059,0
35394.0,12,28,50000,2,0,0.364,0
373722.0,12,31,195000,1,0,0.978,0
30472.0,6,35,90000,4,0,0.162,0
4394.33,12,37,150000,3,20,0.02,0
3322.33,12,36,130000,1,0,0.03,0
0.0,0,29,180000,2,10,0.0,0
1510.67,12,26,40000,2,0,0.006,0
8709.0,0,26,50000,1,0,0.263,1
16314.0,10,47,10000,3,20,0.716,1
9076.67,4,33,105000,1,0,0.129,0
8005.67,12,25,5000,2,20,0.699,0
360.0,12,26,75000,1,0,0.002,0
390.0,12,37,180000,3,0,0.001,0
16596.0,6,42,40000,2,0,0.212,0
12660.0,12,29,65000,1,0,0.101,0
7211.0,6,36,15000,1,0,0.331,0
276513.33,12,30,215000,2,20,0.774,1
17748.33,8,23,10000,2,20,0.832,0
45298.0,6,32,25000,2,0,1.0,0
129758.33,12,26,70000,2,0,0.929,0
8678.0,12,32,100000,1,0,0.057,0
65707.33,10,28,40000,2,20,0.819,0
12539.67,12,23,25000,2,0,0.253,1
288342.67,10,27,140000,2,20,1.0,0
0.0,0,51,355000,2,10,0.0,0
33333.33,6,29,90000,1,10,0.0,0
14552.67,12,39,250000,1,0,0.024,0
0.0,0,33,180000,2,10,0.0,1
21818.33,10,29,25000,1,20,0.405,0
61476.33,12,27,40000,2,20,0.785,1
44630.67,10,44,25000,2,20,0.872,0
12462.0,12,23,25000,2,0,0.274,0
1320.67,10,33,75000,1,20,0.01,0
0.0,0,28,180000,2,10,0.0,1
49854.0,12,32,25000,2,0,0.991,0
56130.0,12,48,25000,1,0,1.0,0
3596.67,12,29,100000,1,0,0.047,0
13905.33,4,29,40000,1,10,0.0,0
390.0,12,46,70000,2,0,0.003,0
16512.33,6,22,10000,1,0,0.75,1
0.0,0,34,40000,3,10,0.0,0
109441.0,12,30,55000,2,0,0.976,0
138958.67,12,27,70000,1,0,1.0,0
36604.67,12,31,150000,1,0,0.109,0
27638.67,4,29,25000,2,0,0.948,1
80407.67,12,39,90000,4,0,0.469,0
214594.67,12,39,145000,2,0,0.734,0
0.0,4,36,30000,2,20,0.0,0
13435.67,8,38,50000,2,20,0.129,0
20255.33,2,41,15000,2,0,0.996,0
153699.0,10,27,110000,3,30,0.685,0
0.0,0,30,115000,2,0,0.0,0
0.0,4,29,15000,1,10,0.0,0
1476.33,12,47,10000,2,0,0.067,0
780.0,6,30,25000,2,20,0.016,0
0.0,2,46,40000,2,10,0.0,1
24304.0,8,29,45000,1,20,0.276,0
14620.33,8,31,40000,1,0,0.248,0
39289.67,12,23,25000,3,20,0.747,1
1840.0,0,29,25000,2,0,0.11,0
8808.0,12,53,10000,3,20,0.968,0
803.0,12,38,125000,1,0,0.002,0
1236.0,12,24,60000,2,0,0.007,0
109620.0,8,28,55000,2,20,1.0,1
33.33,0,33,80000,1,0,0.001,0
68354.33,12,52,40000,3,20,1.0,0
36812.33,12,36,205000,2,0,0.1,0
33824.0,12,43,50000,2,0,0.213,0
82252.67,12,43,375000,2,0,0.097,0
29328.0,12,47,15000,2,0,0.985,0
30901.33,12,33,40000,2,20,0.238,0
22960.0,12,31,215000,1,0,0.024,0
326470.0,12,44,240000,1,0,0.729,0
0.0,0,29,180000,3,10,0.0,1
20459.33,6,37,75000,1,0,0.176,0
82547.33,12,28,65000,1,0,0.688,0
38440.67,6,47,20000,2,30,0.94,0
11347.33,8,34,140000,1,0,0.041,1
35501.0,6,45,20000,2,20,0.839,0
42758.33,12,26,60000,1,0,0.087,0
2522.67,12,39,145000,1,0,0.006,0
1763.33,6,39,125000,3,0,0.008,0
2332.0,12,43,100000,1,0,0.006,0
66464.67,10,32,40000,2,0,1.0,0
20998.0,12,27,65000,2,0,0.144,0
2732.67,12,37,145000,2,0,0.005,1
1462.33,4,29,90000,1,0,0.006,0
5.0,8,31,180000,1,0,0.0,0
2248.0,10,37,70000,2,20,0.002,0
36841.67,12,41,175000,1,0,0.166,0
0.0,6,36,130000,1,0,0.0,0
20019.33,12,26,20000,1,0,0.458,0
200.0,0,27,90000,1,10,0.0,1
13607.33,12,27,40000,3,0,0.28,1
3659.0,12,45,250000,1,0,0.008,0
16976.33,2,27,40000,4,0,0.576,0
22320.67,10,57,15000,3,0,0.699,0
0.0,2,37,110000,2,10,0.0,0
53020.33,10,22,35000,2,0,0.975,0
7653.33,12,41,255000,1,0,0.006,0
18342.67,12,22,10000,2,0,0.901,0
48250.0,10,40,50000,2,20,0.472,1
334379.33,12,30,170000,2,0,0.995,0
0.0,0,29,90000,1,0,0.0,0
1502.33,10,38,145000,1,10,0.0,0
79240.33,10,53,40000,2,0,1.0,0
29175.33,12,42,140000,1,0,0.006,0
0.0,4,40,90000,1,0,0.0,0
0.0,4,66,70000,1,20,0.0,0
148225.67,12,32,250000,1,0,0.208,0
153977.33,12,34,115000,2,0,0.66,0
631.0,6,26,125000,2,30,0.003,1
7007.67,8,24,5000,2,20,0.58,0
210571.67,12,39,115000,1,0,0.96,0
62835.0,12,29,35000,1,0,0.909,0
5089.0,12,39,70000,1,0,0.033,0
3300.0,4,48,215000,1,0,0.023,0
1101.0,4,28,60000,1,20,0.002,1
14536.67,6,25,10000,2,0,0.833,0
29816.0,8,32,15000,1,20,0.975,0
79040.33,2,43,40000,3,70,1.0,1
374942.67,12,39,200000,1,0,1.0,0
0.0,0,37,100000,1,10,0.0,0
672.67,8,23,15000,4,0,0.09,0
50142.0,10,46,25000,2,20,1.0,0
1433.0,10,46,125000,1,0,0.005,1
33005.0,12,28,60000,1,0,0.074,1
23775.67,10,45,40000,3,10,0.0,0
1136.0,10,33,215000,1,0,0.004,0
72995.67,12,24,60000,1,0,0.632,0
23032.67,12,22,10000,2,0,1.0,0
121514.67,12,32,10000,2,0,1.0,0
0.0,6,25,40000,1,0,0.0,0
6047.67,10,44,10000,2,0,0.384,0
0.0,0,27,70000,2,10,0.0,0
11612.0,10,22,5000,2,0,1.0,0
32851.33,8,34,110000,3,0,0.452,0
31325.67,6,48,30000,1,20,0.005,0
21653.33,4,59,40000,3,20,0.272,0
17096.33,12,25,15000,2,0,0.992,1
137331.33,10,27,70000,2,20,0.993,0
5898.33,12,26,10000,2,0,0.225,0
79765.33,12,46,50000,3,0,0.947,0
161639.33,12,35,110000,1,0,0.722,0
27927.0,12,40,40000,1,0,0.343,0
78108.33,12,46,40000,3,0,0.952,0
70133.33,8,28,65000,2,20,0.546,1
0.0,0,33,150000,1,10,0.0,0
58391.33,12,42,30000,2,0,0.971,0
83.0,6,32,180000,1,0,0.001,0
12.0,2,24,5000,2,0,0.001,1
34463.0,10,32,25000,2,20,0.656,1
38839.0,12,48,25000,2,0,0.843,0
0.0,2,35,100000,2,10,0.0,0
16267.67,12,24,15000,2,20,0.505,1
7054.0,8,42,110000,1,20,0.015,0
7861.0,12,41,100000,1,0,0.03,0
82720.0,6,27,40000,3,40,1.0,1
10362.67,12,39,100000,2,0,0.076,0
434.67,10,34,120000,1,20,0.003,1
27363.0,12,28,250000,2,0,0.145,0
2363.0,10,38,115000,3,0,0.03,0
11366.67,8,22,10000,3,0,0.562,0
36715.67,8,35,25000,1,0,0.815,0
6793.0,12,35,50000,2,0,0.058,0
0.0,0,37,115000,2,0,0.0,0
39170.0,10,28,30000,2,20,0.704,0
1955.67,8,48,60000,3,20,0.032,1
13728.0,12,23,65000,3,0,0.044,0
30853.67,10,25,25000,3,20,0.622,1
11792.0,12,30,200000,1,0,0.035,0
1843.0,8,27,120000,2,20,0.018,1
11149.67,12,53,35000,3,0,0.142,0
20789.0,8,22,10000,1,0,1.0,0
28578.0,8,28,25000,3,20,0.563,1
63699.67,10,54,120000,1,20,0.252,0
200340.33,12,31,190000,1,0,0.44,0
6392.33,12,24,25000,2,0,0.104,0
15560.0,12,33,25000,2,0,0.25,0
37785.33,10,33,215000,1,20,0.095,0
21208.33,6,26,30000,1,20,0.382,0
4445.33,12,25,15000,2,0,0.121,0
171023.67,12,48,85000,3,0,1.0,0
43257.33,10,29,35000,1,20,0.583,0
2730.67,12,28,65000,2,0,0.003,0
44422.33,8,50,25000,1,20,0.985,1
2959.0,6,38,10000,3,10,0.0,1
1058.0,12,48,25000,3,0,0.021,1
13883.0,10,28,10000,3,20,0.702,0
2034.0,12,32,55000,2,0,0.018,0
58684.0,12,24,45000,2,0,0.849,0
66258.0,12,24,90000,1,0,0.36,0
45192.33,10,28,25000,2,20,0.875,0
98.0,8,36,100000,2,10,0.0,0
12373.33,6,32,10000,1,20,0.567,1
50412.0,12,44,25000,1,0,1.0,0
118773.33,10,39,85000,2,20,0.671,1
340713.33,12,48,190000,1,0,0.938,0
2436.0,10,39,15000,2,20,0.054,1
20614.67,12,23,15000,2,0,0.653,0
3583.33,8,36,80000,3,0,0.025,0
31607.33,8,39,30000,3,20,0.493,1
56323.0,10,31,225000,1,20,0.004,0
358.33,6,43,40000,2,0,0.005,1
17138.67,8,26,45000,1,20,0.265,0
0.0,0,33,15000,2,10,0.0,1
48828.67,12,25,25000,2,20,0.978,1
26621.0,8,49,15000,3,20,0.878,0
29271.0,2,52,25000,3,20,0.642,1
12969.33,10,34,160000,1,0,0.023,0
438.0,0,43,150000,2,0,0.004,0
88640.33,12,43,195000,1,0,0.232,0
43615.67,10,23,25000,2,0,0.953,0
1050.0,0,26,10000,2,30,0.052,1
87878.67,12,52,45000,2,0,0.969,0
14811.33,12,51,150000,3,0,0.061,0
61345.0,10,32,150000,4,0,0.18,0
4049.67,8,34,100000,1,0,0.027,0
24561.0,12,24,25000,2,0,0.674,0
520.0,4,24,10000,2,20,0.02,1
47317.33,12,35,195000,1,0,0.078,0
62769.0,12,41,35000,2,0,0.998,0
153407.33,12,43,150000,3,0,0.529,0
140412.0,12,50,70000,3,0,0.994,0
80157.0,12,37,100000,1,0,0.489,0
1623.0,10,28,40000,3,0,0.027,0
26750.0,0,45,40000,3,0,1.0,0
1729.67,12,36,85000,1,0,0.007,0
49532.0,10,29,25000,1,0,1.0,0
82354.67,12,27,50000,2,0,0.826,0
4000.67,10,22,15000,2,20,0.064,0
22302.0,12,49,15000,4,0,0.877,0
66107.67,12,36,160000,2,0,0.228,0
43183.33,10,25,35000,2,20,0.593,1
50103.33,12,24,25000,2,0,0.988,0
61300.0,12,48,65000,3,0,0.528,0
9291.33,8,27,25000,2,20,0.179,1
14828.67,12,33,25000,2,0,0.323,0
3769.33,4,30,25000,2,20,0.05,0
86059.67,12,30,80000,3,20,0.643,0
5909.0,12,46,225000,2,0,0.0,0
145966.0,12,33,190000,1,0,0.297,0
12655.0,2,29,15000,1,20,0.417,1
40778.33,12,24,25000,2,0,0.951,0
1034.67,10,30,110000,2,20,0.004,1
390.0,10,32,25000,2,20,0.008,1
0.0,0,27,45000,1,10,0.0,0
65750.67,12,26,40000,2,0,0.846,0
24182.0,12,44,195000,1,0,0.011,0
112326.67,12,43,70000,2,0,0.921,0
38596.0,10,32,180000,2,0,0.282,0
48964.0,12,26,25000,3,20,1.0,1
249152.67,12,37,130000,1,0,0.941,1
40966.0,12,43,90000,3,0,0.007,1
1917.0,4,26,180000,1,10,0.0,0
876.67,0,35,115000,1,0,0.011,1
7346.0,12,25,65000,1,0,0.103,0
18445.0,12,42,10000,3,0,0.889,0
93.33,8,41,100000,3,0,0.0,0
103288.0,12,35,110000,2,0,0.456,0
9277.33,12,25,10000,1,0,0.411,0
18508.0,12,24,10000,2,0,0.885,0
225799.67,12,40,120000,3,0,0.949,1
12965.33,12,50,240000,1,0,0.03,0
27603.67,12,29,25000,2,0,0.521,0
20468.0,2,40,50000,2,0,0.376,0
109438.67,8,34,60000,1,20,0.878,1
107133.33,12,27,115000,1,0,0.452,0
17553.67,12,32,10000,2,0,0.842,0
20061.0,6,27,25000,2,0,0.503,0
115898.0,8,32,65000,1,20,0.879,0
578.67,0,38,75000,1,0,0.012,0
41709.0,10,30,30000,1,20,0.688,0
37081.67,12,44,130000,2,0,0.139,0
31538.67,8,40,250000,2,0,0.061,0
74442.33,12,34,135000,2,0,0.277,0
4540.33,4,34,205000,1,10,0.0,1
40940.33,10,29,30000,2,20,0.041,0
4101.67,12,31,100000,1,0,0.001,0
390.0,4,45,25000,3,0,0.016,0
73.0,0,35,250000,1,0,0.0,1
1162.33,6,35,75000,1,0,0.002,0
0.0,0,44,85000,3,10,0.0,0
51089.33,10,25,25000,2,20,1.0,0
1048.0,12,42,65000,2,0,0.008,0
122238.33,8,30,60000,3,20,1.0,0
10615.0,12,28,35000,1,0,0.132,0
20700.0,12,44,160000,2,0,0.011,0
99340.67,12,37,55000,2,0,0.724,0
26129.67,10,30,210000,1,0,0.082,0
27684.67,12,49,120000,2,0,0.075,0
75795.33,12,33,190000,1,0,0.186,0
15233.67,12,22,10000,2,0,0.868,0
37039.0,8,42,25000,1,20,0.711,1
516.67,6,23,10000,3,20,0.039,0
17711.67,8,31,10000,2,30,0.833,0
209273.33,12,28,120000,1,0,0.99,0
8.0,2,57,170000,2,10,0.0,1
18417.67,6,23,45000,2,20,0.202,1
28979.0,12,56,25000,2,0,0.626,0
120028.67,12,33,105000,2,0,0.652,0
50683.33,4,25,30000,2,60,0.739,0
12100.0,10,53,25000,2,20,0.246,0
1508.67,12,26,25000,1,10,0.0,0
22996.67,10,26,45000,2,0,0.243,0
11986.0,12,31,125000,1,0,0.015,0
241114.33,12,47,145000,3,20,0.881,1
9316.0,12,35,120000,2,0,0.036,0
3116.0,10,29,180000,1,0,0.004,0
16224.67,12,36,170000,1,0,0.035,0
48557.33,10,48,145000,1,0,0.258,0
38013.0,12,25,25000,2,20,0.974,0
3973.67,12,41,155000,2,0,0.002,0
8864.67,10,22,5000,2,0,0.936,0
186491.0,12,31,130000,1,0,0.699,0
65063.0,12,26,90000,3,0,0.398,1
292.0,2,26,10000,3,0,0.005,0
1633.33,2,28,180000,1,0,0.007,0
66756.33,10,30,40000,1,20,0.82,0
11928.33,12,44,225000,2,0,0.024,0
29299.67,12,22,15000,2,0,1.0,1
19614.67,12,39,250000,1,0,0.053,0
150017.0,12,34,105000,1,0,0.699,0
1080.33,12,64,150000,3,0,0.004,0
79058.0,12,52,50000,4,0,0.909,1
136776.67,10,47,120000,1,20,0.575,1
26838.67,6,56,25000,2,0,0.602,0
18225.67,4,22,10000,2,30,0.886,1
1901.33,12,23,55000,2,0,0.017,1
6485.0,6,43,100000,1,0,0.049,0
1083.0,10,33,110000,3,10,0.0,0
9582.0,12,43,25000,2,0,0.196,1
35882.67,12,26,30000,2,0,0.67,0
11651.33,10,23,10000,1,20,0.487,1
4954.33,8,39,85000,2,20,0.014,1
2486.67,10,29,15000,1,20,0.068,0
592.67,6,29,80000,1,0,0.011,1
171225.33,12,35,100000,1,0,0.999,1
64579.0,12,25,60000,3,20,0.676,0
4793.0,12,38,115000,1,0,0.056,0
7723.67,12,42,10000,3,0,0.533,0
1050.0,0,46,5000,3,30,0.105,1
0.0,4,24,50000,3,10,0.0,0
0.0,0,24,65000,2,10,0.0,0
62022.0,12,47,25000,2,0,1.0,0
94648.0,12,31,70000,3,0,0.662,0
65944.0,12,49,25000,2,0,0.957,0
3107.67,12,29,180000,1,0,0.009,0
18933.67,4,22,10000,2,40,0.976,1
107525.33,12,33,55000,2,0,0.973,0
88546.67,6,33,50000,2,50,0.908,1
210568.33,12,39,130000,1,0,0.987,0
39803.33,12,23,25000,1,0,0.935,0
0.0,0,39,180000,2,10,0.0,1
27807.0,6,27,15000,2,20,0.93,1
50247.67,12,23,25000,2,0,0.996,0
0.0,0,31,135000,2,0,0.0,0
6113.67,12,44,125000,1,0,0.02,0
3446.33,10,48,125000,1,0,0.021,0
0.0,6,24,60000,2,10,0.0,0
58728.67,12,36,125000,3,0,0.177,0
606.67,10,29,130000,2,0,0.005,0
235002.33,12,39,120000,2,20,0.978,0
19697.0,12,27,30000,2,0,0.304,0
434.67,10,40,125000,1,0,0.001,1
89532.33,12,26,50000,2,0,0.985,0
276.67,6,35,75000,1,10,0.0,0
157778.67,12,45,85000,1,0,0.972,0
31719.33,12,32,355000,1,0,0.04,0
7582.0,10,50,10000,2,20,0.331,0
58955.67,8,36,180000,2,0,0.232,0
0.0,0,60,75000,3,10,0.0,1
11632.67,12,49,75000,3,0,0.021,0
7275.67,12,58,25000,3,0,0.151,0
120543.67,8,38,70000,3,20,0.873,0
538.67,8,42,125000,1,10,0.0,0
12951.33,6,36,10000,2,30,0.571,0
2876.0,4,42,180000,2,0,0.006,0
1119.67,6,34,80000,2,0,0.017,1
27404.33,8,30,90000,2,0,0.151,0
25554.33,12,23,25000,2,0,0.571,0
20598.33,10,45,25000,2,20,0.397,0
19748.67,8,60,110000,1,20,0.086,1
80838.67,8,39,75000,2,20,0.509,1
1533.0,2,40,80000,2,0,0.01,0
1596.33,10,30,80000,3,0,0.007,0
73750.67,12,29,100000,2,0,0.368,0
5554.67,10,32,95000,1,20,0.029,0
31566.0,12,32,25000,2,0,0.949,1
390.0,8,24,25000,2,0,0.008,0
90473.67,12,35,70000,2,0,0.631,0
50054.0,10,26,30000,2,20,0.814,0
8824.33,10,24,5000,3,0,0.828,0
2799.0,12,28,200000,1,20,0.0,0
294095.67,12,44,250000,1,0,0.761,0
50138.67,12,24,160000,2,0,0.139,0
705.0,0,50,120000,1,0,0.009,0
131019.33,12,44,55000,3,0,1.0,0
0.0,0,29,120000,1,10,0.0,1
27817.33,10,31,25000,3,20,0.528,1
714.67,4,46,50000,3,20,0.002,0
15729.67,12,25,25000,1,0,0.501,0
17103.33,4,24,25000,3,0,0.509,1
4083.0,10,43,25000,2,20,0.021,1
65902.33,6,30,75000,2,20,0.421,0
1730.0,12,37,100000,2,0,0.021,0
47113.0,12,28,40000,2,0,0.59,0
12389.0,12,35,180000,1,0,0.033,0
36947.67,12,49,60000,2,0,0.324,0
69321.67,12,28,115000,1,20,0.309,0
41683.0,12,34,30000,2,0,0.905,1
10263.0,8,37,45000,2,20,0.106,0
48161.33,12,29,25000,2,30,0.995,1
859.0,12,31,120000,2,0,0.004,0
5286.67,12,42,115000,2,0,0.03,0
19129.33,12,23,40000,1,0,0.3,0
4201.33,12,28,200000,1,0,0.008,0
117696.0,10,45,60000,1,20,0.981,0
1815.67,8,39,125000,1,10,0.0,0
25810.0,8,24,15000,1,20,0.995,0
151599.0,12,54,75000,1,0,1.0,0
211110.33,10,37,155000,3,20,0.671,0
138452.33,10,34,75000,2,0,0.904,0
7002.0,8,29,40000,1,0,0.138,0
0.0,0,37,100000,1,10,0.0,1
26466.33,12,24,25000,2,0,0.703,0
196764.67,12,23,95000,2,0,1.0,1
35125.67,8,33,25000,2,20,0.615,0
24695.0,6,31,50000,2,30,0.244,1
139712.33,12,33,75000,1,0,0.965,0
17111.67,8,43,40000,2,20,0.241,0
736.0,12,30,100000,2,10,0.004,0
108980.67,12,46,60000,3,0,0.972,0
50137.0,10,49,30000,2,20,1.0,1
98396.0,12,51,225000,4,0,0.321,0
556.67,8,32,60000,1,0,0.007,1
0.0,8,43,65000,2,0,0.0,0
6325.0,8,36,120000,1,20,0.022,1
10620.0,10,26,45000,2,0,0.124,0
6536.67,10,25,105000,2,20,0.036,1
12143.33,12,23,45000,2,0,0.009,0
4164.0,12,40,210000,1,0,0.004,0
188162.67,10,63,145000,1,20,0.634,1
45430.67,10,29,195000,1,20,0.11,0
582.0,6,32,115000,1,0,0.002,0
12342.0,12,29,45000,2,0,0.153,0
1096.0,4,45,140000,2,10,0.0,0
17575.0,12,28,140000,1,0,0.077,0
8004.67,10,25,15000,3,20,0.0,0
19195.0,12,38,10000,2,0,0.93,0
49934.67,12,43,90000,1,0,0.203,0
8510.0,12,26,35000,3,0,0.102,1
3796.67,12,34,115000,2,0,0.009,0
17487.0,12,36,25000,2,20,0.34,0
11358.0,8,47,125000,2,0,0.043,0
108161.0,12,47,70000,1,0,0.78,0
44662.33,10,41,70000,2,20,0.312,0
2883.67,10,25,65000,1,0,0.008,0
24633.33,2,40,60000,2,0,0.616,0
44958.0,6,43,30000,2,30,0.737,1
79107.33,12,32,40000,3,0,0.967,0
8664.67,12,41,120000,1,0,0.018,0
47896.67,6,32,25000,3,0,0.935,1
6278.0,8,33,135000,1,0,0.045,0
2934.0,12,52,85000,1,20,0.017,0
42800.67,12,51,25000,2,0,0.849,1
127047.0,12,29,115000,4,0,0.537,0
68586.0,12,26,195000,1,0,0.013,0
153558.67,12,39,100000,2,20,0.76,1
178518.33,12,27,250000,2,0,0.349,0
12698.67,4,25,15000,1,30,0.473,1
13672.0,12,33,225000,1,0,0.068,0
7599.33,12,25,25000,2,0,0.22,0
47787.33,12,26,25000,1,0,0.963,0
121201.33,10,48,110000,1,20,0.524,0
29262.67,12,33,15000,2,0,0.999,0
31558.67,12,42,25000,3,30,0.691,0
48923.33,12,31,25000,2,0,0.969,0
28345.33,4,24,15000,2,20,0.95,1
880.0,10,42,100000,1,20,0.003,1
43585.0,6,46,25000,2,20,0.865,1
46613.0,12,26,40000,2,0,0.597,0
11169.67,6,26,10000,3,30,0.507,1
69829.67,12,44,35000,2,0,0.981,0
5240.67,0,44,65000,3,0,0.121,0
193044.0,12,34,100000,3,0,0.965,0
5064.67,12,34,160000,1,0,0.035,0
31211.0,12,27,85000,1,0,0.363,0
10626.0,12,30,140000,1,0,0.03,0
8788.0,6,34,5000,2,0,0.801,0
201928.67,10,35,100000,1,20,1.0,0
64812.0,12,27,35000,2,0,0.904,0
205245.0,12,45,115000,1,0,0.89,0
1066.67,4,40,75000,1,0,0.005,0
97368.33,10,29,160000,1,0,0.298,0
37031.67,6,25,25000,1,40,0.718,0
3850.33,10,44,100000,2,20,0.013,1
326.0,12,39,100000,2,0,0.002,1
2383.0,8,29,80000,2,0,0.014,0
4441.67,10,42,190000,1,20,0.005,0
17786.33,8,51,25000,2,60,0.232,1
9659.67,12,51,250000,2,0,0.018,0
39758.67,12,34,75000,3,0,0.259,0
58362.67,12,33,45000,2,0,0.625,1
26616.67,8,46,30000,2,20,0.411,1
10859.0,12,27,70000,1,0,0.096,0
16332.33,12,40,110000,1,0,0.062,0
241969.33,12,41,225000,3,0,0.583,0
68383.33,0,48,100000,2,0,1.0,0
32705.33,12,34,70000,1,20,0.221,1
8481.67,12,46,145000,1,0,0.023,1
99849.67,12,34,130000,1,0,0.336,0
56804.0,12,27,30000,1,0,1.0,0
14825.0,12,31,140000,1,0,0.046,0
70823.33,12,40,155000,3,0,0.224,0
9365.33,12,50,40000,3,0,0.083,0
25230.0,12,33,75000,1,0,0.494,0
36915.33,12,28,40000,2,0,0.616,0
9867.0,12,45,240000,2,0,0.003,1
23145.67,10,34,175000,2,20,0.067,0
0.0,6,30,115000,1,10,0.0,0
65943.67,12,46,90000,3,0,0.606,0
50252.0,12,32,25000,2,0,1.0,1
267175.0,8,43,155000,2,20,0.86,1
8687.0,6,41,5000,1,30,0.686,0
8332.67,12,25,140000,1,0,0.035,0
49975.67,12,52,25000,2,0,1.0,1
11908.67,8,51,25000,2,20,0.215,1
8076.67,4,22,5000,1,30,0.835,0
293578.67,12,43,145000,1,0,1.0,0
0.0,4,33,120000,1,10,0.0,0
47110.33,10,26,50000,2,20,0.48,1
13258.0,12,25,80000,2,0,0.135,0
136479.0,12,46,115000,2,0,0.741,0
0.0,2,46,115000,2,0,0.0,0
567.67,8,41,150000,3,10,0.0,0
184660.0,12,32,250000,3,20,0.423,0
1207.33,10,29,100000,1,20,0.006,0
94256.0,12,44,105000,1,0,0.598,0
1528.67,6,23,25000,2,0,0.007,0
112459.33,8,25,65000,2,20,0.866,0
1261.0,10,37,45000,2,0,0.028,0
4654.33,12,36,40000,3,0,0.07,0
17354.67,8,23,15000,3,20,0.358,0
0.0,6,30,240000,2,10,0.0,0
44728.0,12,41,40000,3,0,0.676,0
33572.0,12,24,45000,2,0,0.402,0
33389.0,6,31,35000,2,20,0.471,0
9962.33,10,31,25000,3,20,0.109,0
71722.33,12,39,55000,3,0,0.664,0
103943.67,12,30,60000,2,0,0.84,0
1897.67,10,24,90000,2,20,0.013,0
40615.33,6,33,25000,2,20,0.803,1
3933.0,10,29,75000,1,0,0.017,0
0.0,0,30,170000,1,10,0.0,0
306157.33,12,33,150000,2,0,1.0,0
129696.67,12,36,75000,1,20,0.821,1
68080.33,12,38,15000,1,20,1.0,0
26576.0,12,52,25000,2,0,0.952,0
1224.67,8,42,50000,1,20,0.022,1
165.0,10,35,135000,2,0,0.001,0
34794.0,12,43,160000,1,0,0.01,1
2452.67,12,26,80000,2,0,0.008,0
12054.0,12,26,150000,1,0,0.035,0
2317.33,6,49,15000,2,20,0.076,1
263.33,6,41,145000,3,0,0.0,0
1126.0,12,49,90000,2,0,0.001,0
125734.67,12,57,75000,1,0,1.0,0
54610.0,12,30,30000,2,0,0.906,0
3158.33,6,33,130000,1,0,0.025,0
140782.0,12,32,75000,2,0,0.958,1
199690.33,12,55,115000,3,0,0.932,0
0.0,0,29,125000,1,10,0.0,0
2945.67,12,29,35000,2,0,0.028,0
1903.33,8,44,180000,3,0,0.006,1
5644.67,6,34,100000,1,0,0.029,0
28847.0,8,30,15000,1,0,0.928,0
1112.0,10,30,10000,2,0,0.074,0
42664.67,8,66,40000,3,0,0.732,0
2763.67,12,32,130000,1,0,0.0,0
66670.33,12,35,105000,2,0,0.308,0
35769.33,10,35,25000,3,20,0.704,0
66588.0,6,26,70000,1,0,0.475,0
50379.67,8,42,45000,3,30,0.541,0
25297.0,4,31,10000,2,0,1.0,0
165.0,12,44,180000,1,0,0.0,0
9252.0,12,57,290000,2,0,0.035,0
31114.33,10,39,90000,2,20,0.164,0
48852.0,12,51,30000,2,0,1.0,0
35072.33,12,25,30000,2,0,0.664,0
44884.67,12,30,25000,2,0,1.0,0
200.0,12,39,50000,2,0,0.002,0
84693.33,12,46,190000,1,0,0.371,0
10520.33,10,37,155000,1,0,0.001,0
28572.0,8,37,25000,2,20,0.575,1
17386.0,12,33,10000,2,0,0.806,0
28162.0,10,50,15000,2,20,0.909,0
32611.67,6,32,25000,2,30,0.656,1
7861.0,6,52,15000,3,20,0.334,1
498227.33,12,42,245000,1,0,1.0,0
218775.33,10,34,250000,1,0,0.437,0
5088.33,2,27,40000,3,0,0.165,0
68383.33,0,33,100000,2,0,1.0,0
209442.0,12,29,180000,1,0,0.57,0
29538.67,12,39,15000,2,0,0.983,1
48203.0,12,36,85000,1,0,0.271,0
8110.0,8,21,5000,2,0,0.67,0
0.0,0,52,115000,2,10,0.0,0
277.33,8,49,100000,1,0,0.002,1
53556.67,12,35,80000,1,0,0.382,0
261939.33,12,34,135000,2,20,1.0,1
52882.67,12,28,40000,2,0,0.722,0
1215.33,2,29,180000,1,0,0.003,1
105549.0,12,27,70000,2,0,0.799,0
77749.67,12,43,40000,3,0,0.957,0
2704.67,12,25,100000,1,0,0.008,0
390.0,12,25,40000,1,0,0.005,0
40110.67,12,35,195000,1,0,0.074,0
6481.67,12,31,40000,2,0,0.013,1
41945.67,12,44,40000,3,0,0.51,1
20284.33,8,31,10000,2,20,1.0,1
26951.0,12,22,15000,3,0,0.953,0
1827.0,8,23,30000,4,0,0.089,0
60546.33,12,25,50000,2,0,0.592,0
73266.33,12,52,50000,2,0,0.814,0
47500.67,8,48,20000,3,0,1.0,0
316.0,12,30,60000,1,0,0.003,0
12811.33,12,56,10000,3,0,0.634,0
88352.0,12,26,155000,2,0,0.283,0
18230.0,10,23,25000,2,20,0.384,1
9902.67,4,49,250000,2,20,0.019,0
154990.67,10,40,145000,3,20,0.524,0
16407.0,8,34,15000,2,0,0.637,0
3107.33,4,23,50000,1,0,0.008,0
24864.33,6,31,180000,1,0,0.023,0
766.67,0,51,10000,3,0,0.115,1
108502.0,10,37,75000,2,20,0.725,1
5633.33,10,31,180000,1,20,0.01,0
24889.33,12,30,245000,2,0,0.053,0
5803.67,12,44,20000,2,0,0.294,0
566.67,4,36,50000,3,0,0.015,0
16211.0,12,24,10000,2,0,0.718,0
18946.67,12,32,250000,2,0,0.075,0
42288.0,12,28,25000,2,0,0.994,0
492.0,12,34,130000,1,0,0.001,0
819.0,4,49,70000,2,0,0.018,0
1832.67,12,49,130000,1,0,0.001,0
10571.67,12,32,100000,1,0,0.017,0
23406.33,12,28,25000,2,0,0.943,0
5797.67,4,32,100000,1,10,0.0,0
7944.33,10,26,10000,2,0,0.334,0
5406.33,10,24,5000,3,0,0.405,0
28838.67,12,34,15000,2,0,0.934,0
66877.0,12,40,85000,3,0,0.434,0
2821.67,6,45,25000,3,0,0.088,0
8694.33,12,34,210000,1,0,0.031,1
9555.0,12,30,35000,2,0,0.12,0
6076.33,12,31,150000,2,0,0.001,0
483940.0,12,31,250000,2,20,1.0,0
17570.67,8,49,10000,2,30,0.797,0
142773.33,12,30,140000,1,0,0.575,0
390.0,6,41,75000,1,0,0.003,0
1099.0,8,35,90000,2,0,0.006,0
32225.33,2,25,25000,1,0,1.0,0
1076.67,6,24,75000,2,10,0.0,0
23740.0,4,26,15000,2,40,0.813,0
207.0,4,37,125000,1,0,0.0,0
39880.33,8,39,150000,3,20,0.126,0
106396.0,12,30,40000,2,0,1.0,0
29265.0,12,58,25000,3,0,1.0,0
326.0,10,36,60000,3,0,0.003,0
371794.67,0,39,165000,2,80,1.0,1
103380.67,12,30,70000,2,0,0.765,0
3406.67,4,50,75000,2,30,0.022,0
2129.67,8,57,165000,1,0,0.01,0
330473.33,12,34,190000,1,20,0.848,0
46429.67,12,32,25000,2,0,0.925,0
107286.33,12,26,60000,1,0,0.871,0
133059.67,12,37,75000,2,0,0.901,0
114728.33,12,38,65000,2,0,0.982,0
66222.33,6,27,80000,2,0,0.491,0
3544.67,2,44,15000,3,20,0.036,0
0.0,4,33,185000,2,20,0.0,0
435.0,12,51,90000,1,0,0.003,0
41979.33,10,54,25000,2,20,0.972,0
326.0,12,34,85000,1,0,0.002,1
36250.33,10,25,30000,2,20,0.579,1
8184.0,12,34,10000,2,0,0.697,0
17589.33,10,23,10000,2,20,0.817,1
36241.0,10,25,25000,1,20,0.709,0
3326.67,10,52,75000,3,0,0.038,0
124590.67,10,34,85000,2,0,0.981,0
28917.33,8,43,15000,2,20,0.929,0
0.0,2,25,25000,1,10,0.0,1
277.33,8,25,50000,2,0,0.004,0
43422.67,12,53,250000,1,0,0.216,0
3792.67,12,35,90000,1,0,0.002,0
10846.67,10,33,140000,1,0,0.002,0
500.0,4,27,25000,2,0,0.03,0
329402.67,12,49,180000,2,0,0.94,0
12441.33,12,44,85000,1,0,0.039,0
61324.33,8,36,45000,2,40,0.697,1
50221.0,12,25,25000,2,0,0.995,0
547.67,12,24,10000,1,0,0.031,1
98089.67,12,34,110000,2,0,0.499,0
799.33,8,25,100000,4,0,0.01,0
63563.33,12,29,35000,1,0,0.952,0
110013.67,12,28,200000,1,0,0.453,1
3333.0,2,36,45000,1,0,0.111,0
50206.33,6,54,25000,3,40,1.0,1
61407.0,10,31,30000,3,20,1.0,1
0.0,0,47,25000,3,10,0.0,0
22169.33,6,52,50000,1,20,0.215,1
96729.67,12,34,90000,2,20,0.528,1
0.0,2,42,105000,1,10,0.0,0
1378.0,10,35,215000,1,0,0.008,0
1561.67,8,41,10000,2,0,0.123,0
106431.67,12,51,20000,2,0,1.0,1
18730.0,10,27,90000,1,0,0.068,0
31411.0,10,28,70000,1,20,0.094,0
23837.67,8,45,15000,3,0,0.954,0
68892.33,10,36,105000,1,0,0.487,0
110759.33,0,35,45000,2,80,1.0,1
34294.0,8,29,80000,1,0,0.319,0
966.0,12,27,65000,2,10,0.0,0
8992.0,8,21,5000,2,0,0.866,1
127167.67,12,39,85000,2,0,0.843,0
16877.67,12,29,10000,2,0,0.788,0
27702.33,12,29,25000,1,0,0.765,0
8730.0,12,59,180000,1,0,0.048,0
634.33,6,23,25000,1,0,0.028,0
2140.0,8,25,40000,1,20,0.005,0
5313.33,12,32,80000,1,0,0.033,0
120176.0,12,37,190000,1,0,0.456,0
33031.33,12,32,110000,1,0,0.153,0
0.0,0,54,25000,3,0,0.0,0
97808.67,10,50,70000,2,20,0.681,0
56681.67,10,48,135000,1,20,0.209,0
40397.0,12,26,25000,2,0,1.0,0
56163.67,6,25,50000,2,40,0.531,1
9217.67,12,28,180000,2,0,0.027,0
19657.33,12,39,10000,2,0,0.98,0
50265.67,12,27,25000,2,0,1.0,0
330279.33,10,46,180000,2,20,1.0,0
2395.67,12,50,10000,2,10,0.0,0
72378.0,12,42,50000,3,0,0.705,0
65032.67,10,27,40000,1,0,0.96,0
130930.33,12,39,70000,3,0,0.978,0
66836.33,12,28,195000,1,0,0.165,0
1780.67,10,39,175000,1,20,0.001,0
520.0,4,48,85000,2,0,0.002,0
131252.0,12,37,135000,3,10,0.982,0
38084.67,10,42,230000,3,0,0.095,0
5780.0,10,37,100000,3,0,0.02,0
4775.33,10,28,225000,1,0,0.0,0
102.0,2,47,120000,1,0,0.001,0
1476.0,12,29,130000,1,0,0.006,0
25636.33,10,34,55000,2,0,0.22,0
39106.67,8,51,25000,2,0,0.769,0
254280.0,10,49,125000,3,20,1.0,0
5718.67,2,41,190000,1,0,0.01,1
43192.0,12,28,55000,2,0,0.38,0
9060.33,8,44,100000,1,0,0.134,0
24413.33,10,41,250000,1,20,0.021,0
72891.33,10,35,130000,2,20,0.27,0
58277.67,12,38,135000,2,0,0.225,0
19322.67,8,29,75000,2,0,0.103,0
27349.67,8,42,15000,3,30,0.922,0
103921.0,12,46,145000,1,0,0.997,0
326.0,10,30,100000,2,0,0.002,0
172.0,0,35,105000,1,0,0.003,0
0.0,0,49,50000,2,10,0.0,0
46049.67,12,45,25000,2,0,0.908,0
19316.0,12,56,105000,3,0,0.13,0
16567.67,10,44,120000,2,0,0.0,0
29946.33,10,25,70000,2,20,0.241,0
19583.67,12,49,25000,2,0,0.712,0
0.0,2,27,180000,1,10,0.0,1
89952.33,12,47,90000,2,0,0.472,0
108160.33,2,36,50000,2,80,1.0,0
6632.67,12,29,45000,2,0,0.062,0
1203.0,8,37,45000,1,0,0.014,0
89808.67,6,52,45000,2,20,1.0,0
390.0,8,25,15000,3,0,0.026,1
50494.0,12,29,150000,2,0,0.166,0
19600.0,12,36,10000,3,0,0.942,0
9980.0,12,25,15000,1,0,0.278,1
15241.0,12,27,25000,1,0,0.256,0
396.33,2,45,25000,3,0,0.024,0
9829.0,8,22,15000,1,30,0.289,1
47015.0,10,28,30000,1,20,0.788,0
0.0,4,25,100000,1,10,0.0,1
873.33,4,39,225000,2,0,0.002,0
119468.33,12,32,70000,2,0,0.926,0
114620.33,10,47,60000,2,0,0.937,0
8064.33,12,45,135000,2,0,0.026,0
115573.0,12,46,65000,1,0,0.852,1
11805.67,12,27,25000,2,0,0.197,0
9672.67,8,52,110000,2,0,0.092,0
24383.33,10,26,25000,2,0,0.569,0
21510.67,12,36,10000,2,20,0.98,0
98604.33,12,54,55000,3,0,0.959,0
73317.67,12,36,35000,1,0,1.0,0
381215.67,12,38,190000,3,0,1.0,0
9205.67,10,26,80000,4,0,0.018,0
48725.67,12,35,35000,3,20,0.681,0
11274.33,12,29,45000,2,0,0.21,0
78008.33,12,52,65000,3,0,0.816,1
1295.0,6,26,120000,1,10,0.0,0
68723.0,10,32,60000,3,20,0.563,0
184423.67,12,44,120000,1,0,0.785,0
61065.0,12,45,150000,1,0,0.208,0
26674.0,12,40,50000,2,0,0.267,0
5748.67,10,25,100000,1,0,0.03,0
41035.0,12,39,25000,2,0,0.786,0
587.33,4,40,50000,1,20,0.0,0
27543.33,12,39,250000,1,0,0.167,0
17676.33,6,50,10000,4,0,0.953,0
1350.67,12,39,140000,1,0,0.006,0
140313.0,8,23,80000,1,0,0.945,0
23192.0,10,21,15000,2,0,0.886,0
17072.67,12,45,25000,1,0,0.408,0
5484.67,12,24,10000,1,0,0.19,0
61170.0,10,32,70000,1,20,0.364,0
71863.33,12,27,65000,3,0,0.692,0
14551.67,12,23,50000,2,0,0.135,0
85949.0,12,25,50000,2,0,0.861,0
33480.33,6,26,25000,2,20,0.66,1
550.0,4,31,180000,1,10,0.0,0
6360.67,8,42,5000,3,20,0.567,1
47916.0,10,65,25000,3,0,0.967,0
2689.33,10,24,5000,2,20,0.022,0
573.67,8,38,105000,1,10,0.0,1
6288.67,12,31,160000,2,0,0.022,0
40965.67,12,23,35000,2,0,0.57,0
48019.67,12,24,80000,2,0,0.327,1
5951.0,8,36,90000,2,0,0.025,1
69130.0,10,27,35000,2,20,1.0,1
1698.67,4,30,140000,2,0,0.005,0
0.0,0,29,20000,1,10,0.0,0
34542.67,10,51,25000,3,20,0.668,0
75304.33,12,25,40000,4,0,0.941,0
31888.33,6,42,15000,3,50,1.0,1
250.0,4,24,10000,2,0,0.038,0
121624.67,12,42,65000,2,20,0.918,0
970.67,10,25,5000,2,0,0.126,0
64815.33,12,25,35000,1,0,0.983,0
215619.67,12,34,140000,1,0,0.757,0
68196.67,12,34,150000,1,0,0.221,0
45854.33,12,40,25000,2,0,0.947,1
98910.33,12,29,115000,2,0,0.495,0
68890.67,10,39,40000,2,20,0.792,0
390.0,12,38,25000,1,0,0.008,1
283480.67,12,40,235000,2,0,0.59,0
36552.67,12,39,105000,2,0,0.159,0
271.0,6,32,100000,1,0,0.001,0
49181.33,12,46,25000,2,0,0.991,0
53041.67,10,37,150000,2,20,0.173,0
1212.0,12,33,250000,1,0,0.002,0
62299.67,8,36,75000,2,0,0.32,0
11923.0,6,25,25000,2,0,0.228,0
160349.67,12,37,135000,1,0,0.579,1
49774.0,8,27,30000,2,20,0.818,1
172418.0,12,31,100000,3,20,0.837,0
19333.67,10,23,25000,2,0,0.656,0
17681.0,12,31,70000,1,0,0.114,1
4913.67,12,25,60000,2,0,0.044,0
15277.67,12,29,10000,2,0,0.714,0
18753.67,12,30,105000,1,0,0.111,0
56235.67,10,27,35000,3,20,0.827,0
0.0,0,37,115000,2,10,0.0,1
2968.33,12,33,135000,2,0,0.009,0
5967.0,6,56,10000,1,20,0.0,0
326.0,12,30,60000,1,0,0.003,0
2608.33,10,24,70000,1,0,0.033,0
150973.67,12,33,90000,2,0,0.855,0
1574.0,12,36,95000,1,0,0.009,0
81244.33,10,29,50000,2,20,0.802,0
41097.33,12,26,25000,1,20,0.844,0
115759.67,12,44,75000,3,0,0.975,0
253061.0,10,38,125000,2,0,1.0,0
182286.0,8,24,110000,1,30,0.84,1
48301.67,12,28,100000,3,0,0.273,0
41414.67,12,44,125000,2,0,0.19,0
213140.0,12,32,140000,1,0,0.723,0
14073.0,10,64,15000,3,20,0.453,1
51758.67,12,29,40000,2,0,1.0,0
341441.0,12,31,190000,2,0,1.0,0
89172.67,12,32,175000,2,0,0.056,0
15099.0,0,48,80000,1,20,0.144,1
58673.33,12,45,35000,3,20,0.964,1
0.0,0,33,75000,1,10,0.0,0
47513.0,10,39,80000,1,20,0.272,0
30008.0,12,27,20000,2,20,0.667,1
256877.33,10,30,175000,2,20,0.701,0
47965.67,8,27,25000,3,0,1.0,1
7199.0,10,38,110000,1,0,0.02,0
6666.0,12,26,100000,1,0,0.033,0
9758.33,12,41,195000,1,0,0.019,0
9688.67,10,32,165000,1,0,0.085,0
101808.33,12,60,50000,1,0,1.0,1
77592.33,12,58,35000,2,0,1.0,0
129328.0,12,41,120000,1,0,0.527,0
27468.67,12,23,15000,2,0,0.909,0
16785.33,8,43,15000,2,20,0.508,1
159983.33,12,29,80000,2,0,1.0,0
19155.33,12,40,60000,2,0,0.187,0
5936.0,6,55,5000,2,30,0.536,1
69751.67,12,33,235000,1,0,0.153,0
3254.67,6,26,100000,2,20,0.017,1
8002.67,12,22,25000,4,0,0.13,0
64.67,4,29,45000,1,10,0.0,0
225.33,10,35,110000,1,0,0.001,0
434.67,10,23,20000,2,20,0.016,1
175073.0,10,50,100000,3,20,0.885,1
32824.67,12,43,60000,2,0,0.276,0
816.0,8,43,105000,1,0,0.004,1
30263.0,6,22,15000,2,30,1.0,0
57890.0,10,54,55000,2,20,0.517,1
278333.67,12,35,140000,2,0,0.996,0
0.0,0,31,75000,1,10,0.0,0
16405.0,12,49,10000,3,0,0.762,0
24665.67,12,25,40000,2,0,0.373,0
30457.0,12,43,25000,2,20,0.602,1
94618.33,12,36,85000,1,0,0.544,0
159.67,2,45,100000,1,10,0.0,1
390.0,12,38,150000,1,0,0.001,0
17781.67,10,46,50000,2,20,0.175,1
3012.67,10,28,40000,1,20,0.068,0
29832.33,8,32,15000,1,20,0.947,1
23320.33,12,35,40000,1,0,0.344,0
264.0,10,30,30000,1,0,0.004,1
84018.33,12,24,55000,2,0,0.86,0
7843.0,10,46,5000,2,20,0.984,1
24533.33,12,32,145000,3,0,0.076,0
18317.33,6,26,15000,1,0,0.906,0
59857.33,12,45,30000,2,0,0.991,0
3639.67,10,49,75000,3,0,0.027,0
11681.67,12,40,375000,3,0,0.022,0
16534.67,8,29,15000,2,0,0.357,0
5473.67,12,51,80000,2,0,0.038,0
48581.33,12,31,25000,2,0,1.0,1
15361.0,12,42,25000,1,20,0.026,0
76786.67,12,30,80000,2,20,0.471,0
150595.33,12,23,75000,1,0,1.0,0
28481.67,10,42,15000,2,20,0.909,0
9371.33,6,35,175000,1,20,0.056,0
18825.67,12,24,10000,1,0,0.941,0
21823.0,12,39,25000,2,0,0.944,0
11918.33,10,27,90000,3,0,0.068,1
29886.67,6,23,15000,3,20,0.971,1
56657.0,12,52,50000,2,0,0.551,0
12567.0,8,24,10000,2,20,0.595,0
71107.33,12,29,40000,1,0,0.922,0
88800.0,12,43,75000,2,0,0.597,0
1574.33,6,30,115000,1,0,0.003,0
5986.0,12,25,25000,1,20,0.109,0
3114.0,12,39,105000,1,0,0.019,0
58153.67,12,41,25000,2,0,1.0,0
2131.67,10,37,120000,2,0,0.008,0
213759.33,12,40,250000,3,0,0.53,0
3857.67,2,28,105000,2,0,0.026,0
0.0,2,40,80000,2,0,0.0,0
0.0,0,48,125000,1,10,0.0,1
18001.67,12,46,250000,1,0,0.041,0
59786.67,8,35,50000,2,20,0.591,1
17735.0,12,26,10000,2,0,0.819,0
9992.0,2,30,15000,2,0,0.482,0
5160.33,10,27,25000,1,0,0.266,0
115737.33,10,27,80000,2,20,0.684,0
3200.0,12,28,25000,3,10,0.0,0
1670.0,8,25,45000,3,0,0.037,1
12013.0,12,28,10000,2,0,0.572,0
36190.0,4,44,25000,1,0,0.703,0
11956.0,2,39,115000,3,20,0.05,0
76576.33,10,31,75000,2,30,0.507,0
43741.0,12,45,25000,1,0,0.974,0
9336.67,2,36,140000,1,0,0.097,0
286850.67,12,37,250000,1,0,0.632,0
19192.33,12,47,45000,2,0,0.021,0
49745.67,12,29,180000,1,0,0.179,0
71532.67,10,50,70000,2,0,0.705,0
6050.0,10,44,70000,1,0,0.038,0
0.0,0,44,115000,1,10,0.0,1
32656.0,10,25,25000,2,20,0.781,0
1567.67,10,50,65000,2,0,0.012,0
252333.67,10,44,165000,1,20,0.738,1
1943.33,10,30,105000,1,0,0.023,0
5934.0,10,27,5000,1,20,0.492,0
49754.0,12,54,25000,2,0,0.986,0
42910.67,8,46,50000,1,20,0.392,0
43948.67,12,26,35000,3,0,0.939,0
42805.0,12,45,25000,2,0,0.813,0
14063.0,10,28,85000,1,0,0.119,0
45664.0,12,50,50000,2,20,0.441,1
53988.33,12,36,40000,1,0,0.751,0
71274.0,12,27,75000,3,0,0.515,0
27581.33,12,23,25000,3,0,0.539,0
287.33,6,34,40000,2,10,0.0,0
79844.33,12,24,60000,1,0,0.653,0
133086.67,12,47,235000,3,0,0.348,0
10836.0,6,52,40000,3,0,0.226,0
49216.0,10,30,30000,1,20,0.772,0
76420.33,12,42,40000,2,0,0.941,0
22178.33,12,57,25000,2,20,0.511,1
406840.67,12,43,250000,1,0,0.808,1
46098.0,12,26,55000,2,0,0.452,0
27306.33,2,44,40000,2,0,0.51,0
46080.0,10,27,25000,2,20,0.973,1
274514.67,6,44,200000,1,40,0.697,1
90134.33,12,29,45000,1,0,1.0,0
139511.67,12,53,75000,4,0,0.906,0
3540.33,4,35,180000,1,0,0.03,0
168774.67,12,29,85000,3,0,0.971,0
81399.0,12,37,55000,3,20,0.94,1
207611.0,12,29,110000,1,0,1.0,0
200550.33,12,36,100000,2,0,0.994,0
11343.33,6,47,250000,1,0,0.0,0
328540.33,12,48,170000,1,0,0.944,0
0.0,0,32,90000,2,10,0.0,0
3536.33,12,44,245000,1,0,0.006,0
56028.0,12,26,30000,2,0,0.936,0
3837.0,12,30,125000,1,0,0.011,0
17226.0,12,30,10000,2,20,0.8,1
167696.0,8,39,85000,3,20,1.0,0
16730.33,10,37,80000,3,20,0.104,1
557.33,0,25,40000,1,0,0.021,0
8063.33,12,36,190000,1,0,0.022,0
62237.67,12,33,35000,3,0,1.0,1
79525.67,12,29,40000,1,0,0.975,0
334823.33,12,58,190000,2,0,0.973,0
6297.67,12,24,115000,1,0,0.065,0
133362.67,10,28,65000,2,20,1.0,1
950.33,0,35,80000,1,0,0.018,0
29767.33,12,42,25000,3,0,0.887,0
106168.0,10,45,90000,1,20,0.591,0
78075.0,12,31,110000,2,0,0.343,0
113.33,8,41,100000,3,10,0.0,1
377443.0,10,41,260000,3,20,0.838,1
13106.67,10,46,15000,2,20,0.416,1
0.0,8,41,75000,2,10,0.0,0
735.67,12,32,105000,2,0,0.003,0
38433.0,12,36,25000,2,20,0.848,1
18168.67,12,37,10000,2,0,0.892,0
23327.33,12,44,145000,1,0,0.066,0
41623.0,12,32,25000,2,10,0.608,0
127914.33,12,42,65000,3,0,0.981,0
18390.0,6,24,30000,2,0,0.913,0
13201.67,10,25,10000,1,20,0.57,0
129184.67,12,35,80000,2,0,0.778,0
22906.33,10,39,125000,3,0,0.02,0
20104.67,10,38,40000,3,0,0.241,0
49541.33,12,33,30000,2,0,0.911,0
47726.33,12,30,40000,2,0,0.172,1
59175.0,10,25,30000,2,20,1.0,0
4528.67,8,38,205000,1,0,0.027,0
22040.67,12,34,120000,1,0,0.058,0
13681.67,10,46,15000,3,30,0.459,1
6078.0,12,31,100000,2,0,0.042,0
31394.0,10,46,90000,2,20,0.2,0
91691.0,12,32,50000,2,0,0.886,0
42869.0,12,42,25000,4,0,1.0,1
1876.0,12,45,30000,3,0,0.031,1
7299.33,8,26,25000,1,20,0.116,1
2557.33,12,34,120000,1,0,0.002,0
46434.67,12,29,110000,1,0,0.218,0
1713.67,6,42,20000,3,20,0.049,0
50705.0,4,23,40000,1,0,0.894,0
2172.67,12,52,160000,2,0,0.004,0
45048.33,12,43,210000,2,0,0.106,0
46164.0,12,48,250000,2,0,0.057,0
134939.0,12,24,145000,2,0,0.501,0
173763.0,12,45,95000,1,0,0.957,0
101782.0,12,33,50000,1,20,1.0,1
0.0,2,26,115000,2,10,0.0,0
19010.67,6,36,25000,2,30,0.392,0
45509.67,12,43,105000,2,0,0.224,0
0.0,0,24,45000,2,10,0.0,1
105273.33,12,56,240000,3,0,0.216,0
208.0,6,41,60000,1,10,0.0,0
162467.0,10,28,80000,2,20,1.0,0
48263.67,10,27,55000,2,20,0.424,0
653.33,2,60,130000,2,10,0.0,0
1801.0,10,24,40000,1,20,0.027,0
2973.33,12,58,25000,2,0,0.039,0
28791.67,12,45,25000,2,0,0.702,1
75443.67,12,29,50000,2,0,0.75,0
10188.33,6,56,10000,3,20,0.438,1
2166.67,6,44,130000,1,20,0.0,0
189491.0,12,42,340000,1,0,0.279,0
33508.33,4,25,25000,2,20,0.036,0
113302.0,12,27,85000,1,0,0.699,0
543.33,6,37,105000,2,0,0.002,1
10602.67,12,51,250000,1,0,0.02,0
21324.67,10,45,90000,1,20,0.103,0
899.0,12,37,170000,2,10,0.0,0
154467.67,12,30,80000,3,0,1.0,0
27543.67,12,22,15000,2,20,0.895,1
196519.33,12,44,115000,2,0,0.895,0
27731.67,8,22,15000,3,20,0.944,0
61391.33,12,33,240000,2,0,0.12,0
7185.0,6,44,180000,1,0,0.046,0
76308.0,10,50,250000,1,20,0.15,1
11242.0,10,37,110000,1,20,0.077,0
86243.33,8,29,50000,1,30,0.878,1
0.0,2,31,100000,2,10,0.0,0
195069.0,12,40,100000,1,0,0.965,0
90190.0,12,23,45000,2,0,1.0,0
28686.33,12,24,25000,2,0,0.559,0
46649.33,12,42,40000,2,20,0.571,1
5557.33,2,48,130000,1,0,0.032,0
60148.67,12,25,40000,3,0,0.774,0
608.0,0,23,10000,1,10,0.0,1
1111.0,8,53,25000,2,10,0.0,0
92195.0,12,29,45000,1,0,1.0,0
285411.0,12,30,145000,2,0,1.0,0
20119.33,12,30,10000,3,0,0.946,0
0.0,0,36,115000,1,10,0.0,0
560.0,10,34,180000,2,10,0.0,0
49082.67,12,40,25000,2,0,0.967,1
31950.33,8,36,40000,2,0,0.74,0
99794.0,10,56,50000,2,20,0.975,1
285473.67,12,28,195000,1,0,0.736,0
106440.67,12,52,60000,2,20,0.894,0
20304.67,4,35,10000,2,30,1.0,0
43657.0,12,24,75000,2,20,0.423,1
18811.33,4,38,10000,2,20,0.841,1
22266.33,12,44,10000,1,0,0.899,0
102431.67,12,44,125000,1,0,0.395,0
15821.33,12,25,115000,2,0,0.084,0
25074.33,12,40,10000,3,0,1.0,0
22611.33,12,41,40000,2,0,0.271,0
50586.67,12,32,155000,2,0,0.165,0
402427.67,12,49,240000,1,0,0.951,0
5462.0,2,24,10000,1,0,0.81,0
47501.67,12,22,25000,3,0,0.929,0
236882.67,4,35,95000,2,60,1.0,1
45468.0,12,41,25000,2,0,0.906,0
8991.33,12,29,25000,2,20,0.166,1
20611.67,12,38,25000,2,0,0.452,0
43637.67,12,45,150000,2,0,0.137,0
37900.33,12,33,30000,2,0,0.704,0
13456.0,12,28,130000,1,10,0.0,0
53906.0,12,27,95000,1,10,0.0,0
421040.33,12,53,250000,3,0,0.83,0
33196.0,12,31,150000,1,0,0.202,0
49793.67,12,43,25000,2,0,1.0,1
30255.0,8,27,25000,3,30,0.586,1
23418.67,12,42,65000,2,0,0.189,0
201.33,0,38,40000,1,0,0.008,0
43898.67,12,37,25000,2,0,0.897,0
26670.0,12,31,25000,2,0,0.8,0
63866.67,12,27,60000,1,0,0.59,0
10494.33,12,33,110000,1,0,0.015,0
50122.0,12,35,25000,1,0,1.0,0
88982.33,10,29,45000,1,0,0.981,0
0.0,2,43,180000,2,0,0.0,0
6883.33,8,49,140000,2,0,0.074,0
4870.33,12,57,135000,1,0,0.05,0
131031.67,12,31,100000,1,0,0.801,0
76964.0,12,25,40000,3,0,1.0,0
5266.0,4,34,30000,1,10,0.0,0
57858.0,12,31,30000,2,0,0.97,0
69160.33,12,28,45000,1,0,0.266,0
8137.33,10,48,5000,3,0,0.706,0
91658.0,12,36,70000,2,0,0.676,0
160048.67,12,42,140000,1,0,0.618,1
84902.0,10,24,70000,2,20,0.866,0
14868.33,12,52,55000,3,0,0.127,0
6585.33,12,26,60000,3,0,0.187,0
130076.67,12,39,65000,2,0,1.0,0
201574.0,12,48,145000,2,0,0.775,0
22584.67,12,33,40000,2,0,0.276,0
15236.0,6,22,25000,2,20,0.3,1
320.0,6,33,225000,2,0,0.001,0
30616.33,10,37,25000,3,30,0.608,1
139011.33,10,27,85000,1,0,0.907,0
48453.33,12,30,105000,2,0,0.186,0
23110.67,12,23,15000,2,20,0.723,0
56798.33,12,33,115000,1,0,0.249,0
1269.33,12,34,85000,2,0,0.017,1
18739.67,12,22,10000,2,0,0.898,0
33131.67,10,54,25000,3,20,0.985,0
66627.33,12,42,50000,2,0,0.659,0
130.0,2,27,70000,1,0,0.003,0
81132.67,12,30,50000,1,0,0.904,0
946.0,4,37,75000,1,20,0.0,1
27023.33,6,23,30000,3,20,0.481,1
200088.33,12,33,100000,3,0,0.997,1
14348.67,12,27,100000,1,0,0.06,0
49307.33,12,35,25000,1,0,0.972,1
43510.33,10,32,30000,2,0,0.866,0
45972.33,6,32,25000,3,20,0.913,1
22338.67,12,55,70000,2,20,0.162,0
57495.33,12,41,320000,1,0,0.087,0
89589.33,12,41,105000,2,20,0.418,1
34746.33,12,27,30000,2,0,0.729,0
72830.0,10,32,40000,2,30,0.905,1
1986.0,12,37,145000,1,0,0.012,1
0.0,0,28,75000,1,10,0.0,0
131600.33,10,40,100000,2,0,0.499,0
4053.0,8,29,65000,2,20,0.022,1
81344.33,10,34,245000,2,0,0.0,0
3092.33,2,40,100000,2,0,0.049,1
5229.0,12,54,105000,1,0,0.037,0
2864.0,8,29,130000,1,0,0.014,1
48754.33,12,42,40000,2,0,0.603,0
37591.67,12,53,25000,3,0,0.833,0
80130.33,10,30,105000,2,20,0.37,0
815.0,12,52,105000,2,0,0.004,0
20922.67,10,41,20000,3,20,0.501,0
169644.67,10,33,55000,2,20,1.0,0
25408.67,12,49,25000,1,0,0.506,0
1773.67,8,27,40000,1,0,0.04,0
4408.0,12,37,40000,1,0,0.084,1
93362.67,12,43,125000,1,0,0.373,0
76770.33,12,27,50000,1,0,0.753,0
45063.0,8,29,25000,2,20,0.864,1
122353.33,12,32,75000,1,20,0.805,1
19124.33,8,30,35000,2,20,0.25,1
83.0,6,29,75000,1,0,0.002,0
4501.33,12,31,180000,1,0,0.004,0
52919.33,12,29,45000,2,0,0.576,0
7000.0,12,28,80000,2,0,0.038,0
52114.33,12,36,35000,2,0,0.969,0
293056.0,12,33,180000,2,0,0.905,0
8572.67,6,33,210000,1,0,0.061,0
35544.33,12,47,25000,2,0,0.978,0
110783.33,8,28,80000,2,30,0.693,1
66.33,6,38,50000,2,10,0.0,0
5048.33,8,41,120000,3,0,0.017,0
94018.67,10,42,195000,1,20,0.252,0
54851.0,12,37,40000,2,0,0.723,0
26323.0,12,29,180000,1,0,0.071,1
2850.33,12,34,105000,2,0,0.016,0
400.0,8,28,160000,1,10,0.0,1
8822.0,10,50,10000,3,20,0.431,0
160180.67,10,27,90000,2,20,1.0,1
210793.67,12,50,245000,2,0,0.42,0
26518.0,10,22,15000,2,20,0.851,0
338.33,4,34,145000,1,0,0.0,0
0.0,0,46,170000,2,0,0.0,0
713.33,12,43,20000,2,0,0.006,0
6680.0,12,23,25000,2,0,0.0,0
20628.67,8,30,15000,2,20,0.711,1
518.67,10,34,30000,1,20,0.008,0
54045.33,12,29,90000,4,10,0.512,0
390.0,12,57,80000,3,0,0.002,0
5711.33,10,33,85000,1,20,0.053,0
23578.0,12,42,25000,2,20,0.253,0
9679.0,10,45,25000,2,20,0.171,0
0.0,0,32,180000,1,0,0.0,0
133359.33,12,35,80000,2,20,0.819,1
115948.33,12,39,130000,1,0,0.415,0
136321.33,8,31,175000,1,20,0.057,0
27601.0,10,26,15000,2,20,0.913,0
17170.33,8,27,90000,2,20,0.096,0
1136.0,12,30,115000,1,0,0.005,0
0.0,0,29,25000,1,10,0.0,0
369576.0,12,38,185000,2,20,1.0,1
27876.0,8,42,15000,2,20,0.811,0
2126.0,8,31,140000,1,20,0.0,0
390.0,12,53,105000,2,0,0.002,1
531.33,6,49,75000,1,20,0.003,0
9146.33,10,30,85000,1,0,0.049,0
74831.33,10,28,40000,2,0,0.915,0
16918.33,6,29,15000,2,20,0.554,1
50506.67,12,38,25000,2,0,1.0,0
39334.33,12,24,70000,2,0,0.275,0
26355.33,10,22,15000,1,20,0.884,0
39786.0,12,45,25000,2,0,0.852,0
390.0,6,24,10000,1,0,0.02,0
16640.67,6,37,90000,1,0,0.085,0
24642.67,4,46,15000,2,0,0.826,0
90205.67,12,26,105000,2,0,0.438,0
20910.0,10,35,15000,2,0,0.673,0
20257.0,12,31,25000,2,0,0.409,0
994.33,12,31,135000,1,0,0.004,0
23959.0,12,25,35000,2,0,0.328,0
51634.33,12,32,55000,2,0,0.021,0
6553.33,10,24,10000,1,0,0.165,1
148481.67,12,37,75000,2,0,0.986,1
158728.67,12,59,210000,1,0,0.419,0
99.0,8,24,10000,1,0,0.015,0
43497.33,12,51,25000,2,0,1.0,0
188164.67,12,51,85000,1,0,1.0,0
23211.0,12,35,10000,3,20,1.0,0
806.33,0,36,180000,3,0,0.007,1
3187.67,2,34,140000,1,20,0.031,0
1228.33,10,35,170000,1,0,0.002,0
172291.33,4,46,90000,1,0,0.892,1
104549.0,12,33,140000,1,0,0.031,1
20539.33,10,27,30000,1,20,0.248,1
82396.0,12,56,75000,1,20,0.78,1
33846.67,12,24,150000,1,0,0.117,0
186873.33,12,34,105000,1,0,0.954,0
28902.67,12,29,25000,1,0,0.558,0
282.0,12,30,70000,1,0,0.002,0
21570.67,12,42,90000,1,0,0.024,0
41378.0,12,44,190000,3,0,0.106,0
5426.0,6,22,5000,2,0,0.742,0
35137.67,12,45,25000,3,0,0.92,0
47591.67,12,22,25000,2,0,1.0,1
9937.0,12,25,25000,1,0,0.171,0
9313.0,12,37,70000,2,0,0.072,0
110962.67,12,36,55000,2,0,0.994,0
2315.33,12,63,130000,2,0,0.013,0
49339.0,12,26,25000,2,0,0.994,0
1088.33,10,30,90000,1,30,0.01,0
58552.33,12,26,75000,2,20,0.38,0
34017.33,12,39,40000,1,0,0.456,0
0.0,0,31,105000,1,0,0.0,0
7833.33,12,44,160000,1,0,0.023,0
94826.0,8,36,50000,2,0,0.927,0
29272.67,8,35,50000,1,0,0.527,0
16782.33,12,24,25000,1,0,0.326,0
2563.33,2,43,120000,3,20,0.011,1
4117.0,6,33,150000,1,10,0.0,0
130280.0,4,30,100000,1,0,0.996,1
88764.0,12,31,135000,1,0,0.321,0
76817.33,8,26,75000,1,20,0.502,1
3187.0,8,29,130000,2,0,0.0,0
20559.33,12,24,25000,2,0,0.525,0
51185.0,8,32,65000,2,20,0.397,1
24376.67,10,28,40000,1,20,0.722,0
14734.33,12,32,10000,1,30,0.589,0
247201.33,12,50,205000,2,0,0.602,0
79366.0,8,36,40000,2,20,0.963,1
37056.67,12,58,80000,3,0,0.013,0
11317.67,10,40,250000,1,0,0.032,0
17789.0,12,36,10000,2,0,0.816,0
6892.0,8,34,90000,4,0,0.038,0
145884.0,12,45,100000,2,0,0.968,1
244548.33,12,44,155000,3,0,0.77,0
715.0,10,40,80000,1,0,0.009,0
0.0,2,61,85000,3,10,0.0,0
5846.67,12,45,250000,1,0,0.011,1
220.0,8,28,70000,1,10,0.0,0
46959.0,12,48,40000,3,0,0.556,0
25349.33,12,28,210000,2,0,0.065,0
16167.0,12,24,45000,3,0,0.041,0
217.33,8,31,140000,1,0,0.001,0
13928.0,8,44,10000,3,30,0.55,0
63012.67,6,31,85000,2,0,0.376,0
11167.33,12,26,15000,2,0,0.416,0
5440.0,0,26,10000,3,0,0.816,0
1243.33,8,49,140000,1,0,0.016,1
51775.33,8,40,15000,3,20,1.0,0
1852.0,0,38,85000,1,0,0.033,0
5567.67,8,38,145000,1,10,0.0,0
0.0,6,24,145000,1,10,0.0,0
6777.67,8,33,180000,2,0,0.015,0
90584.0,8,34,95000,2,20,0.456,0
23382.0,0,26,45000,2,0,0.78,0
16921.67,10,48,10000,3,20,0.822,0
130142.67,12,42,145000,2,0,0.534,0
284657.67,12,38,230000,1,0,0.645,0
732.67,8,26,115000,1,20,0.0,0
326.0,12,37,85000,2,0,0.002,0
5688.67,12,40,90000,1,0,0.024,0
18658.0,12,27,10000,2,0,0.967,0
47372.0,12,25,25000,2,0,0.964,0
0.0,2,30,100000,1,0,0.0,0
0.0,0,53,40000,3,0,0.0,0
9737.67,12,53,190000,1,0,0.013,0
11997.0,12,40,250000,1,0,0.023,1
25061.67,6,49,85000,2,20,0.159,1
14945.67,12,23,10000,1,0,0.73,0
164650.67,12,32,160000,2,0,0.503,0
48488.0,12,23,25000,1,0,0.961,1
359114.0,10,45,200000,2,20,0.843,0
6280.0,6,33,160000,1,20,0.001,0
212211.67,12,28,100000,1,0,1.0,0
4551.0,10,28,10000,1,0,0.369,1
108.0,8,42,115000,3,10,0.0,1
846.0,8,29,65000,1,0,0.002,1
199755.0,12,28,155000,1,0,0.879,1
26030.0,12,58,25000,3,0,0.498,0
77186.67,12,45,45000,3,0,0.961,0
57911.67,12,42,130000,3,0,0.217,0
64687.67,10,36,135000,1,20,0.291,0
58355.0,12,30,105000,1,0,0.251,0
126419.67,12,52,110000,2,0,0.58,0
77590.0,8,30,40000,2,20,0.902,1
39270.0,10,61,25000,3,20,0.724,0
46628.0,12,39,10000,2,0,1.0,0
5626.33,8,23,10000,1,0,0.598,0
12710.0,12,25,50000,1,0,0.167,0
65551.0,12,32,160000,2,0,0.235,0
2124.0,8,31,100000,2,10,0.0,0
559.33,12,25,40000,1,0,0.003,0
64502.0,12,34,60000,2,20,0.534,1
19751.33,8,43,10000,2,0,0.96,0
4235.33,12,35,100000,1,0,0.051,0
696.0,12,24,70000,2,0,0.005,0
28595.33,10,52,25000,2,20,0.551,1
60615.0,10,25,30000,2,20,1.0,0
47967.33,12,30,25000,2,0,0.942,0
193362.0,12,33,100000,2,0,0.949,0
18301.0,6,53,10000,2,20,0.802,1
0.0,4,32,100000,1,10,0.0,0
7690.67,10,49,175000,3,20,0.03,0
21664.67,10,40,25000,3,20,0.417,1
4369.33,8,44,60000,2,20,0.041,1
2368.33,12,35,75000,2,0,0.027,0
16335.33,10,48,90000,2,0,0.061,0
0.0,6,27,60000,2,10,0.0,1
128597.67,12,55,65000,1,0,0.971,0
11523.33,12,41,40000,2,0,0.091,0
5500.0,12,49,195000,2,0,0.019,0
22275.33,6,27,25000,1,20,0.436,1
26827.67,12,31,25000,2,20,0.517,0
71879.33,12,29,160000,2,0,0.01,1
19448.0,12,48,25000,2,20,0.369,1
172702.67,10,43,100000,2,20,0.858,0
13487.0,10,59,15000,3,20,0.45,1
115.67,6,36,145000,2,0,0.003,0
3144.67,12,57,25000,3,0,0.079,0
524.0,6,52,25000,2,0,0.012,0
133974.0,10,45,70000,3,20,0.958,1
15068.0,12,43,25000,2,0,0.319,1
6819.67,12,23,40000,2,0,0.052,0
31331.33,12,31,25000,1,0,0.606,0
7703.67,10,28,140000,2,0,0.064,0
37719.0,12,53,40000,2,0,0.466,0
50762.67,12,29,30000,2,0,1.0,0
4764.67,2,26,180000,1,0,0.004,0
12700.67,12,32,260000,2,0,0.034,0
0.0,0,43,105000,2,10,0.0,1
5779.67,12,26,180000,1,0,0.033,0
97761.33,12,27,50000,1,0,0.998,0
33126.67,12,45,25000,3,20,0.953,1
93014.33,8,31,140000,2,20,0.456,0
23932.0,12,26,60000,1,0,0.163,0
48371.33,10,29,25000,1,20,0.915,1
704.33,8,48,180000,1,0,0.006,0
4455.33,12,35,70000,2,0,0.034,1
0.0,0,25,65000,1,10,0.0,0
6389.0,12,33,120000,1,0,0.038,0
60549.0,12,40,35000,3,0,0.865,0
29235.0,12,45,40000,2,0,0.353,0
17930.67,12,35,10000,4,0,0.898,0
177506.33,10,29,90000,2,20,0.957,1
62139.33,12,25,40000,2,0,0.797,0
3022.67,12,39,150000,2,0,0.028,0
35120.67,4,31,35000,2,0,0.896,0
0.0,0,30,90000,1,10,0.0,1
84847.0,8,33,75000,2,20,0.585,0
26060.67,6,36,15000,3,20,0.848,1
121563.0,12,24,90000,1,0,0.727,0
21279.33,2,31,10000,2,50,1.0,0
23368.33,10,29,15000,2,20,0.683,0
1163.33,6,38,250000,1,0,0.0,1
49361.67,12,29,145000,1,0,0.214,0
133338.67,12,47,250000,2,0,0.365,0
65469.33,12,37,75000,2,0,0.46,0
230.67,10,37,100000,1,20,0.002,1
15259.67,10,23,25000,2,20,0.416,0
1092.0,2,47,90000,1,10,0.0,1
10724.33,8,40,75000,1,10,0.0,0
434.67,8,34,105000,2,10,0.0,1
7282.0,8,23,15000,4,20,0.094,0
2155.0,8,51,180000,3,0,0.008,0
22663.0,8,38,30000,2,20,0.37,0
30832.67,12,25,115000,2,0,0.009,0
2023.0,6,39,130000,3,20,0.014,0
5368.33,12,34,105000,2,0,0.041,0
4259.0,8,42,100000,1,0,0.022,0
17395.33,6,37,10000,2,0,0.822,0
28568.33,12,53,15000,3,20,0.934,0
76263.0,10,32,90000,1,20,0.409,1
43481.33,12,28,25000,2,20,0.849,1
150529.0,12,43,100000,3,0,0.731,0
18831.33,12,27,70000,1,0,0.117,0
8250.0,12,42,125000,1,0,0.019,0
129565.0,12,43,100000,1,0,1.0,0
45907.0,12,30,40000,1,0,0.562,0
57164.0,12,48,30000,3,0,1.0,0
520.0,10,29,180000,1,20,0.002,0
2229.33,2,23,25000,1,0,0.061,1
28.0,6,36,120000,3,10,0.0,0
8856.33,10,30,165000,2,0,0.04,1
14553.67,6,25,25000,2,20,0.275,1
3868.33,2,33,55000,3,20,0.065,1
0.0,2,29,15000,3,10,0.0,1
6122.33,8,36,10000,2,20,0.278,1
15003.67,10,43,10000,1,20,0.668,1
124741.67,12,31,80000,1,0,0.855,0
76717.67,12,24,40000,2,0,0.988,0
12020.0,12,47,90000,1,0,0.045,0
390.0,10,27,40000,2,20,0.005,0
2690.67,6,30,75000,1,0,0.032,0
83618.0,12,29,65000,1,0,0.63,1
5565.67,10,32,120000,3,0,0.02,0
8349.67,12,28,200000,1,0,0.004,0
4042.33,10,32,250000,2,0,0.021,0
17628.33,10,22,10000,1,20,0.926,1
983.33,10,35,120000,1,0,0.002,0
89872.0,12,26,55000,2,20,0.78,1
57230.33,12,26,40000,2,0,0.705,0
4498.0,12,58,25000,3,0,0.08,0
2874.0,2,37,165000,1,0,0.026,0
192175.33,12,40,100000,3,0,0.937,0
6366.67,4,32,115000,4,0,0.048,0
105516.67,12,26,70000,2,20,0.202,1
41.33,0,34,180000,2,10,0.0,0
31083.33,10,46,35000,3,20,0.418,1
507.33,8,40,180000,2,10,0.0,0
0.0,0,27,130000,1,10,0.0,0
68138.67,12,29,40000,3,0,0.952,0
10000.0,12,48,90000,2,0,0.056,0
14313.33,12,30,95000,1,0,0.034,0
71124.67,12,50,95000,1,20,0.366,1
262386.33,12,39,130000,1,0,0.998,0
196881.33,10,27,100000,2,20,1.0,1
332452.33,12,47,170000,1,0,0.959,1
9797.33,12,47,100000,2,0,0.003,0
18832.0,12,36,75000,1,0,0.09,0
78374.0,12,40,50000,2,0,1.0,0
97236.33,12,45,50000,2,20,0.876,1
8182.67,12,34,100000,4,0,0.07,0
32996.0,4,39,115000,1,0,0.167,0
2277.33,12,40,100000,1,0,0.0,0
114508.33,12,28,70000,1,20,0.813,0
27838.0,12,24,15000,2,0,0.898,0
0.0,6,30,50000,2,20,0.0,0
520.0,10,41,25000,2,0,0.008,1
1374.0,0,41,165000,1,0,0.012,0
183259.0,12,36,250000,1,20,0.394,1
10108.0,12,31,250000,2,0,0.009,0
47454.33,10,28,25000,2,0,0.952,0
16602.0,10,25,25000,1,0,0.335,0
47782.67,12,42,25000,2,0,0.959,0
18137.33,12,51,10000,2,20,0.842,0
69618.33,12,24,35000,3,20,0.991,0
48268.0,12,34,30000,1,0,0.924,1
200591.67,12,36,115000,1,0,0.951,0
22952.0,8,58,30000,3,20,0.378,0
12827.67,12,43,165000,2,0,0.04,0
5359.0,12,35,250000,1,0,0.004,0
1286.67,8,45,15000,3,0,0.0,0
54123.0,12,53,80000,1,0,0.329,0
109665.67,12,40,55000,2,0,0.993,0
30546.33,10,35,25000,1,20,0.614,0
625.33,12,43,25000,2,0,0.011,0
0.0,0,25,10000,1,10,0.0,1
49278.33,12,23,25000,2,20,0.987,0
0.0,2,28,105000,1,10,0.0,0
2640.33,12,30,250000,2,0,0.001,0
26985.33,8,50,160000,3,20,0.094,0
5602.67,12,32,175000,1,0,0.031,0
45106.67,12,27,25000,3,0,0.911,0
7869.33,10,34,25000,2,20,0.215,0
18752.0,12,33,10000,2,20,0.904,1
78656.33,12,47,40000,2,20,0.971,1
159113.33,6,35,85000,1,0,0.996,0
37667.33,12,24,25000,2,0,0.979,1
12186.67,6,49,200000,3,0,0.091,0
91110.67,10,48,45000,2,20,0.974,1
45449.33,12,22,25000,2,20,1.0,0
57486.67,10,24,30000,1,20,0.962,0
6933.33,0,50,25000,2,0,0.416,0
127632.0,12,45,125000,1,0,0.856,0
3479.0,12,53,160000,3,0,0.011,1
20212.33,12,27,130000,1,0,0.058,0
18727.33,12,24,10000,2,0,0.955,0
18578.33,12,25,25000,1,0,0.372,0
30261.33,12,35,25000,2,20,0.585,0
39590.33,10,35,25000,1,30,0.789,0
4661.67,10,27,75000,1,0,0.049,0
16983.0,6,21,10000,2,30,1.0,1
166630.33,10,39,95000,1,20,0.902,1
6369.67,6,46,125000,1,20,0.022,0
54174.0,12,32,190000,1,0,0.14,0
256503.67,12,28,165000,2,0,0.775,0
47215.67,12,31,25000,2,0,0.917,0
42538.0,10,31,70000,1,20,0.295,0
5335.0,6,50,10000,2,20,0.253,1
51942.0,12,28,35000,1,0,0.767,0
157419.0,12,31,80000,1,0,1.0,0
2056.67,0,34,120000,2,0,0.026,0
1639.67,12,27,150000,1,0,0.01,0
25631.67,12,28,35000,2,20,0.35,0
14486.33,10,28,15000,2,20,0.39,1
23533.33,12,32,195000,1,0,0.056,0
7714.0,12,40,10000,2,0,0.334,0
205920.0,12,44,165000,1,0,0.71,0
2996.0,12,29,210000,1,0,0.01,0
316.0,12,63,100000,1,0,0.002,0
66703.67,8,29,35000,2,30,0.882,1
7441.67,2,40,90000,2,0,0.116,0
190181.33,12,55,130000,3,0,0.713,0
3071.33,12,25,40000,3,0,0.007,0
165.0,12,32,125000,1,0,0.001,0
138715.67,12,29,70000,1,0,0.984,0
36635.33,8,24,20000,2,20,0.922,1
15619.33,12,36,25000,2,0,0.549,0
145008.0,12,37,105000,2,0,0.774,0
31057.0,12,33,90000,2,0,0.171,0
48196.67,12,45,25000,2,0,0.922,0
155126.33,12,54,160000,2,0,0.488,0
6336.67,2,41,115000,1,0,0.041,0
671.0,10,40,80000,2,0,0.004,0
89451.33,12,25,55000,2,0,0.903,0
19958.0,12,39,125000,3,0,0.074,0
8389.33,6,37,10000,4,0,0.336,0
13395.0,12,28,85000,1,0,0.072,0
127669.0,12,32,70000,3,0,1.0,0
58506.33,8,42,30000,2,20,0.936,1
3677.67,2,24,10000,1,0,0.514,1
59896.0,12,53,40000,2,0,0.831,0
59106.0,12,34,30000,3,20,0.975,0
35990.33,6,35,105000,4,0,0.4,0
313486.67,12,27,160000,2,0,0.997,0
37726.33,12,55,25000,3,0,0.745,0
4392.67,8,37,5000,2,0,0.863,0
49120.0,12,51,25000,2,0,0.975,1
132514.33,12,33,70000,2,0,0.951,0
700.67,12,38,25000,2,0,0.012,0
600.0,2,36,40000,2,40,0.008,1
259801.33,12,36,150000,1,0,0.91,0
465935.33,12,33,260000,1,0,0.933,1
79956.0,12,57,100000,2,0,0.399,0
1941.67,8,35,100000,2,10,0.0,0
45486.33,12,44,30000,2,0,0.95,0
106101.33,10,42,90000,2,20,0.569,0
33431.33,10,24,60000,2,0,0.269,0
49105.67,12,47,25000,2,0,0.981,0
25258.0,10,33,10000,1,0,0.88,0
11485.67,10,27,5000,2,20,1.0,1
8209.67,12,34,260000,1,0,0.018,0
548708.67,12,33,250000,1,0,0.0,0
29068.0,12,24,25000,2,0,1.0,0
60640.33,12,29,100000,2,0,0.308,0
790.33,10,36,180000,1,10,0.0,0
8279.67,12,48,200000,1,0,0.015,0
554.0,8,30,45000,2,0,0.004,0
1278.0,8,29,45000,2,20,0.01,0
67284.0,10,29,100000,1,20,0.305,0
4673.67,12,38,75000,1,0,0.001,1
329852.67,12,31,175000,2,0,1.0,0
345235.33,12,31,250000,2,0,0.758,0
109190.33,12,24,80000,2,0,0.081,0
54390.0,12,35,40000,1,0,0.651,0
44466.67,0,38,65000,2,0,1.0,0
61647.67,8,31,50000,3,0,0.85,0
31926.67,12,46,40000,2,20,0.385,0
19231.67,12,24,25000,2,20,0.364,0
0.0,0,50,40000,1,10,0.0,0
0.0,6,27,100000,1,10,0.0,0
39033.0,12,28,165000,2,0,0.114,0
11633.0,10,26,25000,1,20,0.212,1
51.67,0,23,40000,2,0,0.004,1
7976.67,12,33,135000,2,0,0.043,0
12477.0,10,60,15000,3,20,0.386,0
1763.0,12,30,250000,2,0,0.002,0
7556.67,6,26,30000,1,20,0.057,0
17113.33,12,34,10000,2,20,0.858,0
0.0,0,28,90000,2,10,0.0,0
1218.67,0,38,15000,2,0,0.122,0
1015.67,6,45,100000,1,0,0.003,0
3830.67,12,32,160000,1,0,0.012,0
38887.33,12,28,105000,3,0,0.179,0
1415.33,12,30,100000,1,0,0.003,0
7136.0,12,41,85000,2,0,0.036,0
49153.33,12,42,25000,3,0,0.957,0
9732.67,12,52,10000,2,20,0.429,0
19147.0,12,22,10000,2,0,0.924,0
481863.67,12,31,290000,1,0,0.836,0
78494.0,12,25,40000,3,0,1.0,0
15009.67,12,38,25000,1,0,0.399,1
47131.0,10,31,15000,2,0,0.893,0
39684.67,12,31,25000,2,0,0.912,1
1650.0,0,25,10000,3,40,0.082,1
73438.0,12,41,50000,2,20,0.72,0
80172.0,12,48,40000,3,0,1.0,0
390.0,8,48,20000,3,20,0.02,0
77811.0,10,27,40000,3,20,0.989,0
9798.67,10,31,5000,3,20,1.0,0
12649.33,12,41,100000,1,0,0.053,0
47621.33,8,28,25000,2,20,1.0,0
102966.67,12,23,70000,3,0,0.717,0
67753.0,12,34,170000,1,0,0.226,0
214217.33,8,28,110000,1,20,0.932,1
74929.33,12,23,40000,1,20,1.0,1
13103.0,10,24,10000,3,20,0.609,1
11694.0,6,36,250000,1,0,0.051,0
5172.67,8,48,50000,2,20,0.078,0
1594.0,6,39,75000,2,10,0.0,0
163709.33,12,27,180000,2,0,0.445,0
58700.0,12,37,30000,2,0,0.962,0
1240.33,10,34,250000,1,0,0.004,0
1502.0,10,27,135000,1,0,0.007,0
68111.67,12,30,115000,2,0,0.325,0
140297.67,12,33,80000,2,0,0.876,0
15481.0,12,26,10000,1,0,0.728,0
133199.67,12,34,115000,2,0,0.573,0
33398.33,12,23,25000,3,0,0.665,0
5417.67,8,52,250000,2,0,0.015,0
73328.0,12,30,40000,3,20,0.89,0
42823.67,12,55,25000,3,0,0.911,1
20327.0,10,29,10000,2,20,1.0,0
11471.0,12,40,100000,1,0,0.033,0
40113.33,10,44,50000,2,20,0.39,0
173712.67,12,44,195000,2,0,0.435,0
4214.0,12,44,225000,2,0,0.007,0
7692.67,6,40,5000,3,30,0.723,1
19002.33,12,29,135000,2,0,0.068,0
128447.33,12,33,95000,1,0,0.724,0
32630.33,12,30,15000,1,0,1.0,0
14424.0,12,28,180000,1,0,0.064,0
22356.33,12,28,25000,2,0,0.399,0
13514.33,10,41,120000,1,0,0.045,0
137898.0,12,26,75000,2,0,0.964,0
47883.33,4,44,75000,2,0,0.958,0
18574.67,12,23,10000,2,20,0.884,0
354.0,4,24,25000,1,0,0.008,1
37780.0,12,38,20000,2,0,0.962,0
17652.67,8,25,10000,1,30,0.834,1
0.0,0,29,75000,1,10,0.0,0
4912.0,10,48,25000,2,20,0.022,0
17532.33,10,44,25000,3,10,0.0,1
12592.33,8,23,25000,2,0,0.043,1
8273.67,8,24,25000,3,0,0.144,1
76005.67,12,35,100000,1,0,0.376,0
164035.67,10,37,100000,1,20,0.786,1
119194.67,12,38,60000,3,0,0.981,0
20994.0,8,28,45000,2,20,0.211,1
2884.67,6,24,15000,1,0,0.026,0
9944.67,10,29,35000,1,20,0.033,0
8709.67,10,52,245000,2,0,0.006,0
1796.0,12,39,25000,3,0,0.05,0
218421.33,12,55,160000,2,0,0.736,0
13708.33,8,27,25000,1,20,0.258,1
6071.33,2,25,70000,1,0,0.016,1
140696.33,10,49,250000,2,0,0.056,0
16271.0,12,58,250000,1,0,0.015,0
37000.67,12,34,25000,1,0,0.971,0
76234.67,12,31,85000,3,0,0.018,0
25890.67,8,36,65000,3,20,0.185,1
6596.0,12,27,75000,3,20,0.021,0
44621.67,12,25,25000,1,0,0.878,0
237972.0,10,48,205000,1,0,0.564,0
43610.0,12,33,30000,4,0,0.87,0
19723.0,6,45,75000,3,0,0.194,0
1063.33,2,43,130000,2,0,0.003,0
0.0,0,40,115000,1,0,0.0,0
23683.0,10,49,25000,2,20,0.486,0
41771.33,12,23,115000,1,0,0.268,0
210482.0,12,44,140000,1,0,0.842,0
3201.67,12,67,250000,2,0,0.009,0
28903.0,12,38,15000,2,0,0.991,0
299635.33,12,31,165000,2,0,0.905,0
181719.33,12,50,90000,1,0,1.0,0
29929.0,10,47,15000,2,30,0.992,1
23951.67,12,36,100000,1,0,0.009,0
29498.67,10,41,40000,3,0,0.656,0
33248.0,12,25,40000,2,0,0.397,1
1744.33,12,27,50000,1,0,0.039,0
0.0,0,54,150000,1,0,0.0,0
707.33,8,58,120000,1,10,0.0,1
7609.33,12,49,25000,2,0,0.25,1
36891.33,10,50,25000,3,20,0.708,0
18523.67,8,42,50000,2,20,0.176,0
84979.0,12,40,55000,3,0,0.772,0
22596.67,12,40,90000,2,0,0.132,0
139461.67,12,26,70000,2,0,1.0,0
39770.33,12,28,40000,2,0,0.971,0
8582.33,12,26,45000,1,0,0.189,0
27794.0,10,45,45000,3,20,0.419,1
189817.67,12,41,120000,2,0,0.787,0
400.0,4,41,75000,1,10,0.0,0
156394.0,12,33,120000,1,0,0.638,0
64400.0,12,34,40000,3,0,0.982,0
28346.33,8,42,55000,2,20,0.258,0
23490.67,12,39,60000,2,20,0.184,0
12583.0,12,42,180000,2,0,0.051,0
146421.33,10,30,75000,4,0,1.0,0
8430.33,4,53,40000,1,0,0.035,0
189853.67,8,47,70000,2,30,1.0,1
16218.33,12,40,25000,2,0,0.302,0
17685.67,8,36,10000,3,20,0.861,0
77761.67,12,29,120000,1,0,0.089,0
35090.0,12,49,25000,1,0,0.955,0
350446.0,12,57,190000,1,0,0.84,0
1174.0,10,49,15000,2,0,0.055,0
24593.0,10,31,25000,2,20,0.476,0
3620.67,8,36,80000,2,0,0.016,1
45020.33,12,53,25000,2,0,0.983,0
36799.67,8,31,40000,3,20,0.433,0
71655.0,10,28,35000,2,20,1.0,1
191492.67,12,29,100000,1,0,0.939,0
106208.33,6,28,50000,3,40,1.0,1
21561.67,4,38,90000,2,20,0.12,1
53787.67,12,53,180000,3,0,0.126,0
400.33,8,39,115000,1,20,0.004,0
207073.67,12,48,95000,2,0,1.0,0
122795.0,12,32,130000,1,0,0.471,0
5242.33,10,25,15000,2,20,0.149,0
0.0,6,25,75000,3,10,0.0,0
2266.67,2,34,40000,2,10,0.0,0
55832.0,10,37,40000,2,20,1.0,1
414.0,0,43,90000,3,0,0.007,0
2.0,2,33,175000,1,0,0.0,0
986.67,10,30,100000,3,20,0.006,0
51537.33,12,27,70000,2,0,0.172,0
2426.33,6,25,10000,1,0,0.133,1
19553.0,6,55,10000,3,30,0.928,1
33923.0,12,37,110000,1,0,0.156,0
171246.0,8,36,145000,1,20,0.588,1
30701.33,12,40,40000,3,0,0.371,0
4767.0,8,48,8000,2,20,0.286,0
83996.67,12,33,50000,2,0,0.823,0
198275.0,12,37,195000,2,0,0.514,0
60859.67,12,35,275000,1,0,0.152,0
74270.67,12,31,40000,2,0,1.0,0
37184.0,12,39,75000,2,0,0.082,0
3408.67,4,27,10000,2,0,0.364,0
7228.33,2,21,10000,2,0,1.0,0
5027.33,12,29,50000,3,0,0.02,0
300.0,4,28,15000,3,30,0.01,1
34050.67,10,47,40000,3,0,0.42,0
26840.67,8,33,15000,1,20,0.909,1
390.0,12,23,70000,3,0,0.003,0
175208.33,12,32,100000,2,0,0.902,0
248149.33,12,41,145000,1,0,0.879,0
47462.0,6,23,25000,2,0,1.0,0
118.33,10,28,130000,1,10,0.0,0
20621.67,12,24,30000,2,0,0.41,0
299782.33,12,34,140000,1,0,0.761,0
9162.67,8,36,50000,1,20,0.107,0
261584.67,12,48,145000,3,0,0.983,0
12318.0,10,49,25000,3,20,0.213,0
138079.33,10,66,75000,1,20,0.874,0
58754.33,12,39,195000,1,0,0.124,0
166351.33,12,44,90000,2,0,0.895,0
876.0,10,55,145000,2,20,0.0,1
22003.67,12,34,90000,2,0,0.124,0
11265.0,10,31,40000,1,20,0.18,0
26266.0,8,42,225000,1,0,0.161,0
20622.0,12,37,10000,2,0,1.0,0
25950.33,4,25,40000,1,0,0.393,0
90080.33,12,36,50000,2,0,0.877,0
56624.0,12,39,35000,3,0,0.838,0
217262.33,12,49,165000,3,0,0.658,0
3080.67,12,30,100000,1,0,0.007,0
34471.33,8,36,15000,1,20,0.925,0
2500.0,0,69,100000,3,20,0.012,1
2981.67,4,27,40000,1,0,0.063,0
28756.0,10,40,170000,1,20,0.202,0
16737.0,12,56,10000,2,0,0.855,1
113834.0,12,29,65000,1,20,0.973,0
126657.33,12,31,200000,1,20,0.289,0
29228.33,12,29,100000,2,0,0.172,0
3322.33,4,47,40000,2,0,0.06,0
22257.67,12,39,25000,3,0,0.54,0
21003.67,12,25,15000,1,0,0.659,0
31245.67,12,22,35000,2,20,0.448,0
16341.33,12,33,250000,1,0,0.008,0
4486.0,6,27,40000,1,0,0.082,0
76587.67,12,40,60000,2,0,0.785,0
23150.33,12,33,195000,1,0,0.046,0
29578.67,8,52,15000,3,0,0.963,0
39512.0,10,30,35000,1,20,0.096,0
75762.67,6,39,70000,3,0,0.828,0
36396.0,12,27,15000,2,0,1.0,0
750.33,8,25,95000,2,10,0.0,0
122267.0,12,33,135000,1,20,0.436,0
133739.0,12,35,145000,1,0,0.638,1
1498.67,2,29,25000,2,0,0.039,1
31797.33,12,41,100000,1,0,0.153,0
6945.67,10,24,15000,2,20,0.194,0
64628.0,12,29,75000,2,0,0.311,0
1112.0,8,48,15000,3,0,0.098,1
55529.67,12,34,250000,1,0,0.067,0
17523.33,10,23,10000,1,20,0.861,0
22458.33,10,29,25000,3,20,0.449,0
113216.67,10,30,140000,2,20,0.395,0
416.0,12,24,40000,3,10,0.0,0
2110.33,8,27,100000,1,10,0.0,0
27664.33,6,60,15000,3,0,0.911,0
23394.67,10,24,15000,2,0,0.743,0
2168.67,12,35,190000,2,0,0.007,0
162239.67,12,26,130000,2,0,0.632,0
65727.33,12,22,25000,2,20,1.0,0
92529.67,12,53,45000,3,0,1.0,0
16410.67,10,40,10000,2,20,0.796,0
1634.33,10,27,5000,2,10,0.0,0
409.33,6,44,200000,2,10,0.0,0
1887.33,12,32,150000,1,0,0.007,0
1768.67,10,25,75000,4,0,0.007,0
50711.33,12,33,25000,2,0,1.0,0
100513.67,10,25,50000,2,20,1.0,1
0.0,4,38,75000,2,0,0.0,1
104586.33,12,34,55000,2,0,1.0,0
83902.67,12,28,50000,2,0,1.0,0
15853.33,12,33,25000,2,0,0.429,1
2402.33,12,29,40000,1,0,0.078,0
49322.67,12,25,105000,1,0,0.022,0
137471.67,12,60,70000,3,0,0.984,1
4027.33,2,43,120000,1,0,0.037,0
43529.33,12,36,55000,2,0,0.437,0
1105.33,6,48,50000,3,0,0.024,0
18644.67,12,24,25000,2,0,0.359,0
78604.33,12,35,45000,2,0,0.913,0
31326.0,6,33,75000,1,0,0.178,0
30536.67,10,30,50000,2,20,0.298,1
142053.33,12,62,70000,2,0,1.0,0
160272.33,12,33,115000,1,0,0.75,0
18874.67,12,25,10000,2,0,0.961,1
30445.33,12,38,115000,3,0,0.065,0
1209.0,0,26,75000,2,0,0.024,1
8713.0,12,24,10000,2,0,0.527,0
28419.0,12,35,60000,3,0,0.231,0
25549.33,6,58,15000,3,30,0.831,1
57399.0,10,42,110000,1,20,0.272,0
8222.0,10,41,125000,1,0,0.037,0
9153.33,2,34,40000,2,0,0.143,0
58872.33,12,22,30000,1,20,0.957,0
102.0,10,37,65000,2,10,0.0,0
126766.33,12,43,200000,3,0,0.365,0
105949.67,12,28,75000,2,0,0.688,0
980.67,12,58,115000,3,0,0.001,1
68874.67,12,24,35000,3,0,1.0,0
38665.33,6,39,25000,2,0,0.948,0
837.33,10,38,45000,1,0,0.004,0
29291.67,10,49,15000,3,20,0.928,0
27164.0,10,49,15000,2,30,0.877,0
652.33,2,26,125000,1,0,0.005,0
201.0,4,23,15000,2,10,0.0,0
309.67,0,27,75000,2,0,0.006,0
29551.67,8,48,200000,1,0,0.061,0
21114.0,10,52,15000,2,0,0.684,1
1811.67,10,50,135000,1,0,0.011,0
101.0,2,37,180000,3,0,0.001,0
94944.33,10,23,40000,2,20,1.0,1
15340.33,10,33,35000,2,20,0.205,0
25248.33,12,29,25000,1,0,0.838,0
146825.67,12,38,110000,2,0,0.649,0
59021.33,10,29,35000,2,20,0.809,1
253132.0,12,39,170000,1,0,0.737,0
390.0,6,43,10000,3,0,0.02,0
124456.67,12,32,150000,2,0,0.465,0
144.0,2,29,90000,1,0,0.0,0
64.0,4,33,30000,2,10,0.0,0
160683.0,8,27,80000,2,20,0.986,1
50247.67,8,37,25000,2,0,1.0,0
1401.0,8,38,50000,1,0,0.017,0
1276.67,12,48,30000,3,0,0.05,0
28167.67,12,23,15000,2,0,0.891,0
37248.0,12,33,250000,2,0,0.027,0
19131.67,12,35,10000,2,0,0.906,0
14175.33,12,23,25000,2,0,0.703,0
174339.33,12,35,90000,2,0,0.97,0
15346.67,12,23,45000,2,0,0.213,0
39229.0,12,33,75000,2,0,0.252,0
30206.67,8,44,15000,2,0,1.0,0
9278.33,10,45,65000,3,0,0.104,0
0.0,0,39,40000,3,0,0.0,0
201611.33,12,33,105000,2,0,0.983,0
403797.0,12,39,265000,1,0,0.829,0
3134.33,2,51,180000,2,30,0.01,1
122678.33,12,36,70000,2,0,0.958,0
18486.67,12,24,10000,2,20,0.981,0
316.0,12,40,100000,1,0,0.002,0
39908.33,8,25,20000,2,20,0.977,1
51187.67,12,27,100000,3,0,0.301,0
100146.67,12,34,45000,4,0,1.0,0
281101.33,12,45,205000,2,0,0.679,0
75982.67,12,42,85000,3,0,0.458,0
88989.0,12,37,115000,1,0,0.388,0
1391.67,10,42,105000,2,0,0.008,0
26219.67,12,29,100000,2,20,0.037,0
42786.33,10,25,25000,1,20,0.862,0
84632.67,12,42,65000,2,0,0.642,0
29289.33,12,34,105000,2,0,0.118,0
43963.33,12,42,65000,2,0,0.33,0
67214.33,10,41,40000,2,20,0.826,0
5000.0,2,49,180000,2,0,0.042,0
65784.0,12,42,250000,1,10,0.019,0
390.0,12,53,30000,2,0,0.006,1
5319.67,8,26,80000,2,0,0.051,0
48076.0,12,22,25000,2,20,0.942,1
19078.67,12,33,25000,3,20,0.387,0
238110.67,12,36,180000,1,0,0.712,0
0.0,4,38,15000,2,20,0.0,0
1582.0,4,27,10000,2,20,0.011,0
28755.0,12,32,180000,1,0,0.105,1
5813.0,12,28,25000,1,0,0.132,0
11152.33,12,43,230000,1,0,0.017,0
19652.67,8,24,10000,2,20,0.966,0
41918.33,12,39,165000,2,10,0.0,0
333.33,6,29,100000,3,10,0.0,0
50841.33,8,38,25000,2,20,1.0,1
5505.0,10,24,25000,2,0,0.141,0
57.67,8,24,25000,2,10,0.0,0
6277.0,12,42,135000,2,20,0.004,0
3745.33,6,33,100000,2,0,0.039,0
138548.67,12,28,150000,2,0,0.666,0
1.0,6,26,25000,1,10,0.0,0
237599.33,12,55,125000,3,0,1.0,1
135650.0,6,33,200000,1,0,0.504,0
105456.67,8,27,180000,1,0,0.331,0
123279.0,10,29,60000,2,0,1.0,1
20190.33,12,49,25000,2,20,0.383,1
0.0,0,40,170000,2,0,0.0,0
98878.67,12,29,90000,2,0,0.547,0
31230.33,10,23,25000,1,10,0.0,0
107070.33,12,37,75000,2,0,0.746,0
95742.33,8,41,50000,2,20,0.97,1
853.33,8,28,100000,2,10,0.0,0
2820.0,0,43,80000,2,0,0.053,0
33411.0,12,55,25000,3,0,0.885,0
41516.67,12,40,75000,2,0,0.27,0
0.0,0,52,25000,3,0,0.0,0
114371.0,12,36,110000,2,0,0.576,0
13384.67,8,23,15000,2,20,0.395,1
23320.67,10,26,15000,2,20,0.846,1
18677.33,12,57,25000,3,0,0.372,0
27721.67,10,35,80000,2,20,0.16,0
22081.33,8,31,90000,1,0,0.0,0
126244.0,10,31,95000,1,0,0.834,0
190976.67,12,39,240000,1,0,0.222,0
35237.67,10,32,135000,1,0,0.094,0
232.67,6,37,100000,2,0,0.001,0
2861.0,10,38,40000,1,0,0.01,1
14236.33,12,36,205000,2,0,0.009,0
2407.67,4,25,25000,1,20,0.056,1
3402.67,12,42,25000,3,0,0.048,0
543.33,4,39,105000,1,0,0.005,1
17255.67,12,28,10000,1,0,0.81,0
110112.33,12,28,75000,1,0,0.732,0
3636.67,10,25,65000,1,20,0.02,1
102048.33,12,26,100000,1,0,0.609,0
98278.33,12,23,55000,2,0,0.972,0
914.33,0,30,90000,1,0,0.015,1
8347.67,10,40,150000,1,0,0.036,0
70.67,4,32,180000,1,0,0.0,0
1886.0,10,30,190000,2,0,0.01,0
956.0,4,29,180000,1,0,0.008,1
5931.67,10,28,40000,1,0,0.107,1
113912.67,12,48,175000,1,0,0.518,0
21481.67,10,28,10000,4,20,1.0,0
223258.67,12,35,160000,1,0,0.712,0
61726.67,10,62,45000,3,0,0.958,0
25603.33,10,27,20000,1,0,0.814,1
46547.0,12,40,25000,2,0,0.932,0
59068.0,12,24,105000,1,0,0.019,0
28244.67,8,22,15000,2,30,1.0,0
37.67,8,27,155000,1,10,0.0,1
1102.67,12,35,140000,2,0,0.006,0
87397.33,12,41,140000,1,0,0.356,0
787.67,12,33,130000,1,20,0.005,0
50966.0,10,41,45000,2,0,0.0,0
5968.67,2,49,140000,1,0,0.042,0
1666.67,0,34,180000,3,20,0.007,0
13608.67,6,27,15000,3,20,0.442,1
300238.0,12,48,190000,2,0,0.998,0
41830.67,8,22,40000,2,30,0.526,0
47439.33,6,25,25000,1,20,0.914,1
4308.67,10,37,140000,1,10,0.002,0
27245.0,10,37,60000,2,20,0.22,1
65528.67,12,49,90000,1,0,0.352,0
3241.0,12,33,190000,3,0,0.008,0
32691.67,10,27,55000,1,20,0.281,0
1274.0,12,37,25000,2,0,0.023,0
0.0,2,48,100000,1,20,0.0,0
16214.67,12,44,100000,1,0,0.13,0
35076.67,10,35,75000,1,0,0.182,0
58559.33,12,40,30000,2,0,0.968,1
156388.33,12,30,100000,2,0,0.779,0
58786.0,10,35,45000,2,20,0.705,1
1738.0,10,32,75000,1,0,0.012,0
9683.0,4,23,10000,3,30,0.456,1
102261.33,12,34,75000,3,0,0.749,0
14663.33,10,34,90000,1,0,0.094,0
15684.0,10,34,235000,2,0,0.051,0
23520.67,6,59,15000,3,20,0.726,1
8057.33,8,22,10000,1,20,0.413,0
11946.0,12,36,200000,1,0,0.036,0
10927.67,12,27,105000,1,0,0.075,0
78622.33,12,38,60000,3,20,0.646,1
505.0,4,42,80000,4,0,0.0,0
3868.33,10,26,100000,1,0,0.031,0
3213.33,6,30,80000,1,20,0.06,0
147653.67,8,37,80000,2,20,0.921,1
692.0,10,51,125000,3,0,0.001,0
7965.0,12,56,70000,3,0,0.052,0
0.0,0,30,165000,2,0,0.0,1
160305.0,10,24,110000,1,20,0.732,1
13623.33,6,29,15000,3,20,0.439,0
147596.33,8,35,130000,1,20,0.574,1
300877.0,12,30,190000,2,0,0.778,0
11034.67,12,33,5000,2,0,1.0,1
174725.67,12,44,95000,1,0,0.953,0
16448.33,12,38,15000,2,0,0.794,0
4959.0,12,39,150000,1,20,0.02,0
18163.67,10,27,10000,2,20,0.853,0
16227.67,10,35,10000,2,0,0.879,0
31021.33,4,22,40000,3,0,0.475,0
229130.67,12,33,120000,2,0,0.939,0
15715.67,12,26,45000,3,0,0.163,0
84096.33,12,43,50000,2,0,0.989,0
2598.33,12,32,160000,1,0,0.003,0
833.33,0,45,180000,2,20,0.007,0
4003.0,8,38,90000,2,20,0.016,1
6741.0,8,40,150000,2,0,0.053,0
295.33,8,22,10000,1,0,0.0,0
18565.0,12,26,135000,2,0,0.111,0
19516.0,12,49,10000,3,0,0.972,0
35481.67,12,35,180000,2,0,0.11,0
42141.67,12,38,60000,2,0,0.42,0
114123.33,12,27,65000,3,0,0.993,0
44954.0,12,45,30000,3,0,0.915,0
47240.33,12,36,30000,2,0,0.768,0
849.67,12,31,60000,3,0,0.015,0
95305.67,12,33,65000,3,0,0.711,0
460.0,6,31,180000,1,0,0.001,0
5566.33,10,24,5000,3,0,0.622,0
200.0,0,24,60000,1,0,0.005,0
61547.0,10,26,30000,2,20,1.0,1
2500.0,0,40,120000,1,20,0.01,1
141070.33,8,40,80000,2,20,0.861,0
46.0,8,44,100000,2,0,0.0,0
50.0,4,29,150000,1,0,0.0,0
390.0,10,26,50000,2,0,0.008,0
213959.67,12,30,140000,1,0,0.778,0
10537.67,12,26,95000,2,0,0.061,0
17896.33,8,48,25000,2,20,0.352,0
32743.67,10,33,105000,3,20,0.15,0
100090.33,12,26,60000,1,0,0.924,0
1029.67,6,33,70000,1,0,0.013,0
269.0,0,23,25000,1,0,0.016,0
7197.67,12,31,75000,1,0,0.013,0
22547.0,12,23,25000,1,40,0.542,0
2008.0,4,50,60000,1,10,0.0,1
22151.67,12,29,120000,1,0,0.127,0
5034.67,10,26,10000,1,0,0.074,0
75916.33,10,24,40000,2,0,0.986,0
89286.67,12,28,70000,2,0,0.709,0
22810.33,12,25,25000,2,0,0.569,0
11115.33,12,26,75000,2,0,0.028,0
62707.0,12,53,45000,3,0,0.725,1
110926.67,12,36,320000,1,0,0.301,0
23619.33,12,31,180000,1,0,0.042,0
1430.67,10,33,65000,2,0,0.019,0
205911.67,12,34,105000,1,0,0.959,0
109418.0,12,36,95000,1,20,0.567,1
734.67,4,44,75000,1,0,0.009,0
1313.67,10,25,5000,3,0,0.316,0
5112.67,10,24,15000,1,0,0.309,1
0.0,0,67,100000,1,10,0.0,1
15232.67,10,25,70000,1,30,0.154,1
130072.0,10,30,85000,2,20,0.712,0
7518.0,8,24,10000,2,20,0.314,1
27383.33,0,45,40000,2,0,1.0,0
53087.0,12,49,55000,2,0,0.471,0
117082.0,6,28,75000,1,0,0.986,0
27060.0,12,43,25000,2,0,0.527,0
52127.0,10,70,25000,3,20,1.0,0
49243.33,12,50,25000,3,20,0.972,0
3433.67,12,22,5000,2,0,0.227,1
20656.0,10,38,140000,1,0,0.064,1
51266.33,12,42,25000,2,20,1.0,0
9778.0,12,22,5000,1,0,0.94,0
133723.0,12,28,70000,2,0,0.938,0
104673.33,10,34,70000,1,20,0.748,1
189741.67,12,45,150000,1,0,0.645,0
28082.33,10,26,15000,2,20,0.911,0
159596.67,10,47,100000,3,20,0.926,0
51565.67,12,26,135000,2,0,0.123,1
84202.67,12,36,45000,2,0,1.0,0
2400.0,0,26,5000,2,70,0.24,1
20152.33,10,22,25000,3,20,0.454,0
329.33,2,25,40000,1,0,0.0,0
67705.33,12,26,55000,2,0,0.598,0
64861.33,12,30,185000,1,0,0.018,0
1480.0,12,23,25000,2,0,0.034,0
1046.67,6,37,5000,2,0,0.088,0
111537.0,10,27,90000,1,20,0.551,0
58568.0,6,59,30000,2,50,0.95,0
60689.33,12,43,45000,1,20,0.645,1
0.0,4,30,60000,1,10,0.0,0
106385.0,12,30,55000,1,0,1.0,0
152975.0,12,61,140000,3,0,0.581,0
13339.67,10,28,100000,1,20,0.037,0
62580.67,12,29,65000,2,0,0.481,0
61933.67,6,28,100000,2,20,0.309,1
30339.67,12,26,25000,2,0,0.587,1
532.0,0,53,15000,3,0,0.053,0
21795.0,12,30,115000,1,0,0.061,0
1646.67,10,31,90000,1,0,0.022,0
136369.33,12,40,110000,1,0,0.589,0
17133.33,0,46,25000,1,0,1.0,0
0.0,0,27,10000,1,10,0.0,0
424.33,12,40,125000,2,0,0.009,0
48656.33,12,41,25000,3,0,0.948,0
9312.0,12,26,90000,2,0,0.06,0
26240.0,12,44,160000,2,0,0.115,0
780.0,6,41,5000,3,20,0.078,1
5458.33,12,31,160000,1,0,0.004,0
173742.33,12,30,125000,2,0,0.682,0
20592.33,4,24,15000,2,30,0.7,0
326.0,12,31,130000,2,0,0.001,0
117419.0,12,37,65000,2,0,0.946,0
152556.0,10,30,90000,1,20,0.828,1
201007.33,12,27,135000,1,0,0.744,0
38259.67,12,30,40000,3,0,0.458,0
1435.33,12,27,15000,1,0,0.014,0
97169.33,6,35,50000,3,20,1.0,1
314797.0,12,33,170000,2,0,0.989,1
183861.33,12,26,105000,2,0,0.986,0
5.0,6,27,140000,1,0,0.0,0
8753.33,12,33,355000,2,0,0.012,0
39543.33,12,23,25000,2,0,0.856,0
23504.0,12,35,95000,1,0,0.131,0
51198.67,12,32,200000,1,0,0.121,0
734.0,2,53,55000,3,0,0.013,0
17414.33,10,23,10000,2,20,0.811,1
18341.0,8,25,10000,1,20,0.922,1
12453.33,6,29,10000,2,20,0.609,0
5762.33,8,23,10000,2,20,0.234,0
39055.33,12,43,115000,1,0,0.173,0
17864.33,12,37,90000,2,0,0.08,0
3272.67,12,41,140000,2,0,0.013,0
222347.33,12,36,255000,1,0,0.461,0
141422.33,12,40,75000,2,0,0.945,0
18810.33,12,26,10000,3,20,0.894,1
88013.33,12,38,55000,3,0,0.915,0
539.0,8,34,115000,1,20,0.004,1
126921.0,12,27,90000,1,0,0.692,0
13514.0,12,36,115000,3,0,0.06,0
13342.33,8,35,185000,1,0,0.109,0
2373.67,8,30,250000,1,0,0.002,0
554.67,4,43,130000,2,10,0.0,0
4155.33,2,53,40000,2,0,0.072,1
123317.0,8,27,70000,2,30,0.843,0
28122.67,8,30,25000,1,20,0.6,0
24087.33,8,45,25000,2,20,0.532,0
1351.67,0,32,40000,1,0,0.051,0
88769.0,12,28,75000,2,0,0.567,1
49413.67,12,46,25000,2,0,0.997,0
53155.33,12,39,40000,2,20,0.952,0
64191.0,12,40,70000,1,0,0.481,0
102727.67,12,30,70000,1,0,0.755,0
960.33,8,24,25000,2,0,0.032,0
26407.0,10,24,15000,2,20,0.837,0
137402.67,12,32,115000,2,0,0.744,1
96645.0,12,26,75000,2,0,0.629,0
7205.0,4,53,100000,2,0,0.025,0
150.0,0,41,55000,1,70,0.001,0
17369.33,12,44,75000,2,0,0.118,0
3099.0,4,46,100000,3,0,0.006,1
132.67,4,33,90000,3,20,0.0,0
4113.0,6,29,45000,1,0,0.068,0
321.33,10,30,100000,1,0,0.001,1
651.67,6,45,115000,2,0,0.0,0
16967.33,12,29,40000,1,0,0.22,0
2094.33,0,33,115000,1,0,0.027,0
512837.33,8,31,170000,2,40,1.0,1
1059.0,12,53,145000,2,0,0.005,0
55762.67,12,41,30000,3,0,0.93,0
4043.33,8,29,160000,1,0,0.038,1
13498.67,10,25,100000,2,0,0.114,0
16156.67,12,54,25000,3,0,0.333,0
26903.33,8,24,25000,3,40,0.545,1
86492.33,12,43,115000,2,0,0.369,0
115713.0,8,29,65000,1,30,0.817,0
2092.33,8,39,40000,3,0,0.009,0
80497.67,10,31,60000,1,20,0.689,0
4884.67,6,34,100000,2,0,0.024,0
6314.67,8,34,150000,3,0,0.016,0
2082.33,12,36,100000,2,0,0.005,0
35916.67,12,46,40000,2,0,0.431,0
17594.33,8,32,40000,3,10,0.0,0
52821.0,10,25,30000,1,0,0.865,0
26527.67,10,30,15000,2,20,0.839,0
15796.33,12,42,150000,2,0,0.13,0
66820.0,12,38,50000,1,0,0.668,0
25152.67,12,31,145000,1,0,0.152,0
26582.0,8,39,135000,1,10,0.0,0
12278.0,12,24,35000,2,0,0.1,1
90246.0,12,24,45000,2,0,1.0,0
101070.67,12,26,85000,1,0,0.638,0
60354.0,12,36,40000,2,0,0.872,1
97481.67,12,41,50000,2,0,0.953,0
1910.33,0,47,120000,1,0,0.024,0
4056.67,6,41,145000,1,0,0.039,0
0.0,0,27,60000,1,10,0.0,1
105995.33,12,26,100000,2,0,0.516,0
10507.0,8,22,10000,2,0,0.672,0
36550.33,12,38,250000,1,0,0.151,0
95639.33,12,25,50000,2,0,0.983,0
4588.0,10,55,175000,1,0,0.017,0
26716.0,10,24,25000,2,20,0.681,0
302138.67,12,52,170000,2,0,0.975,0
26324.0,12,29,90000,2,0,0.144,0
1750.67,10,54,150000,1,0,0.004,0
17519.0,6,32,110000,1,20,0.079,0
51642.67,12,26,40000,1,0,0.705,0
39279.67,12,32,25000,2,0,0.895,0
57249.67,12,26,50000,2,0,0.601,0
52627.0,12,27,100000,1,0,0.294,0
9851.33,12,45,240000,1,0,0.037,0
33806.67,12,34,85000,2,0,0.208,0
16877.33,10,25,10000,1,0,0.79,1
25829.67,12,28,40000,2,0,0.401,1
75360.0,12,26,40000,1,0,0.996,1
210337.67,12,31,150000,2,20,0.834,0
9826.0,6,29,75000,1,0,0.013,0
20358.67,6,24,25000,2,0,0.296,0
894.67,4,26,25000,2,0,0.038,0
90225.67,12,28,50000,3,20,0.996,0
15547.0,4,45,45000,2,0,0.416,0
16375.33,6,24,35000,1,20,0.228,1
77838.67,12,23,45000,4,0,0.924,0
30696.33,12,42,200000,1,0,0.085,0
8006.33,10,36,5000,2,20,0.739,1
62478.67,10,27,40000,1,0,0.907,0
64819.0,10,33,35000,1,0,0.912,0
31013.0,8,44,50000,3,20,0.301,0
906.33,2,33,105000,2,0,0.009,1
0.0,0,39,180000,3,10,0.0,1
279501.33,12,28,140000,1,20,1.0,0
76794.67,12,32,90000,1,0,0.472,0
155812.67,10,45,110000,1,20,0.714,0
696.0,12,47,100000,1,0,0.003,0
51351.33,10,25,65000,2,20,0.401,0
389.0,12,47,100000,2,0,0.002,0
17161.33,12,44,85000,1,0,0.176,0
10288.67,8,30,70000,1,0,0.163,0
49796.0,12,54,25000,3,0,1.0,0
24927.33,12,26,100000,3,20,0.113,0
169240.0,12,33,100000,3,0,0.908,0
101475.67,2,36,180000,3,20,0.418,0
9872.0,10,33,25000,2,0,0.271,0
2835.33,10,37,250000,1,0,0.013,0
74799.33,10,30,45000,2,20,0.838,1
12743.0,12,36,250000,1,0,0.005,0
76441.33,12,33,40000,3,0,0.98,0
5861.0,12,53,115000,3,0,0.009,0
416.0,10,30,60000,1,0,0.003,1
62531.0,12,56,95000,3,0,0.354,0
245520.67,12,50,250000,2,0,0.532,0
0.0,0,42,40000,2,10,0.0,0
1193.67,4,35,225000,1,10,0.0,0
0.0,0,30,140000,1,10,0.0,0
1816.0,6,47,180000,3,0,0.004,1
28784.0,12,21,15000,2,0,0.962,0
33622.67,8,25,25000,2,20,0.714,1
0.0,0,49,30000,2,10,0.0,1
7826.0,8,28,15000,2,0,0.287,0
12534.33,6,49,10000,2,0,0.817,1
20157.0,12,57,10000,3,20,1.0,0
23071.67,4,43,100000,1,20,0.216,1
0.0,0,25,50000,1,0,0.0,0
372.33,0,39,150000,3,0,0.004,0
0.0,0,39,105000,1,10,0.0,0
67244.67,10,71,35000,3,20,0.924,0
1858.33,8,29,105000,2,10,0.008,0
300831.67,8,31,220000,1,20,0.623,1
9999.67,12,33,205000,1,0,0.01,0
107384.33,12,36,55000,1,0,0.95,0
40289.67,0,36,100000,1,0,0.604,0
1730.67,10,42,90000,3,0,0.011,1
22912.67,12,46,75000,1,0,0.145,0
200.0,4,33,165000,1,20,0.0,0
49266.0,12,41,250000,2,20,0.018,0
45514.0,10,35,175000,2,0,0.238,0
3368.67,8,36,100000,2,0,0.002,1
1319.33,10,45,140000,1,0,0.008,1
5093.33,10,39,40000,3,0,0.066,0
6454.67,12,29,140000,1,0,0.016,0
115374.33,10,23,65000,2,20,0.892,0
57821.67,12,49,80000,2,0,0.478,0
2400.0,0,23,10000,2,70,0.12,1
24582.67,8,32,150000,2,0,0.089,0
95950.67,12,32,50000,1,0,0.937,0
4073.33,10,38,65000,2,0,0.006,0
4957.0,0,55,250000,1,20,0.01,1
183026.0,8,27,100000,2,30,0.92,1
74487.67,12,30,180000,1,0,0.196,0
0.0,0,26,10000,2,10,0.0,1
19968.67,10,29,200000,2,20,0.053,0
186701.67,10,52,100000,3,20,1.0,0
20428.0,10,60,15000,4,0,0.643,0
3660.67,12,58,15000,2,0,0.082,1
43693.67,8,55,25000,2,20,0.886,0
2011.67,12,51,115000,1,0,0.004,1
266.33,4,36,105000,1,10,0.0,1
150.0,0,49,25000,1,40,0.003,1
132668.33,12,33,85000,4,0,0.846,0
815.0,10,44,115000,1,0,0.004,0
164684.67,12,48,115000,1,0,0.7,0
352607.67,12,36,175000,1,0,1.0,0
498.67,4,36,85000,1,20,0.001,0
140415.33,12,36,75000,2,20,0.918,0
12611.0,12,27,45000,2,0,0.02,0
347.0,4,33,160000,1,0,0.0,0
94000.0,8,45,60000,2,0,0.767,0
14116.0,12,56,10000,3,20,0.643,0
2539.33,6,41,140000,1,20,0.001,0
50304.33,6,28,45000,2,0,0.906,0
8414.67,2,30,225000,1,0,0.056,0
83588.33,12,27,135000,2,0,0.535,0
65269.0,12,41,40000,2,0,0.928,0
169882.33,12,41,115000,2,0,0.726,0
554.67,6,30,25000,2,20,0.008,1
71846.0,12,48,125000,1,0,0.821,1
31193.67,12,42,110000,1,0,0.12,0
27039.67,10,38,15000,1,0,0.882,0
123811.33,12,68,60000,2,20,1.0,1
17009.67,10,26,50000,2,0,0.223,0
147420.33,12,25,75000,1,30,0.982,1
93021.0,12,28,335000,1,0,0.132,0
21017.0,12,36,100000,1,0,0.04,0
71200.0,12,47,35000,3,0,1.0,0
15923.33,10,41,25000,2,20,0.318,0
72230.33,12,64,40000,2,20,0.925,1
1050.0,0,23,5000,1,30,0.105,1
131150.0,10,37,70000,1,20,0.888,1
14014.67,8,21,15000,2,0,0.581,0
98642.0,12,36,100000,2,0,0.497,1
28930.67,10,24,45000,2,20,0.299,1
104746.67,6,52,65000,2,20,0.865,0
5489.0,12,26,80000,2,0,0.05,0
26424.67,8,58,75000,3,0,0.281,0
6958.67,12,34,75000,1,0,0.008,0
1327.0,6,24,10000,1,20,0.165,0
888.0,10,26,40000,1,0,0.008,1
81193.33,4,31,230000,2,0,0.262,0
26818.0,12,40,30000,3,10,0.012,1
49700.0,12,38,25000,2,0,0.994,1
175836.0,12,35,100000,3,0,0.94,1
60642.0,12,30,30000,2,0,0.992,0
67660.67,12,31,100000,1,0,0.29,0
223564.0,12,33,115000,1,0,0.948,0
20500.0,12,38,25000,2,0,0.516,0
57847.67,12,51,30000,3,0,0.947,0
1112.0,10,47,90000,2,0,0.008,1
48998.0,12,47,25000,2,0,1.0,0
0.0,0,62,75000,3,10,0.0,0
692.67,8,36,70000,2,0,0.002,1
115251.33,8,35,60000,1,20,0.951,1
186377.67,12,39,100000,1,0,0.966,0
133.0,6,31,250000,1,10,0.0,0
116041.33,8,36,60000,2,20,0.983,1
5718.33,8,28,250000,1,20,0.034,0
23684.67,12,23,25000,3,0,0.947,0
18661.33,12,51,15000,3,0,0.575,0
13633.0,12,35,120000,1,0,0.008,0
0.0,0,37,85000,2,10,0.0,0
24794.67,2,26,40000,1,10,0.93,0
1147.67,8,29,180000,1,0,0.006,0
22180.0,8,24,25000,2,20,0.413,1
73454.67,12,27,35000,2,20,1.0,1
120576.0,8,29,125000,2,20,0.514,1
77835.67,6,39,75000,1,20,0.538,1
260.0,4,41,50000,2,0,0.004,0
0.0,0,32,180000,1,0,0.0,0
7401.0,12,47,15000,3,0,0.23,0
533.0,8,29,245000,1,0,0.0,1
177830.0,12,60,90000,2,20,0.994,1
497.67,8,36,210000,1,0,0.0,0
12329.67,2,33,10000,1,20,0.817,1
70489.0,12,47,240000,1,0,0.144,0
84277.33,12,27,175000,1,10,0.062,0
0.0,0,57,180000,2,10,0.0,1
5049.33,12,27,120000,1,0,0.014,0
10454.33,12,30,140000,1,0,0.107,1
30907.33,12,39,75000,2,0,0.219,0
30229.0,12,30,160000,2,0,0.093,0
860.33,4,22,10000,2,20,0.032,1
46394.0,12,36,25000,3,20,0.905,1
196719.33,6,33,140000,1,0,0.984,0
2081.67,10,53,225000,2,0,0.006,0
222986.0,12,53,130000,1,0,0.904,0
89607.0,12,56,250000,1,0,0.174,0
361105.33,12,35,235000,1,0,0.838,0
15882.67,4,23,75000,2,0,0.106,0
98063.67,8,46,50000,3,20,0.92,0
26077.67,6,38,50000,1,20,0.248,0
12168.67,12,39,110000,2,0,0.016,0
29778.33,10,37,150000,1,20,0.114,0
65.33,10,31,115000,1,0,0.0,0
1722.0,12,39,150000,3,10,0.0,1
78688.0,12,48,25000,3,0,1.0,0
507.0,0,47,85000,3,0,0.009,0
15129.0,8,41,230000,1,0,0.012,1
24273.0,8,34,15000,1,20,0.801,1
165.0,8,24,15000,1,20,0.006,1
20373.0,12,42,10000,2,0,1.0,1
380.0,12,44,110000,3,0,0.002,0
66791.67,12,62,35000,1,0,0.999,0
129609.0,10,40,165000,2,20,0.397,0
0.0,0,40,185000,1,10,0.0,1
14631.33,12,28,115000,1,0,0.104,0
20175.0,12,49,25000,3,0,0.806,0
276109.0,12,31,180000,2,0,0.782,1
301174.67,12,37,195000,2,0,0.832,0
322260.33,12,42,180000,2,0,1.0,0
12022.0,10,27,15000,2,20,0.334,1
895.67,8,33,250000,1,10,0.006,0
69741.67,12,32,60000,3,0,0.566,0
0.0,0,29,180000,1,0,0.0,1
17659.0,12,27,10000,2,0,0.998,0
3472.67,10,48,25000,2,0,0.12,0
7226.0,6,27,115000,1,10,0.0,0
0.0,0,48,80000,1,10,0.0,0
110429.67,8,32,55000,1,20,1.0,1
32387.33,8,25,25000,2,30,0.645,0
24475.0,12,28,15000,3,20,0.744,1
53973.0,12,35,25000,2,0,1.0,1
374.67,8,37,120000,3,0,0.0,0
65049.33,12,29,45000,3,0,0.93,0
12545.33,8,29,75000,1,0,0.004,1
60377.0,8,35,50000,2,30,0.611,1
27341.33,12,24,35000,1,20,0.377,1
1548.33,12,27,215000,2,0,0.001,1
72887.33,12,31,75000,1,0,0.429,0
52041.33,12,48,25000,1,0,1.0,0
18.0,0,33,100000,1,0,0.0,1
17226.0,8,28,75000,2,0,0.133,0
24055.0,12,25,25000,2,0,0.117,0
18721.67,12,31,150000,1,0,0.056,0
41062.33,12,44,25000,2,0,0.912,0
0.0,0,30,15000,1,10,0.0,1
1619.0,12,53,190000,1,10,0.0,0
68632.67,10,45,35000,1,20,0.997,0
18088.0,12,28,180000,2,0,0.054,0
40567.33,8,41,25000,2,0,0.84,0
6317.0,6,30,10000,1,20,0.586,0
80214.0,12,27,40000,2,0,1.0,0
15106.67,10,49,15000,2,20,0.428,0
38888.33,12,55,25000,3,0,1.0,0
27767.0,10,37,15000,3,0,0.88,0
6107.33,12,38,130000,1,0,0.04,1
24176.0,6,39,105000,2,0,0.21,0
8352.67,6,29,100000,1,0,0.038,0
8461.0,12,56,25000,1,0,0.109,1
108146.33,12,28,245000,3,0,0.221,0
1349.67,10,45,85000,1,0,0.02,0
16639.33,12,29,250000,1,0,0.031,0
159170.33,12,46,110000,2,20,0.717,0
133312.67,12,30,75000,1,0,0.942,0
45541.33,8,34,25000,2,20,0.893,0
42659.0,12,52,25000,2,0,0.929,0
80530.0,12,26,50000,1,0,0.919,0
21740.0,12,25,155000,2,0,0.092,0
77037.33,12,35,255000,1,0,0.122,0
4520.0,8,41,100000,2,20,0.056,0
9424.67,10,43,25000,3,20,0.16,0
7941.67,4,38,150000,1,30,0.035,0
0.0,0,40,225000,1,10,0.0,0
2247.33,8,27,15000,2,0,0.13,0
687.33,8,27,30000,1,20,0.014,0
26729.67,12,23,70000,2,20,0.183,1
28275.0,12,32,25000,2,0,0.724,0
86880.0,10,28,45000,3,20,0.961,0
149037.0,8,34,95000,2,20,0.73,0
146869.0,12,29,75000,1,0,0.982,0
8921.0,10,28,195000,2,0,0.049,0
28033.0,10,47,15000,3,0,0.964,0
188334.0,12,60,120000,1,20,0.768,1
156.67,8,29,130000,1,0,0.002,1
19000.67,6,25,15000,3,0,0.34,0
56205.33,12,28,250000,1,0,0.116,0
41548.0,10,29,30000,2,20,0.69,0
147057.67,12,30,100000,3,0,0.725,0
53095.67,12,31,40000,2,0,0.883,0
4.0,0,30,50000,2,10,0.0,0
2753.0,6,42,190000,1,0,0.012,0
33450.67,12,30,105000,2,0,0.157,1
7043.33,12,27,5000,2,0,0.826,1
93945.67,12,44,250000,2,0,0.183,0
103405.33,4,37,120000,1,20,0.493,1
198240.67,12,29,135000,1,0,0.843,0
19859.67,12,25,25000,2,0,0.42,0
79421.33,8,36,60000,1,20,0.701,0
196743.67,12,28,140000,1,0,1.0,0
129188.33,12,28,130000,1,0,0.486,0
4650.33,12,38,180000,1,0,0.022,0
461.0,12,30,105000,1,10,0.0,0
43001.67,12,29,195000,1,0,0.025,0
36653.0,8,36,20000,2,20,0.872,0
10716.0,12,27,5000,2,0,0.669,0
333.0,2,43,60000,2,0,0.0,1
2162.67,8,43,100000,3,0,0.007,0
2070.0,8,37,40000,2,0,0.018,0
13974.0,10,27,30000,2,20,0.203,0
51822.0,10,39,65000,2,20,0.385,1
18848.0,12,29,50000,2,0,0.178,0
3871.33,8,45,10000,2,20,0.161,0
44732.33,12,34,230000,1,0,0.099,0
63378.67,6,32,40000,2,20,1.0,0
73489.67,12,26,40000,1,0,0.931,0
214155.67,12,28,120000,1,0,0.874,0
81775.67,12,38,100000,3,0,0.488,0
346.67,8,29,115000,2,0,0.001,0
827.0,10,53,130000,1,20,0.003,0
89438.0,12,38,45000,2,0,0.986,0
323609.0,12,29,160000,2,0,1.0,0
94233.67,12,47,140000,2,0,0.826,0
86178.33,8,29,60000,2,20,0.728,1
4269.0,12,27,200000,1,10,0.0,0
26301.67,12,55,25000,1,0,0.501,0
2400.0,0,23,5000,1,70,0.24,1
68609.67,12,26,35000,2,0,0.999,0
64382.0,10,30,105000,1,20,0.312,0
2967.0,12,39,70000,2,0,0.007,0
886.0,4,50,145000,2,0,0.003,0
29034.33,8,32,15000,3,0,0.943,0
57276.33,10,32,55000,1,20,0.533,1
9759.0,10,54,10000,3,20,0.489,0
139434.67,12,36,110000,2,0,0.621,0
227.33,4,36,90000,2,0,0.004,0
24614.67,4,26,15000,1,40,0.863,1
0.0,0,31,25000,2,10,0.0,0
12891.67,0,29,75000,3,0,0.258,0
40082.0,12,32,75000,1,0,0.205,0
83884.33,8,30,70000,3,30,0.6,0
63200.0,12,48,40000,2,0,0.994,0
87877.67,12,33,100000,1,0,0.529,0
2125.0,10,44,200000,1,0,0.011,0
119126.67,12,28,65000,2,20,1.0,0
36371.33,12,22,25000,2,0,0.772,0
68447.67,12,51,95000,2,0,0.456,1
15745.0,12,40,235000,1,0,0.037,1
4049.67,10,55,140000,1,20,0.008,0
18443.0,12,26,230000,1,0,0.041,0
124344.0,12,32,170000,2,0,0.498,0
105267.67,12,27,55000,2,0,0.941,0
27093.33,12,27,220000,2,0,0.057,0
5130.67,12,23,45000,2,0,0.038,0
54042.33,12,24,35000,2,0,0.913,0
8178.0,8,24,15000,2,20,0.238,0
3063.0,4,49,60000,2,0,0.033,0
16317.67,12,27,150000,2,0,0.043,0
11433.67,12,25,30000,1,0,0.272,0
103.0,10,36,90000,2,0,0.001,1
19317.0,10,43,15000,1,20,0.592,1
16038.33,12,35,180000,1,0,0.044,0
16644.33,12,49,75000,1,0,0.103,0
21498.0,12,28,35000,1,0,0.29,0
46501.67,4,44,75000,2,0,0.413,0
0.0,4,33,220000,1,0,0.0,0
49279.33,10,52,250000,1,10,0.0,0
261264.0,10,29,130000,2,20,1.0,1
0.0,0,29,180000,1,10,0.0,0
133778.67,12,28,70000,1,0,0.949,0
5638.67,8,24,5000,1,20,0.422,1
2021.33,10,32,100000,1,0,0.013,0
132216.67,12,35,105000,2,0,0.612,0
14942.0,10,27,10000,2,20,0.687,1
3036.67,12,44,120000,1,0,0.018,0
25850.67,4,51,15000,2,50,0.885,1
13288.0,10,38,225000,2,0,0.024,0
20014.67,10,40,30000,3,0,0.408,0
57046.0,12,30,50000,2,0,0.583,0
27590.33,12,49,250000,1,0,0.026,0
2050.33,12,51,25000,3,0,0.013,0
15963.67,10,35,40000,2,0,0.012,0
7114.67,8,22,10000,2,20,0.287,1
143786.0,12,43,250000,1,0,0.283,0
59014.33,12,31,70000,1,0,0.508,0
360171.67,12,29,250000,2,0,0.91,0
44222.33,12,24,25000,2,20,0.865,1
149023.0,12,60,85000,1,0,1.0,1
142984.0,10,44,110000,2,20,0.622,0
65197.33,10,33,35000,2,30,0.914,1
113806.67,12,34,180000,2,0,0.339,0
17767.67,10,29,215000,1,0,0.081,0
10355.67,10,26,10000,3,20,1.0,0
1777.67,8,53,100000,3,0,0.004,0
6568.67,12,35,100000,2,0,0.01,0
77769.33,12,25,40000,2,0,0.98,0
79507.67,12,35,65000,1,20,0.597,0
5493.33,10,49,75000,1,0,0.042,0
18202.33,10,53,75000,3,20,0.119,1
5453.0,12,27,95000,2,20,0.025,1
0.0,0,36,225000,2,10,0.0,1
390.0,8,31,40000,2,0,0.005,0
80412.0,6,31,130000,2,30,0.316,0
63644.0,12,34,40000,1,20,0.78,1
0.0,0,39,250000,1,10,0.0,0
283.0,10,43,130000,1,0,0.0,0
97275.33,12,30,130000,1,20,0.362,1
24438.67,6,33,25000,1,40,0.499,0
10.33,4,46,180000,1,10,0.0,0
200.0,4,53,85000,1,0,0.0,0
123.0,10,34,60000,2,10,0.0,0
11576.33,12,26,25000,2,0,0.104,0
563.33,6,40,25000,1,20,0.009,1
13178.0,10,48,155000,1,20,0.096,0
18451.67,12,27,25000,1,0,0.351,0
101436.0,10,32,70000,2,0,0.868,0
72885.33,10,28,50000,2,20,0.731,1
19762.33,10,32,10000,3,20,0.992,0
10599.67,10,27,60000,1,20,0.095,1
31018.67,12,59,15000,3,0,0.939,0
20314.33,12,27,10000,3,20,1.0,1
506.33,6,27,80000,2,10,0.0,1
497.67,4,37,90000,2,10,0.0,0
21048.0,8,26,20000,1,20,0.523,0
48162.0,4,34,40000,2,0,0.613,0
109293.0,0,31,60000,2,30,0.948,0
1442.67,4,22,10000,2,0,0.124,1
19072.67,2,33,10000,2,20,0.914,0
101640.67,6,52,50000,1,50,1.0,1
0.0,4,45,250000,1,20,0.0,0
78291.0,12,29,40000,2,0,0.979,0
3094.33,10,41,75000,1,0,0.065,0
28707.67,10,26,15000,3,0,0.92,0
525.0,10,34,60000,1,20,0.005,1
27633.33,8,27,35000,2,20,0.368,1
144413.0,12,32,75000,2,0,0.942,0
0.0,8,42,105000,2,10,0.0,0
81756.0,10,30,40000,2,20,1.0,0
88186.33,12,29,45000,2,0,0.959,0
25126.67,12,22,10000,2,0,0.89,0
12161.67,12,36,120000,1,10,0.0,0
31053.67,10,29,25000,2,20,0.602,1
205874.33,12,28,125000,1,0,1.0,0
0.0,6,31,140000,1,10,0.0,0
9227.0,4,40,5000,3,0,0.829,0
41190.0,12,33,75000,2,0,0.307,0
0.0,8,47,165000,2,10,0.0,0
3681.33,12,30,120000,1,0,0.022,1
14021.0,4,34,65000,2,0,0.324,0
16216.0,12,37,225000,1,0,0.036,0
526.0,8,26,25000,1,20,0.011,1
50028.0,10,24,35000,3,0,0.973,0
33131.0,12,26,40000,2,0,0.419,0
2140.33,10,24,25000,1,0,0.005,0
35140.67,12,33,15000,3,20,0.991,1
46628.33,12,23,25000,2,0,0.96,0
66548.33,12,29,35000,2,0,0.979,0
15739.67,12,33,25000,2,0,0.294,1
44185.33,10,27,50000,3,20,0.534,1
41514.0,12,24,100000,2,0,0.199,0
4003.33,10,38,90000,1,10,0.022,0
6313.67,12,38,120000,1,0,0.029,1
33996.33,12,35,45000,3,20,0.39,0
17811.67,12,33,25000,2,0,0.339,0
65068.67,12,48,40000,2,0,0.933,0
1043.0,4,43,105000,1,0,0.0,0
328275.0,12,41,175000,3,0,0.998,0
131095.33,12,45,80000,2,0,0.824,1
83778.67,12,33,35000,1,0,0.955,1
280.0,2,33,70000,1,10,0.0,0
51765.67,12,47,40000,2,0,0.659,0
107057.33,6,39,55000,2,20,1.0,1
13308.67,4,25,25000,2,0,0.347,0
28598.67,10,38,15000,1,20,0.914,0
30075.0,2,27,15000,2,20,0.946,0
81668.33,10,33,100000,2,20,0.4,1
132178.33,12,28,145000,2,0,0.461,0
29174.67,12,34,110000,1,0,0.134,0
19408.33,10,28,90000,1,0,0.055,0
70393.0,12,38,250000,3,0,0.148,0
5013.67,12,39,105000,2,0,0.034,0
100647.67,6,24,50000,1,30,1.0,1
8577.67,12,23,50000,2,0,0.08,0
131372.33,10,25,65000,2,20,1.0,1
9621.33,8,21,5000,2,0,0.904,1
390.0,10,35,25000,2,0,0.016,0
166349.67,12,37,120000,1,0,0.799,0
8369.0,2,53,10000,3,0,0.612,0
808.33,6,38,10000,1,0,0.096,0
66.0,2,39,75000,1,30,0.001,0
4375.33,10,36,115000,2,20,0.017,0
48953.67,12,26,25000,2,0,0.994,0
15132.0,12,35,150000,2,0,0.036,0
421.33,8,54,55000,2,20,0.003,0
1681.0,4,33,115000,1,0,0.02,0
19823.67,12,30,25000,2,10,0.0,0
68385.67,12,24,35000,2,0,0.956,0
2455.0,4,27,180000,1,0,0.0,0
107811.67,12,32,55000,2,0,0.983,0
115274.0,12,48,60000,2,0,0.968,0
6905.33,12,45,100000,1,0,0.076,1
4637.33,4,46,130000,4,0,0.037,0
10598.67,12,47,145000,1,0,0.053,0
14240.67,12,22,10000,2,0,0.875,0
47760.67,12,22,25000,3,0,0.934,1
32286.33,12,23,25000,2,0,0.674,0
6043.0,8,23,30000,1,0,0.059,0
6070.0,12,46,165000,1,0,0.022,0
44226.33,10,23,30000,2,20,0.981,0
122764.0,12,25,90000,2,0,0.749,0
54510.67,12,28,40000,1,20,0.669,0
1702.0,6,32,225000,1,10,0.0,0
1751.0,0,36,75000,4,0,0.035,0
3968.33,10,28,140000,2,10,0.0,0
69659.0,10,47,90000,3,20,0.372,0
44196.0,12,54,190000,3,0,0.004,0
390.0,10,45,75000,2,0,0.003,0
605.33,2,52,140000,1,0,0.003,0
12906.0,12,34,80000,2,0,0.118,0
119351.67,12,29,60000,2,0,0.986,0
245377.0,12,34,165000,1,0,0.794,0
0.0,0,49,105000,2,10,0.0,0
4175.67,12,27,100000,1,10,0.0,0
282316.0,12,27,170000,4,0,0.828,0
469.67,4,34,100000,1,0,0.005,0
3453.0,6,34,80000,3,20,0.03,0
68226.0,12,48,250000,2,0,0.155,0
28910.67,12,43,25000,2,0,0.566,0
32346.33,12,23,85000,2,0,0.189,0
226014.67,12,29,130000,1,20,0.904,0
0.0,0,49,180000,2,10,0.0,1
19501.67,12,29,200000,1,20,0.103,0
100114.0,12,32,190000,1,0,0.242,0
6699.33,6,29,25000,3,20,0.147,1
390.0,12,40,65000,2,0,0.003,0
43303.33,12,24,55000,2,10,0.0,0
0.0,0,23,25000,1,10,0.0,0
143486.0,12,26,95000,2,0,0.817,0
1529.67,8,46,85000,2,0,0.016,1
68706.33,4,25,105000,4,0,0.854,0
45998.67,10,25,25000,3,20,0.926,0
12563.67,12,45,10000,3,20,0.703,1
32420.0,6,26,40000,2,0,0.416,1
6249.33,4,39,250000,1,0,0.009,0
59252.0,10,31,125000,2,20,0.24,1
11820.67,10,34,25000,3,0,0.136,0
178284.0,8,38,150000,2,20,0.605,0
29495.0,8,40,15000,2,30,0.932,1
57140.33,10,34,25000,2,20,1.0,0
793.0,6,35,90000,2,0,0.0,0
10215.67,6,28,25000,4,0,0.18,0
7153.67,12,46,25000,3,0,0.121,0
189412.67,12,40,95000,2,20,0.97,0
932.67,8,32,100000,2,0,0.005,0
142437.33,10,26,70000,2,20,1.0,0
8254.0,8,47,5000,3,20,0.682,1
90397.67,12,54,90000,4,0,0.492,0
5066.0,2,29,85000,3,0,0.085,0
0.0,2,36,25000,2,10,0.0,0
9906.67,12,32,100000,2,0,0.046,0
579.0,12,42,85000,2,0,0.006,1
6097.67,8,52,25000,2,20,0.118,0
786.67,6,24,115000,2,0,0.01,0
18379.0,12,36,250000,2,0,0.043,0
1050.0,0,25,25000,2,30,0.021,1
24756.33,10,38,40000,1,0,0.407,0
520.0,8,61,100000,2,0,0.004,0
0.0,0,34,180000,3,10,0.0,1
520.0,8,41,70000,1,20,0.006,0
288907.33,10,48,145000,2,20,1.0,1
42117.33,12,41,25000,2,0,0.961,1
2003.33,4,38,5000,2,0,0.321,0
940.67,12,27,40000,2,20,0.015,0
18448.67,12,22,10000,3,0,0.927,1
40.0,0,37,75000,1,0,0.001,0
11461.67,4,37,115000,1,20,0.04,1
59453.33,12,24,30000,3,0,1.0,1
421.67,10,26,180000,1,0,0.002,0
47233.0,12,36,50000,2,0,0.462,0
24316.0,12,33,15000,2,0,0.782,0
107713.33,10,30,165000,2,0,0.471,0
632.0,4,24,10000,1,20,0.032,0
41708.33,6,49,40000,2,20,0.526,0
41178.67,12,23,45000,4,0,0.446,1
17444.0,12,23,10000,2,0,0.837,0
0.0,0,61,115000,3,10,0.0,1
2478.67,4,28,80000,2,20,0.022,0
2649.33,6,36,100000,2,0,0.012,0
2110.0,10,27,10000,2,0,0.098,0
41474.33,12,35,85000,1,0,0.301,0
4128.67,8,26,90000,2,0,0.02,0
65881.33,12,29,25000,2,0,1.0,0
9433.33,10,40,180000,1,0,0.046,0
333.33,8,28,115000,2,0,0.004,0
77962.33,8,28,40000,1,20,0.946,1
59461.0,6,31,30000,1,20,1.0,1
697.33,10,52,75000,3,0,0.003,0
117968.33,12,52,60000,3,0,0.975,0
10743.33,12,43,215000,1,0,0.048,0
124454.67,12,32,180000,3,0,0.248,0
417.67,12,60,100000,2,0,0.002,0
42083.67,10,26,25000,2,20,0.819,0
53374.33,10,36,75000,2,0,0.467,0
8616.33,12,46,10000,1,0,0.607,0
6753.0,12,23,10000,1,0,0.278,0
42207.0,6,24,25000,2,30,1.0,1
22309.0,12,27,130000,2,0,0.076,1
3128.33,12,30,115000,3,0,0.008,1
7795.67,4,43,85000,3,0,0.113,0
41.33,8,28,90000,1,0,0.0,0
24162.0,10,38,15000,1,20,0.806,0
17075.67,8,22,10000,2,30,0.801,1
971.0,10,50,130000,3,20,0.003,1
2840.67,8,30,90000,3,0,0.01,0
46524.67,12,32,115000,2,0,0.249,1
47564.0,12,43,60000,2,0,0.391,0
0.0,0,63,140000,1,0,0.0,0
142617.33,12,29,135000,2,0,0.556,0
65136.67,12,39,35000,1,0,0.964,0
54330.0,10,31,30000,2,20,0.887,0
81147.33,12,28,90000,2,0,0.434,0
21554.33,10,32,80000,2,20,0.19,1
5096.67,10,25,25000,1,0,0.29,0
44551.33,12,48,30000,2,0,0.884,0
12242.67,12,48,25000,2,30,0.259,1
230.67,8,56,40000,2,10,0.0,0
28201.67,12,22,15000,2,0,0.954,0
33372.67,12,26,45000,1,0,0.357,0
6889.33,6,33,65000,2,0,0.075,0
1805.0,6,38,100000,1,0,0.014,0
12988.0,8,23,10000,2,20,0.578,1
1447.67,8,31,150000,3,0,0.006,0
107634.0,12,41,80000,1,0,0.753,0
226.67,2,41,250000,1,0,0.001,0
40365.0,10,25,25000,2,20,1.0,1
14602.67,12,25,10000,1,0,1.0,0
216136.0,8,40,120000,3,30,0.891,1
174697.0,12,29,100000,2,20,0.862,1
1085.67,4,27,100000,2,20,0.001,1
9365.0,12,36,130000,1,0,0.04,0
93911.67,8,26,50000,2,20,0.893,0
16817.0,12,42,180000,3,0,0.072,0
292200.33,12,38,140000,4,0,1.0,0
9418.0,12,47,180000,1,0,0.028,0
1619.67,12,34,210000,1,0,0.001,0
643.67,10,42,200000,2,0,0.0,0
30683.33,10,41,25000,2,20,0.667,0
120417.0,12,45,250000,1,0,0.373,0
48833.67,12,56,25000,2,0,0.96,0
1017.33,12,24,40000,1,20,0.016,0
81946.0,8,23,40000,2,30,1.0,0
15012.67,12,50,10000,2,0,0.696,0
78343.33,12,27,230000,1,0,0.177,0
32931.0,4,33,120000,1,0,0.199,0
48941.0,12,30,60000,2,0,0.445,0
7453.67,4,24,10000,2,30,0.386,0
39076.33,12,50,145000,3,0,0.215,0
28429.0,12,38,25000,2,0,0.676,0
22323.0,6,40,100000,2,0,0.11,0
19382.67,6,27,10000,3,20,0.899,0
45468.67,12,43,50000,1,0,0.44,0
109884.33,12,36,130000,1,0,0.413,0
21069.67,0,27,10000,2,40,1.0,0
7084.33,10,22,5000,2,20,0.596,0
68883.0,6,47,210000,1,0,0.11,0
29542.67,12,27,65000,3,0,0.228,0
38003.0,12,25,75000,1,0,0.243,0
291.0,12,33,60000,1,0,0.002,0
8315.0,12,25,15000,2,0,0.241,0
127152.0,12,31,130000,2,0,0.639,0
326.0,12,34,30000,3,0,0.005,1
80255.67,12,52,35000,3,0,1.0,0
32796.67,10,26,55000,2,20,0.257,0
26007.0,12,37,90000,2,0,0.049,0
2906.0,10,48,150000,2,0,0.021,0
1232.0,10,38,130000,1,0,0.002,0
33818.33,10,41,25000,2,20,0.727,1
43628.33,8,45,45000,3,0,0.701,0
7427.33,8,24,10000,2,20,0.301,1
4041.33,10,30,110000,1,20,0.012,0
4907.33,8,27,120000,1,20,0.012,0
87064.33,12,40,220000,2,0,0.224,0
59619.0,8,37,30000,2,50,1.0,0
8103.67,12,31,190000,2,0,0.018,0
20125.0,8,44,15000,3,20,0.654,1
70278.33,12,35,60000,2,0,0.598,0
4110.33,12,29,75000,1,0,0.031,0
44346.67,10,28,45000,2,20,0.481,0
8333.33,8,34,90000,2,0,0.139,0
7337.0,10,37,5000,2,0,0.784,0
15128.67,8,24,10000,2,20,0.758,1
58108.33,8,41,40000,3,20,0.722,1
21897.33,12,30,305000,2,0,0.083,0
0.0,2,27,90000,3,10,0.0,0
471.0,8,53,25000,3,10,0.0,1
130917.67,12,30,65000,1,0,1.0,1
114766.0,12,26,80000,1,0,0.845,0
143348.67,10,29,100000,1,20,0.686,0
16445.0,8,29,10000,1,20,0.745,0
48348.67,12,56,25000,2,0,0.941,0
28982.33,10,46,15000,2,20,0.929,1
132061.0,12,29,70000,2,0,0.934,0
11853.67,6,45,80000,2,20,0.072,0
3861.0,6,33,205000,1,0,0.008,0
7822.67,12,30,160000,1,0,0.025,0
48652.67,12,36,25000,2,0,0.948,0
109556.33,12,29,55000,2,0,0.975,0
216667.67,12,50,265000,3,0,0.415,0
39214.33,12,40,40000,2,0,0.587,1
140153.67,12,26,95000,1,20,1.0,1
6337.0,12,58,250000,2,0,0.008,0
1633.33,8,30,135000,3,10,0.0,0
17319.33,10,26,10000,2,20,0.868,0
27682.33,10,39,45000,2,20,0.308,1
6640.33,2,44,5000,2,20,0.69,0
5064.33,10,36,160000,2,0,0.013,0
33170.33,10,33,95000,1,0,0.225,0
2115.67,4,39,190000,1,0,0.017,1
145486.33,12,30,90000,2,0,0.809,0
4157.0,4,33,180000,1,0,0.002,0
15251.0,12,30,75000,2,20,0.27,0
45027.67,6,57,25000,1,20,0.912,1
38657.67,8,39,25000,2,20,0.799,0
50201.33,12,51,25000,3,0,0.845,0
41696.67,12,30,170000,2,0,0.14,0
46037.0,8,26,160000,1,0,0.349,0
326.0,10,42,115000,1,20,0.001,0
1629.67,12,31,60000,1,0,0.005,0
25462.67,8,34,15000,1,20,0.897,0
19253.67,12,34,120000,1,0,0.088,0
164.33,8,32,120000,2,10,0.0,0
99655.0,12,30,105000,1,20,0.473,0
16453.33,10,24,10000,3,20,0.862,0
17375.67,12,42,10000,2,0,0.828,1
2593.33,6,25,55000,1,20,0.04,0
89212.33,12,39,65000,2,0,0.677,0
79959.67,12,28,40000,2,0,0.973,0
12473.33,10,36,10000,2,20,0.628,1
7878.33,8,38,5000,1,20,0.471,1
11564.67,12,37,90000,2,0,0.03,0
113380.0,12,29,140000,2,0,0.503,0
124490.0,8,29,110000,1,20,0.567,1
213324.67,8,42,130000,2,30,0.829,1
13795.0,6,40,15000,2,20,0.518,0
14256.67,12,29,25000,2,0,0.43,0
152454.33,12,47,75000,3,0,1.0,0
46882.33,12,38,80000,3,0,0.295,0
3399.67,10,26,10000,2,10,0.0,0
67949.67,12,42,140000,1,0,0.068,0
7731.33,12,24,25000,2,0,0.134,0
1244.0,6,43,150000,1,10,0.005,0
46930.0,8,31,115000,2,20,0.263,0
28083.67,12,27,30000,3,0,0.62,0
21620.67,12,29,95000,3,0,0.272,0
260.0,2,43,30000,2,10,0.0,0
90022.67,12,25,50000,2,20,0.884,1
18668.0,12,45,15000,2,0,0.572,0
69654.0,6,30,100000,2,60,0.357,1
26507.0,12,27,15000,1,0,0.837,0
110052.67,12,25,65000,2,0,0.973,0
51983.67,12,29,60000,2,0,0.501,0
133.33,4,35,80000,2,10,0.0,0
18837.0,10,23,10000,2,0,0.889,0
27742.0,8,24,15000,2,20,0.871,0
41426.67,12,23,35000,2,0,0.929,0
63579.67,12,25,40000,3,0,0.978,0
5521.0,12,23,40000,2,0,0.076,0
94043.0,12,50,50000,2,0,1.0,0
34667.33,12,31,285000,1,0,0.047,0
360.0,10,45,85000,1,20,0.002,0
486.67,12,25,25000,2,10,0.0,0
270574.67,12,39,155000,1,0,0.969,0
18734.67,10,27,70000,1,20,0.139,1
67837.33,12,29,100000,2,20,0.347,0
7875.67,8,26,150000,2,0,0.038,1
287384.33,12,26,150000,1,0,0.987,0
155936.0,12,55,70000,2,0,1.0,0
34468.0,12,47,280000,1,0,0.019,0
75262.0,6,46,100000,1,20,0.368,1
181928.67,12,31,115000,3,0,0.802,0
3909.0,8,36,100000,1,20,0.012,1
74359.33,6,34,80000,2,20,0.461,1
196500.0,12,29,110000,1,0,0.982,0
48764.67,12,25,30000,3,0,0.997,0
59682.67,8,43,195000,2,20,0.202,1
998.0,12,39,140000,1,0,0.007,0
50385.0,6,60,40000,1,0,0.666,0
32602.67,12,34,180000,2,0,0.088,0
18667.0,12,21,10000,2,0,0.938,0
22669.0,12,31,250000,2,0,0.004,0
2404.67,8,23,45000,1,0,0.004,0
28050.67,12,33,15000,1,0,0.924,0
1253.33,4,47,195000,1,10,0.0,0
0.0,0,32,180000,1,10,0.0,1
9624.67,12,32,5000,2,0,0.946,0
0.0,0,32,75000,1,10,0.0,0
32932.67,12,27,20000,2,0,0.725,0
65999.33,12,29,105000,4,0,0.323,0
41163.33,12,41,25000,2,0,0.939,0
8251.67,12,23,5000,2,20,0.789,1
42579.67,12,26,155000,2,0,0.131,0
39399.67,6,34,25000,1,0,0.876,0
2059.0,8,37,75000,1,0,0.032,0
13031.33,12,48,25000,3,0,0.237,1
81433.67,8,30,125000,1,20,0.309,0
23217.33,8,46,15000,3,30,0.745,1
20923.33,12,32,15000,1,0,0.751,1
29926.67,8,50,15000,3,20,1.0,1
16618.67,2,44,10000,2,80,0.847,1
18434.33,12,24,15000,1,0,0.587,0
666.0,10,45,150000,1,0,0.003,1
1860.0,2,28,45000,2,0,0.062,0
15779.33,8,24,15000,2,20,0.835,0
131112.0,10,51,100000,2,20,0.641,1
103912.33,10,29,90000,2,20,0.559,0
49776.67,8,26,35000,2,0,0.724,0
0.0,4,29,115000,2,20,0.0,0
0.0,0,45,120000,1,10,0.0,0
2052.33,10,41,95000,3,0,0.014,0
11927.0,4,29,40000,1,0,0.053,0
83520.33,10,34,150000,2,0,0.287,0
207735.67,12,36,110000,1,0,0.957,0
64422.33,12,31,170000,2,0,0.186,1
4557.67,12,57,240000,1,0,0.015,0
38663.67,12,25,30000,1,0,0.76,0
12003.67,12,28,100000,2,0,0.057,0
19728.33,8,53,10000,2,20,0.982,0
47091.67,10,46,55000,3,0,0.417,0
488484.0,12,32,235000,2,0,1.0,1
20283.33,6,42,100000,2,0,0.004,0
20209.0,12,30,65000,1,0,0.129,0
67513.67,12,46,40000,1,0,0.986,0
0.0,0,30,60000,2,10,0.0,0
24149.67,12,27,90000,1,0,0.165,0
284028.67,12,42,200000,2,0,0.717,0
84663.0,12,43,75000,3,0,1.0,0
119144.0,12,34,320000,3,0,0.165,0
54792.0,12,32,250000,1,10,0.096,0
29404.0,8,26,35000,1,20,0.402,1
1103.0,8,24,50000,1,30,0.013,0
0.0,0,42,40000,3,0,0.0,0
85370.0,12,30,60000,2,0,0.701,0
41569.33,12,31,105000,1,0,0.191,0
15715.0,6,25,25000,1,20,0.271,0
25097.0,12,45,25000,2,0,0.924,0
3309.33,4,35,130000,2,0,0.0,0
440.0,2,22,10000,2,10,0.0,0
34977.33,8,40,15000,2,20,1.0,0
161886.67,12,29,155000,2,0,0.588,0
17689.0,8,34,50000,1,0,0.431,0
130.0,2,38,150000,1,0,0.001,0
29437.67,4,47,15000,3,20,0.92,0
147328.67,10,34,160000,2,0,0.543,0
80856.33,12,32,60000,1,0,0.682,0
25858.0,10,24,40000,2,20,0.327,1
16527.67,12,50,10000,3,20,0.754,1
360.0,10,53,190000,1,0,0.001,0
145467.33,12,30,90000,1,0,0.962,0
17539.67,2,27,25000,2,0,0.528,0
0.0,0,33,140000,1,0,0.0,0
18262.33,8,47,15000,3,0,0.842,0
49459.33,6,25,50000,2,20,0.976,1
27871.33,8,45,15000,1,20,0.933,0
118080.0,12,30,80000,2,0,0.776,0
5562.0,12,42,105000,1,0,0.011,0
8055.33,10,30,5000,1,0,0.793,0
17881.0,12,36,210000,2,0,0.009,0
25004.67,12,37,200000,1,0,0.0,0
63860.67,12,29,35000,1,0,0.898,0
62046.0,12,31,55000,2,0,0.555,0
78196.33,0,54,150000,1,0,0.782,0
62313.67,6,27,60000,1,0,0.184,0
13823.33,12,27,90000,1,0,0.077,0
32683.33,12,46,200000,1,0,0.08,0
38610.67,12,44,50000,1,0,0.372,0
177246.33,12,32,110000,2,0,0.835,1
316.0,12,43,110000,2,0,0.001,0
128063.33,12,27,70000,2,0,0.906,0
104938.0,12,51,45000,2,0,1.0,1
29368.67,12,23,15000,1,0,0.976,0
1972.67,6,28,120000,1,0,0.009,0
110161.0,10,37,55000,1,20,0.97,0
39878.33,6,24,30000,1,30,0.623,1
12760.0,4,26,10000,2,50,0.662,1
176555.67,12,53,90000,2,0,0.964,1
77010.67,10,26,65000,2,0,0.647,0
43578.67,12,36,65000,3,0,0.327,0
50012.67,12,26,35000,1,20,0.723,0
9361.33,6,42,5000,2,20,0.986,1
638.0,2,24,25000,1,0,0.018,0
5131.33,4,31,95000,1,30,0.043,0
57627.33,12,36,30000,2,0,0.987,0
18546.33,10,25,10000,1,20,0.857,1
76027.0,10,42,40000,2,20,0.925,1
43173.0,10,51,250000,1,0,0.011,0
4406.67,0,52,110000,3,10,0.0,0
2626.67,10,36,115000,2,0,0.016,0
15966.0,8,25,10000,2,20,0.776,0
39247.33,12,39,25000,2,0,0.976,1
104999.0,12,29,60000,1,0,0.921,0
101208.67,10,34,65000,2,20,0.766,1
363.0,12,26,115000,1,20,0.002,0
118422.67,12,32,175000,1,0,0.263,0
9890.0,12,38,150000,1,0,0.045,0
61388.67,12,55,35000,2,0,0.965,0
282074.33,12,33,140000,1,0,1.0,0
21445.67,12,25,30000,2,0,0.344,1
173021.33,12,42,155000,2,0,0.548,1
50827.67,12,34,145000,3,0,0.019,1
133145.0,8,35,90000,1,20,0.741,1
212.0,2,43,170000,1,10,0.0,0
5668.67,12,29,180000,1,0,0.014,0
1737.0,12,33,90000,1,0,0.006,1
26821.33,12,48,15000,3,0,0.854,0
25808.0,12,32,50000,1,0,0.261,0
75579.67,12,42,90000,2,0,0.488,0
129714.67,10,31,105000,1,20,0.625,1
113777.67,12,36,90000,2,0,0.618,0
54501.67,6,48,30000,3,20,0.885,0
279373.67,12,30,250000,1,0,0.385,0
6782.67,12,37,100000,2,0,0.029,0
128367.0,12,39,305000,2,0,0.238,0
39636.0,12,29,25000,2,0,0.947,0
5347.67,8,25,40000,4,0,0.083,0
98095.0,12,38,105000,1,0,0.492,0
48401.67,12,56,25000,1,20,1.0,0
21147.0,12,58,180000,1,0,0.016,0
19402.67,12,30,120000,2,0,0.224,0
11969.0,10,56,10000,3,20,0.542,0
1112.0,8,22,5000,1,0,0.295,1
29999.33,10,23,15000,2,20,1.0,1
25181.33,12,30,180000,1,0,0.112,0
50288.33,12,29,130000,1,0,0.2,0
65376.67,12,52,50000,2,0,0.644,0
1511.33,4,40,250000,2,0,0.004,0
69985.33,12,42,35000,3,0,0.992,0
8781.33,6,38,100000,1,20,0.132,0
146674.0,12,45,115000,4,0,0.628,0
996.33,8,36,100000,2,0,0.015,0
95430.0,10,38,55000,2,20,0.881,1
8864.67,10,33,130000,1,0,0.026,0
563.67,10,55,25000,3,20,0.008,0
49929.0,12,44,25000,2,0,0.982,0
8988.0,6,23,40000,2,20,0.325,0
5231.67,12,29,130000,1,0,0.028,0
42022.67,12,31,40000,1,0,0.61,0
49770.67,12,29,40000,1,0,0.602,0
2016.0,12,36,100000,4,0,0.012,0
379622.67,8,29,185000,2,40,1.0,1
47744.33,12,43,30000,1,20,0.78,1
36595.33,8,29,130000,1,20,0.217,0
13764.67,6,35,15000,2,30,0.449,1
61744.33,10,32,60000,2,20,0.503,1
134021.67,10,39,65000,3,20,1.0,0
0.0,0,38,80000,3,0,0.0,0
3602.67,12,31,115000,2,0,0.022,0
196245.0,12,26,150000,1,0,0.979,0
5352.0,12,29,90000,2,0,0.022,0
53.0,8,24,40000,2,10,0.0,1
103453.0,12,30,90000,4,0,0.596,0
32787.0,12,25,25000,2,30,1.0,1
2251.67,6,62,5000,2,0,0.278,0
9200.0,10,46,25000,2,0,0.031,0
15880.33,6,31,45000,1,20,0.092,0
25219.67,12,29,15000,3,20,0.771,1
181004.0,12,38,90000,1,0,1.0,0
140620.33,12,38,75000,2,0,0.934,0
656786.33,12,63,295000,1,0,1.0,0
39374.33,12,39,30000,2,0,0.999,0
68608.0,8,27,50000,2,30,0.63,1
6976.0,12,25,10000,2,0,0.383,0
8268.0,8,22,5000,1,20,0.688,1
275259.33,10,26,150000,1,20,0.91,1
204419.33,10,40,130000,2,0,0.929,0
39129.67,12,28,80000,3,0,0.242,0
1070.0,4,32,130000,1,0,0.0,1
19083.67,10,29,140000,1,0,0.008,0
6172.0,10,35,130000,1,10,0.0,0
5652.0,12,43,120000,1,0,0.015,0
23338.33,10,49,25000,2,20,0.914,0
0.0,0,44,130000,2,10,0.0,1
62861.33,8,24,30000,2,20,1.0,1
19995.33,12,26,65000,2,0,0.189,0
112598.0,12,31,70000,1,0,0.807,0
18560.0,12,39,10000,3,20,0.912,1
0.0,4,35,180000,1,10,0.0,0
120761.0,12,28,110000,1,0,0.577,0
31789.67,12,37,250000,1,0,0.009,1
39925.0,12,59,25000,3,0,1.0,0
3169.0,12,28,105000,1,0,0.001,0
92997.0,8,41,100000,1,0,0.455,0
71737.33,12,28,185000,1,0,0.236,0
113167.33,8,27,100000,2,20,0.56,0
200.0,6,51,130000,1,10,0.0,0
10651.33,10,23,25000,1,0,0.31,0
20474.67,12,33,130000,1,0,0.071,0
6128.67,12,48,115000,3,0,0.012,0
0.0,0,27,10000,2,10,0.0,1
3266.33,12,33,250000,2,0,0.007,0
1637.33,10,50,80000,2,0,0.008,1
1960.67,4,25,25000,2,20,0.031,1
1644.0,10,37,110000,2,20,0.011,1
58028.33,8,64,75000,3,0,0.379,0
11827.67,10,35,90000,1,0,0.062,0
27383.33,0,40,40000,2,0,1.0,1
43516.0,8,27,25000,3,20,0.84,0
5860.67,10,26,15000,2,20,0.174,1
177626.67,12,31,90000,2,0,0.982,0
60584.67,12,64,35000,3,0,0.888,0
0.0,0,33,150000,1,0,0.0,1
12524.33,12,50,320000,1,0,0.01,0
0.0,8,28,30000,1,10,0.0,0
51419.67,12,24,60000,2,20,0.564,1
12927.33,8,27,140000,1,0,0.13,0
10410.67,6,32,130000,1,0,0.031,0
48558.33,12,34,25000,2,0,0.971,0
64151.33,6,47,35000,2,20,0.923,0
580.0,10,38,25000,1,0,0.008,1
198876.33,12,40,235000,1,20,0.513,1
18697.67,4,41,160000,1,0,0.175,0
42820.67,12,23,25000,3,0,0.988,0
0.0,0,32,115000,3,0,0.0,0
44238.67,12,29,70000,2,0,0.307,0
7600.33,12,25,25000,2,20,0.126,1
0.0,6,45,225000,1,10,0.0,0
1459.0,12,49,250000,2,0,0.001,0
4669.0,8,37,10000,2,0,0.798,0
1735.67,10,38,115000,1,0,0.008,0
53333.33,10,24,25000,2,30,1.0,0
13316.0,12,31,150000,2,0,0.043,0
88760.0,10,36,50000,3,20,0.927,0
28722.33,8,27,15000,2,0,0.969,0
30804.0,12,44,200000,2,0,0.016,0
665.33,8,30,85000,1,20,0.006,0
51169.33,12,57,170000,3,0,0.145,0
45751.0,12,35,105000,2,0,0.212,0
842.0,12,38,40000,2,0,0.024,1
7391.33,12,24,10000,1,0,0.39,0
455.33,4,51,150000,1,0,0.001,0
5164.0,10,43,10000,3,0,0.304,1
50116.0,12,40,25000,1,0,1.0,0
1823.0,6,27,30000,1,20,0.052,0
36942.67,10,50,30000,2,20,0.998,0
47263.67,12,51,25000,3,20,0.962,1
53789.67,6,26,60000,2,20,0.439,0
5655.67,12,59,10000,3,20,0.256,0
326.0,12,40,120000,2,0,0.001,0
5648.0,12,36,210000,1,0,0.0,0
0.0,0,28,90000,1,10,0.0,0
402336.0,12,28,205000,3,20,0.994,0
17283.0,10,41,15000,1,20,0.537,1
37973.33,12,25,55000,2,20,0.35,0
498.0,10,33,45000,1,20,0.006,0
27200.33,12,41,110000,1,0,0.138,0
43927.67,12,57,25000,3,20,0.947,1
21943.33,12,22,15000,3,0,0.691,0
5240.33,12,55,260000,1,0,0.004,0
49311.33,10,39,40000,3,20,0.605,0
4022.0,0,58,10000,3,0,0.603,0
9704.33,10,29,105000,1,20,0.13,0
100246.33,12,28,50000,2,0,1.0,0
0.0,4,33,160000,1,10,0.0,0
38512.0,12,44,250000,2,0,0.076,0
17135.0,10,41,10000,3,20,0.81,0
7793.33,12,59,5000,2,0,0.683,0
5142.0,12,43,155000,3,0,0.014,0
11795.33,12,37,100000,1,0,0.056,0
3376.33,12,29,90000,3,0,0.024,0
32999.67,10,32,25000,2,0,0.746,0
15055.33,10,41,75000,2,0,0.016,0
90671.0,12,45,250000,1,0,0.187,0
16698.0,12,31,115000,2,0,0.063,1
18582.67,12,38,10000,2,0,0.992,0
42541.67,12,28,95000,2,0,0.227,0
19114.67,12,24,10000,2,0,0.952,0
55827.67,12,51,85000,3,0,0.326,0
174269.0,12,43,105000,2,0,0.862,0
60725.67,10,44,50000,2,30,0.596,1
51261.67,10,42,130000,2,20,0.193,0
25190.0,12,25,100000,2,0,0.112,0
67781.33,12,40,45000,2,0,1.0,1
260221.33,12,35,235000,1,0,0.574,0
135030.33,10,27,135000,1,20,0.567,0
66029.67,8,49,50000,1,20,0.64,1
433.0,4,40,100000,1,10,0.0,0
38805.33,12,43,35000,2,0,0.545,0
14038.33,12,40,100000,1,0,0.081,0
43033.33,12,31,25000,2,0,1.0,0
28957.67,10,24,45000,2,0,0.315,0
49353.67,12,30,25000,2,0,0.963,0
105.67,0,37,120000,1,0,0.001,0
1698.33,12,35,70000,1,0,0.002,0
113491.33,10,52,60000,1,30,0.938,0
2867.33,10,61,230000,2,10,0.0,0
3094.0,10,25,85000,2,0,0.011,0
51210.0,12,39,250000,1,0,0.08,0
27536.67,12,51,25000,2,0,0.626,0
321.33,2,26,105000,1,20,0.0,0
43534.67,10,24,25000,1,20,0.85,0
519.0,8,42,100000,2,0,0.002,0
12448.67,12,26,10000,1,0,0.552,0
10128.0,6,53,40000,2,20,0.121,0
833.33,2,32,215000,2,10,0.0,1
321277.33,12,44,175000,1,30,0.899,1
4841.67,8,34,25000,2,0,0.055,0
208603.67,12,55,105000,3,0,1.0,1
240.0,2,51,10000,2,0,0.039,0
19460.67,12,29,80000,2,0,0.226,1
25374.0,10,46,25000,3,20,0.514,1
49317.67,12,24,25000,1,0,1.0,0
26204.33,8,31,15000,3,30,1.0,1
48315.67,6,29,50000,1,20,0.482,1
23790.0,10,28,180000,2,0,0.099,0
3972.33,12,34,155000,2,0,0.013,0
37629.0,10,30,25000,2,20,0.802,0
13275.0,10,37,60000,2,20,0.1,0
16198.33,8,29,15000,2,20,0.55,1
187091.33,12,30,100000,2,0,0.966,0
18928.33,6,37,10000,3,0,0.986,0
47544.67,12,23,25000,2,20,0.94,1
9835.33,12,25,35000,1,0,0.118,0
1262.0,6,32,145000,1,10,0.0,0
750.0,2,30,45000,1,30,0.008,0
98021.33,8,37,75000,2,20,0.711,1
90219.0,12,38,45000,2,0,1.0,0
30283.0,10,40,40000,1,20,0.351,1
95764.67,8,32,50000,1,20,0.958,0
218.0,8,41,100000,2,0,0.0,0
126747.33,12,31,70000,2,30,0.891,1
32045.33,12,45,55000,2,0,0.008,0
30664.33,12,43,25000,3,0,0.624,0
53717.33,12,42,30000,2,0,1.0,0
25610.0,6,40,65000,1,0,0.195,0
185362.67,12,43,160000,2,0,0.566,0
2333.67,8,42,60000,3,0,0.018,0
341661.33,10,35,225000,2,20,0.773,0
168231.0,12,36,100000,2,0,0.681,1
15278.67,4,31,10000,1,30,0.808,1
6676.0,12,29,205000,2,0,0.016,0
188879.67,12,40,105000,1,0,0.985,0
0.0,0,36,105000,1,10,0.0,1
0.0,0,38,65000,3,10,0.0,0
2516.67,6,27,85000,1,20,0.038,1
105068.33,12,55,95000,2,0,0.549,0
89528.67,12,28,115000,1,0,0.417,1
115883.33,12,29,60000,2,0,0.954,0
18910.33,10,23,25000,2,20,0.346,1
28061.0,12,41,110000,2,0,0.146,1
314788.67,12,32,160000,1,20,0.979,0
40048.0,2,27,80000,2,0,0.473,1
6462.67,12,23,10000,2,20,0.228,0
258.0,8,34,230000,1,10,0.0,0
380.0,12,38,245000,1,10,0.001,0
86980.67,10,47,65000,2,0,0.656,0
116970.0,12,41,85000,2,0,0.956,0
109125.67,12,24,75000,2,0,0.726,0
1187.33,12,33,90000,1,0,0.007,0
38792.0,12,35,25000,3,0,0.833,0
38761.67,12,44,120000,4,0,0.197,0
17110.67,12,37,195000,1,0,0.053,0
37559.67,12,47,25000,3,0,0.972,0
0.0,0,43,155000,1,0,0.0,0
732.33,4,28,50000,1,10,0.003,0
997.33,4,36,130000,1,0,0.012,0
29271.67,8,28,15000,2,20,0.945,0
58038.33,12,27,155000,2,0,0.222,0
198390.33,12,40,135000,1,0,0.716,0
1294.0,8,30,125000,1,20,0.008,1
33588.0,12,31,65000,2,0,0.248,0
23094.33,12,35,110000,1,0,0.1,0
82188.33,12,48,30000,2,0,1.0,0
119721.0,8,29,60000,1,0,0.994,0
21920.33,4,35,15000,2,20,0.379,0
127527.67,10,30,65000,1,20,0.959,1
11039.0,10,35,50000,2,0,0.29,0
629.67,4,26,100000,1,0,0.006,0
167934.33,12,47,130000,2,0,0.631,0
165681.67,10,45,195000,1,20,0.475,1
280700.0,12,42,170000,1,0,0.906,0
129840.67,12,24,70000,2,0,0.979,1
141215.0,12,39,110000,2,0,0.646,0
1319.0,8,31,10000,2,0,0.079,0
59692.67,12,40,250000,2,0,0.066,0
14117.33,10,33,105000,2,0,0.042,1
314167.67,12,39,170000,2,0,0.907,0
17878.67,10,44,65000,2,20,0.126,1
148252.33,12,34,100000,2,0,0.946,0
147999.33,12,35,75000,1,0,1.0,1
47306.33,12,22,25000,3,0,0.739,0
38473.33,6,25,30000,1,40,0.634,1
2748.33,10,27,30000,1,0,0.023,0
120535.0,12,29,75000,3,0,0.787,0
48906.0,12,38,90000,1,20,0.263,1
51540.0,12,22,25000,2,0,1.0,0
8176.33,6,48,5000,3,0,0.786,0
95930.67,12,24,50000,2,0,0.941,0
1346.67,8,21,15000,2,0,0.0,0
47177.67,12,51,25000,3,0,0.971,0
20743.67,10,39,15000,2,20,0.655,1
98370.67,10,30,50000,2,20,0.966,1
26139.0,10,35,50000,2,20,0.245,0
204380.67,12,37,145000,2,0,0.689,0
2732.67,12,42,70000,2,0,0.027,0
0.0,0,39,120000,1,10,0.0,0
1535.0,10,27,190000,1,20,0.007,0
1288.33,12,54,115000,3,0,0.005,0
33400.0,12,24,20000,1,0,0.704,1
75308.33,12,34,105000,1,0,0.354,0
136392.0,6,37,75000,2,0,0.965,0
29095.0,8,27,35000,3,20,0.389,1
3772.33,2,24,40000,2,0,0.12,0
60093.67,12,30,25000,2,0,0.985,0
0.0,0,27,150000,2,0,0.0,0
60856.0,12,30,90000,2,0,0.351,0
10296.67,12,35,75000,1,0,0.061,0
21930.67,12,24,30000,1,0,0.348,0
100610.33,12,37,50000,2,0,1.0,1
90103.0,12,26,45000,2,20,0.999,0
15029.33,12,43,10000,2,0,0.705,0
1.0,6,32,160000,1,0,0.0,1
1333.33,10,68,45000,3,0,0.022,0
43546.33,12,36,250000,2,10,0.0,0
1615.67,12,37,105000,1,0,0.015,0
19129.33,2,29,15000,2,20,0.953,1
3466.67,0,51,10000,2,0,0.52,1
0.0,0,23,25000,1,10,0.0,0
2384.0,6,39,180000,3,0,0.014,0
36903.67,6,28,40000,3,0,0.461,0
3356.67,12,47,75000,1,0,0.027,0
24457.67,6,36,10000,2,20,1.0,0
1814.33,10,55,75000,3,0,0.008,0
327935.67,12,29,170000,3,0,0.977,0
0.0,0,61,250000,2,10,0.0,1
35297.33,8,33,50000,3,20,0.325,0
0.0,0,62,80000,2,0,0.0,0
4994.33,10,42,150000,1,0,0.001,0
11460.0,8,34,120000,1,20,0.078,0
60028.67,12,30,30000,2,20,1.0,1
7591.67,2,21,10000,2,0,0.686,0
1976.33,8,25,40000,2,20,0.017,0
390.0,2,47,10000,2,0,0.02,0
6920.0,12,35,120000,1,0,0.024,0
19762.67,8,25,10000,2,20,0.962,0
172983.67,12,33,145000,2,0,0.657,0
54400.0,12,33,60000,1,0,0.442,0
67153.67,12,33,50000,2,0,0.611,0
18723.67,10,42,10000,2,0,0.916,0
18098.0,8,49,30000,2,20,0.284,1
14594.33,10,26,75000,2,20,0.071,1
1720.0,10,57,250000,1,0,0.009,0
32447.0,8,24,60000,2,0,0.289,1
8352.33,8,35,40000,2,0,0.1,0
40696.33,12,39,50000,3,0,0.397,0
14624.67,12,53,10000,1,0,0.68,0
25564.67,12,33,100000,2,0,0.119,0
65207.67,12,39,40000,1,20,0.771,0
75368.67,10,33,40000,1,20,0.95,0
29829.67,10,26,75000,1,20,0.198,0
48998.0,12,50,25000,2,0,0.954,0
8075.0,8,28,185000,1,0,0.002,0
109851.33,8,25,65000,2,30,0.828,1
3018.33,10,41,225000,1,20,0.006,0
20935.67,10,44,100000,2,20,0.002,0
98579.0,10,30,65000,1,20,0.699,0
54086.67,12,23,115000,4,0,0.24,0
10462.67,12,29,45000,1,0,0.101,0
6779.33,12,53,15000,3,0,0.009,0
5444.67,12,43,90000,2,0,0.025,1
7134.33,8,32,70000,1,20,0.068,0
0.0,0,52,190000,1,10,0.0,0
26915.67,10,56,15000,2,30,0.867,1
79114.67,10,46,40000,3,20,0.969,1
33302.0,12,47,30000,3,0,0.985,1
4850.67,10,32,145000,1,0,0.0,0
1884.0,10,26,80000,2,0,0.008,1
11780.33,12,28,10000,1,0,0.352,0
80891.67,12,65,40000,3,0,1.0,0
2159.67,10,34,180000,1,0,0.012,0
36290.33,12,44,15000,1,20,1.0,0
330.0,12,37,70000,2,0,0.002,0
64673.67,12,33,75000,1,0,0.52,0
59490.0,12,45,65000,1,0,0.448,0
43151.0,12,34,205000,1,0,0.266,1
50106.33,12,28,35000,1,0,0.699,1
27208.0,12,24,15000,1,0,0.906,0
3859.33,12,37,25000,2,0,0.149,0
119978.67,12,45,90000,2,0,0.662,0
520.0,6,36,15000,2,0,0.013,0
17801.67,10,38,10000,1,20,0.839,0
4266.67,4,24,15000,2,0,0.427,0
10092.0,10,53,10000,2,0,0.442,0
9653.67,12,27,140000,1,0,0.023,0
16010.0,12,28,25000,2,0,0.285,1
130.0,2,34,180000,1,10,0.0,1
158009.33,10,41,95000,3,20,0.978,1
3189.0,12,36,90000,1,0,0.016,0
42299.67,12,24,30000,1,0,0.815,0
21169.33,8,47,160000,2,20,0.032,0
1172.67,12,33,5000,3,0,0.166,1
421.33,8,52,100000,2,20,0.002,1
6878.67,12,24,25000,2,0,0.198,0
0.0,0,25,90000,1,0,0.0,0
16108.33,4,24,10000,2,40,0.779,1
287032.33,12,28,150000,2,20,0.989,0
116.67,0,28,45000,1,0,0.004,1
91021.67,10,23,80000,2,20,0.726,1
15174.67,12,39,10000,2,0,0.708,0
6066.67,12,28,75000,2,0,0.055,0
50401.33,8,26,25000,3,30,0.971,0
66859.0,12,43,30000,3,0,1.0,0
17498.33,12,54,105000,1,0,0.078,0
120612.33,12,27,75000,2,0,0.897,0
56166.33,12,24,30000,2,0,0.969,1
11111.0,10,35,105000,2,0,0.123,0
133074.67,2,28,105000,2,0,0.946,0
18045.33,12,31,180000,3,0,0.08,0
8095.0,8,25,5000,1,30,0.6,0
93317.33,8,32,70000,1,20,1.0,0
54466.0,10,33,50000,1,20,0.551,0
1096.0,8,23,25000,2,0,0.017,1
0.0,0,42,180000,3,0,0.0,1
0.0,0,42,180000,2,10,0.0,0
9427.33,4,27,15000,2,0,0.374,0
12334.33,12,36,10000,2,20,0.518,0
8486.0,10,42,130000,1,0,0.033,0
39069.33,12,38,50000,1,20,0.372,1
62150.67,12,39,170000,2,0,0.166,0
1808.67,6,31,25000,1,20,0.023,1
12914.33,6,32,90000,2,0,0.045,0
3959.33,8,33,180000,1,0,0.004,0
29983.33,10,35,30000,2,20,0.465,0
18750.33,12,28,10000,3,20,0.936,0
17290.0,4,44,75000,1,20,0.182,1
109732.0,12,50,75000,1,0,0.678,0
28092.0,8,32,150000,1,0,0.102,0
60680.33,12,35,210000,3,0,0.152,0
323955.33,12,34,250000,1,0,0.649,0
21863.67,0,30,75000,2,0,0.437,0
36402.0,6,54,25000,3,30,0.686,1
68796.0,10,24,55000,2,20,0.619,0
2100.67,8,38,75000,2,0,0.007,0
74923.33,12,26,40000,1,0,0.967,0
12376.67,8,34,75000,3,0,0.128,0
6883.33,2,39,25000,2,0,0.413,0
25363.33,6,33,10000,2,0,1.0,0
69645.0,12,33,40000,2,0,0.874,0
119784.0,8,41,75000,1,20,0.756,1
7233.0,12,41,120000,3,10,0.0,0
723.33,2,27,50000,2,0,0.004,0
68547.67,12,45,65000,2,0,0.61,0
18686.0,8,37,10000,2,0,0.921,0
2131.0,12,35,170000,1,0,0.001,0
16020.33,12,40,215000,1,0,0.014,0
17346.0,12,57,55000,1,0,0.146,0
10573.67,12,49,45000,3,0,0.114,0
4351.33,12,26,5000,1,0,0.946,0
1423.33,0,32,50000,1,0,0.043,0
8239.33,12,34,195000,1,0,0.02,0
5502.0,10,43,65000,2,0,0.016,0
76616.67,12,37,90000,2,0,0.434,0
69721.67,12,51,25000,2,0,1.0,0
63489.0,10,30,40000,2,0,0.807,0
25390.67,10,33,15000,3,20,0.815,1
4571.67,8,30,75000,1,0,0.047,0
961.33,10,46,115000,2,10,0.002,0
84537.67,8,23,45000,2,30,0.918,1
10989.33,12,30,40000,2,0,0.15,0
52229.67,12,35,350000,1,0,0.012,0
28256.67,6,22,15000,2,0,0.915,1
11373.33,12,28,45000,1,0,0.142,1
1255.33,12,44,100000,2,0,0.002,0
82213.67,12,50,115000,2,0,0.41,1
61387.67,12,54,50000,1,0,0.999,0
152182.0,12,28,180000,1,0,0.422,0
0.0,0,43,250000,1,10,0.0,1
59448.33,12,42,120000,2,0,0.014,0
97499.67,12,28,180000,1,0,0.218,0
2500.0,0,30,180000,2,20,0.007,1
110823.33,12,43,160000,1,0,0.344,0
13429.0,8,40,25000,2,0,0.434,0
51842.67,12,31,70000,2,0,0.363,0
4346.33,10,30,180000,2,0,0.018,0
2586.67,10,27,90000,1,0,0.004,1
1154.33,10,40,165000,1,0,0.008,0
5166.33,4,24,70000,1,20,0.045,1
1813.33,12,27,180000,1,0,0.007,0
17434.67,10,27,75000,1,20,0.103,1
15662.33,12,29,110000,3,0,0.065,0
249006.0,12,31,130000,3,0,0.992,0
18628.0,10,54,15000,3,20,0.59,0
3736.0,12,31,290000,1,0,0.004,0
824.33,12,25,25000,2,0,0.032,0
4506.33,10,36,115000,1,20,0.004,1
19963.67,10,39,10000,2,20,1.0,1
69750.0,12,35,55000,3,20,0.614,1
143757.67,12,28,120000,1,0,0.7,0
49903.33,12,34,25000,2,0,0.999,0
1407.67,6,51,10000,1,0,0.184,0
115104.0,12,42,95000,3,0,0.597,0
86376.67,10,50,50000,3,20,0.84,0
5998.0,8,34,250000,2,0,0.026,0
1318.0,12,40,85000,1,0,0.003,0
9418.67,12,23,75000,2,0,0.052,0
41159.67,8,48,15000,2,0,1.0,0
80478.33,12,41,40000,2,20,1.0,1
21092.67,12,49,170000,3,0,0.06,0
89578.33,10,30,105000,2,20,0.427,0
29351.33,10,23,15000,1,0,0.941,0
2296.33,12,27,115000,1,0,0.014,0
17052.33,12,23,10000,2,0,0.925,0
71484.0,12,26,35000,3,0,1.0,0
238985.67,12,66,155000,1,0,0.838,1
20238.67,12,36,40000,2,0,0.24,1
140090.33,12,27,75000,2,0,0.979,0
13096.0,10,49,10000,3,0,0.694,0
1758.67,10,54,110000,2,20,0.001,0
148322.0,10,30,75000,1,0,1.0,0
281026.0,12,30,265000,1,0,0.404,0
21021.33,10,28,75000,2,0,0.001,0
6762.0,6,29,75000,1,0,0.016,1
100161.0,8,30,210000,2,0,0.199,0
0.0,0,31,40000,2,0,0.0,0
82656.33,12,37,50000,2,0,0.871,0
15906.0,12,27,15000,2,20,0.506,1
24767.67,4,37,25000,2,0,0.472,0
1186.0,4,39,165000,1,0,0.006,1
140322.0,10,36,70000,2,20,0.963,0
64951.67,12,34,25000,2,0,1.0,0
0.0,0,37,180000,2,10,0.0,1
53686.0,10,38,90000,2,20,0.301,1
54926.67,10,27,65000,2,20,0.422,0
117689.33,12,31,65000,2,20,0.93,0
18046.33,6,24,10000,1,20,0.91,0
83465.0,10,30,130000,1,0,0.344,0
54438.33,12,51,25000,2,0,1.0,0
135604.0,12,29,160000,2,0,0.456,0
49320.0,12,37,35000,2,0,0.711,1
2593.33,10,47,90000,1,0,0.004,0
58121.33,12,54,30000,2,20,1.0,0
1097.0,10,23,40000,2,0,0.01,0
8126.67,8,49,5000,3,0,0.69,0
43649.67,10,33,75000,2,20,0.286,1
47718.0,12,55,25000,3,0,0.914,0
51338.0,10,41,75000,3,0,0.43,0
27085.0,10,38,175000,1,0,0.103,0
358442.67,12,44,190000,1,0,0.979,0
546.0,10,25,65000,3,0,0.002,0
550.33,2,35,90000,1,0,0.009,0
105403.0,12,41,50000,2,0,1.0,0
24348.0,8,31,15000,3,30,0.779,1
386145.0,12,28,215000,1,0,0.946,0
2048.67,10,37,100000,2,20,0.013,1
0.0,0,43,180000,2,10,0.0,1
1147.0,12,32,40000,1,0,0.014,0
27625.33,10,26,20000,1,20,0.681,1
13281.0,12,29,40000,2,0,0.155,0
18046.67,12,23,10000,3,0,0.852,0
1637.33,8,24,125000,2,0,0.004,1
8135.33,12,43,35000,2,0,0.231,0
16577.33,12,34,10000,1,0,0.734,1
18.0,0,39,80000,4,10,0.0,0
18906.0,2,36,35000,2,0,0.398,1
523.33,12,34,25000,2,0,0.012,0
27310.33,8,41,15000,3,30,0.868,1
21912.0,10,48,40000,2,0,0.581,0
16888.33,12,52,10000,2,0,0.788,0
8888.67,12,32,25000,4,0,0.207,0
0.0,0,26,25000,1,10,0.0,0
1519.33,12,36,115000,1,0,0.009,0
1000.0,2,23,5000,2,10,0.0,1
17894.33,8,42,10000,2,20,0.804,0
101850.67,10,34,55000,2,20,0.983,0
3554.0,12,29,100000,1,0,0.028,0
16380.67,12,59,10000,2,10,0.0,0
3136.0,6,29,40000,1,20,0.037,0
0.0,6,31,140000,2,10,0.0,0
74432.33,8,45,70000,2,0,0.764,0
25300.67,8,25,30000,1,20,0.401,0
113369.0,12,51,25000,2,0,1.0,0
0.0,4,34,100000,1,0,0.0,0
114194.0,10,38,90000,1,20,0.636,0
204270.0,12,45,130000,2,0,0.8,0
55261.0,10,32,75000,1,20,0.351,1
128643.0,12,32,65000,1,0,0.97,0
390.0,2,50,60000,3,0,0.003,1
0.0,0,30,105000,2,0,0.0,0
125052.0,12,33,55000,1,0,1.0,0
11923.67,12,28,15000,2,0,0.987,0
5939.33,12,25,85000,1,0,0.072,1
16911.0,12,32,180000,1,0,0.038,0
103814.0,12,37,65000,1,0,0.893,1
14340.33,10,24,15000,1,20,0.411,1
79.67,4,31,80000,2,0,0.001,0
26190.0,10,43,15000,2,0,0.839,0
333.33,2,22,5000,2,10,0.0,1
2301.33,10,38,25000,2,0,0.048,0
18929.33,12,40,40000,2,0,0.298,0
0.0,2,49,130000,1,10,0.0,0
67063.0,12,26,85000,3,20,0.438,1
22678.67,12,25,15000,3,0,0.699,0
22925.0,12,51,25000,3,0,0.512,0
91391.67,12,40,60000,3,0,0.735,0
72137.67,12,31,120000,2,20,0.299,1
12490.33,12,41,90000,1,0,0.091,0
39858.0,12,26,30000,3,0,0.645,0
94203.33,12,32,75000,3,0,0.76,1
0.0,0,26,180000,2,10,0.0,0
0.0,0,32,175000,1,0,0.0,1
390.0,2,43,15000,1,0,0.013,0
121122.33,12,29,60000,1,0,1.0,0
0.0,0,43,165000,1,10,0.0,1
44146.67,12,44,250000,2,0,0.053,0
101838.0,12,34,50000,2,0,1.0,0
2757.67,6,37,40000,2,20,0.033,0
46393.33,12,30,130000,2,0,0.132,0
169570.67,12,41,250000,2,0,0.343,0
75830.67,12,52,45000,1,0,1.0,0
1414.67,12,38,180000,2,0,0.004,0
2234.0,12,34,180000,3,0,0.011,0
4567.0,8,25,50000,2,0,0.088,0
192942.67,12,36,100000,2,0,0.951,1
196228.0,12,52,245000,2,0,0.392,0
90506.33,12,40,230000,1,0,0.217,0
11820.33,6,39,10000,1,20,0.548,1
72807.67,12,35,115000,2,0,0.331,0
174732.67,12,28,85000,2,0,0.997,0
56728.33,12,63,30000,3,0,0.938,0
51145.33,12,33,45000,2,20,0.297,0
166.33,2,38,80000,1,10,0.0,0
20446.33,12,30,10000,2,20,1.0,1
0.0,4,36,250000,1,10,0.0,0
10629.33,12,42,15000,2,0,0.327,1
3074.67,10,31,85000,2,0,0.017,0
76451.33,12,44,50000,3,0,0.808,0
49312.0,12,39,25000,2,0,0.97,0
113146.67,10,28,55000,2,20,1.0,1
9511.67,10,23,10000,1,20,0.584,0
30245.33,12,26,35000,3,0,0.414,0
21407.33,12,42,155000,2,0,0.0,0
35460.33,8,28,15000,2,20,1.0,1
23490.33,12,27,15000,2,20,0.721,1
25661.67,2,36,50000,1,0,0.517,0
873.33,8,30,75000,1,0,0.001,0
52823.0,12,27,40000,2,0,0.98,0
151338.33,10,40,100000,3,20,0.794,0
19296.33,8,36,10000,2,20,0.95,1
25298.67,10,33,15000,2,0,0.797,0
14456.0,12,42,25000,3,0,0.269,0
6902.0,12,32,65000,4,0,0.025,0
150746.33,12,32,165000,1,0,0.493,0
1895.67,2,53,40000,3,0,0.071,0
13196.0,12,34,25000,1,0,0.051,0
7502.67,2,33,75000,1,0,0.07,0
1630.67,12,30,105000,2,10,0.0,0
20161.33,2,30,15000,2,30,1.0,0
6937.33,12,30,250000,1,20,0.034,0
18460.0,6,32,30000,1,20,0.527,0
751.0,10,29,10000,2,0,0.074,0
24981.33,8,23,15000,2,20,0.701,1
28151.0,12,60,60000,2,20,0.229,1
65840.33,12,37,40000,2,20,0.999,1
0.0,0,35,180000,1,0,0.0,1
13195.67,8,36,75000,2,0,0.045,0
37695.0,8,51,5000,3,0,1.0,0
169324.0,12,30,115000,3,0,0.584,0
9403.33,12,31,190000,3,0,0.01,0
5173.33,6,48,175000,1,0,0.0,0
109404.67,12,23,65000,2,0,0.876,0
16443.67,8,29,245000,1,0,0.009,0
7315.67,6,28,75000,2,0,0.082,0
260.0,2,38,170000,2,0,0.0,1
0.0,0,52,40000,1,10,0.0,0
0.0,4,36,115000,1,0,0.0,0
118370.0,12,37,80000,2,0,0.745,0
527.33,4,33,150000,2,0,0.004,0
151892.67,12,24,200000,2,0,0.441,0
390.0,12,45,40000,2,0,0.005,0
3599.67,10,45,160000,2,0,0.005,0
22658.33,8,36,155000,1,0,0.057,0
4853.0,8,32,135000,2,0,0.015,0
6256.67,10,53,140000,3,20,0.016,0
101483.67,12,31,165000,1,0,0.495,0
8432.67,8,49,25000,2,20,0.146,0
0.0,0,26,120000,1,10,0.0,1
1537.67,6,27,90000,3,0,0.022,0
232759.0,8,28,135000,1,40,0.881,1
50255.33,6,36,35000,1,20,0.715,1
213608.0,12,27,145000,1,0,0.849,0
1703.67,10,41,175000,1,0,0.0,0
280.67,10,54,105000,2,20,0.002,0
55683.33,10,47,55000,2,20,0.482,1
2516.67,8,32,150000,2,0,0.01,1
134724.33,10,38,70000,2,20,1.0,0
77178.0,10,27,40000,1,20,0.964,0
15446.0,10,42,180000,2,0,0.123,0
21607.33,12,33,105000,2,0,0.095,0
20093.67,8,22,25000,2,20,0.398,1
0.0,2,28,40000,1,10,0.0,1
63063.0,12,27,65000,3,0,0.383,0
47725.67,12,22,25000,1,0,0.982,0
683.67,6,34,40000,3,0,0.007,0
2764.33,6,35,175000,1,20,0.009,0
1742.67,8,37,165000,2,0,0.007,0
22171.67,10,23,40000,2,20,0.258,0
10466.33,12,51,140000,1,0,0.04,0
26548.33,6,49,15000,2,0,0.914,0
70906.33,12,44,100000,3,0,0.346,0
1366.33,10,26,60000,1,0,0.024,0
2468.33,2,38,25000,2,0,0.065,0
15006.33,10,31,25000,2,20,0.364,0
158214.33,10,58,150000,1,20,0.527,1
5462.33,8,30,10000,2,0,0.638,0
42881.33,12,46,25000,2,0,0.955,1
77185.33,10,44,250000,2,0,0.155,0
1513.67,8,40,65000,2,0,0.011,0
60664.0,8,28,35000,1,20,0.854,1
24857.33,10,29,35000,3,20,0.348,0
35384.33,10,27,60000,2,20,0.301,0
74900.33,12,48,170000,2,0,0.217,0
696.0,10,41,65000,1,0,0.011,1
241459.67,12,33,120000,1,0,0.996,0
30828.33,10,37,25000,2,20,0.57,0
11876.0,12,48,105000,2,0,0.057,0
20997.0,8,30,15000,2,20,0.691,1
71951.0,12,22,40000,2,0,0.959,0
46453.67,12,42,25000,3,0,1.0,0
103127.67,12,25,110000,3,0,0.426,0
12304.0,10,37,20000,2,20,0.303,0
250608.0,10,26,140000,1,20,0.878,0
116.67,0,31,45000,2,0,0.004,0
133222.67,12,39,90000,2,0,0.927,0
30437.33,12,30,25000,2,0,0.656,1
148777.67,12,27,160000,2,0,0.452,0
52457.0,12,38,35000,2,0,0.745,0
1662.67,6,36,130000,1,20,0.008,1
172015.33,12,38,180000,1,0,0.771,0
80843.0,12,38,50000,2,0,0.898,0
380.0,10,32,50000,1,0,0.004,1
135804.67,12,39,70000,2,0,0.955,0
87546.67,10,28,45000,2,20,0.928,0
56124.67,12,25,110000,1,0,0.0,0
1745.67,2,34,130000,1,0,0.02,0
354.0,2,42,130000,1,0,0.0,0
8306.67,2,24,10000,1,0,0.236,0
50033.67,12,27,25000,1,20,0.986,0
58138.67,12,23,35000,2,0,0.815,0
16508.67,8,36,85000,2,20,0.088,1
30318.0,12,22,15000,2,0,1.0,0
195677.33,12,68,100000,2,0,1.0,0
17640.0,12,39,25000,2,0,0.335,0
0.0,0,30,25000,2,10,0.0,0
60700.67,12,35,235000,2,0,0.138,0
3123.67,10,22,10000,1,0,0.385,1
291.0,10,26,25000,2,20,0.006,0
477714.0,12,56,180000,2,0,1.0,0
130.0,6,46,10000,2,10,0.0,0
4972.33,6,26,70000,1,0,0.044,0
3869.67,8,47,5000,3,0,0.286,1
20703.33,10,30,45000,1,20,0.211,0
6340.33,12,46,100000,2,0,0.004,0
827.0,12,39,195000,2,0,0.002,0
80012.67,12,25,45000,2,0,0.874,1
1311.0,10,27,65000,1,10,0.0,0
389.33,6,33,60000,2,30,0.0,1
183.0,4,35,80000,2,0,0.003,0
66910.67,10,24,35000,2,20,1.0,0
55193.0,12,60,40000,3,0,0.851,0
58972.0,12,36,125000,2,0,0.249,0
174671.0,12,37,120000,2,0,0.717,0
9403.67,12,49,25000,2,0,0.245,0
3171.67,12,23,15000,3,0,0.076,0
51867.67,12,51,25000,3,20,1.0,1
3190.33,6,24,40000,2,20,0.027,1
103513.0,4,47,65000,2,0,0.843,0
40944.0,12,23,25000,3,0,0.941,0
390.0,6,39,100000,2,20,0.0,0
99493.67,12,33,70000,3,0,1.0,0
19878.67,12,23,15000,1,0,0.613,0
13986.33,10,25,10000,1,20,0.586,0
19504.33,10,29,35000,2,20,0.262,0
19214.0,12,48,10000,3,0,0.98,0
29886.0,12,42,205000,1,0,0.067,0
390.0,10,41,125000,1,0,0.002,1
137434.67,12,27,70000,2,20,0.974,1
16621.0,12,26,45000,1,0,0.197,0
325.0,12,38,170000,1,0,0.001,0
968.67,8,28,115000,2,0,0.005,0
32729.67,10,33,40000,3,20,0.375,0
37531.0,12,42,25000,2,0,1.0,1
58726.0,12,35,30000,2,0,1.0,0
9826.0,10,24,25000,2,20,0.172,0
138660.67,12,28,105000,2,0,0.694,0
138460.33,12,27,70000,1,0,0.966,0
5354.0,8,32,10000,3,20,0.217,0
3124.0,8,48,10000,3,10,0.0,1
3284.67,4,32,115000,1,0,0.012,0
30312.0,12,27,105000,2,0,0.145,0
23424.33,12,34,10000,2,0,1.0,0
46471.33,12,24,25000,2,20,0.911,0
11213.0,10,49,15000,3,0,0.532,0
32156.67,12,36,25000,2,0,0.747,1
26809.0,8,30,75000,1,20,0.299,0
726.0,8,57,80000,2,20,0.013,0
13648.33,12,42,45000,3,0,0.16,0
18540.0,8,39,75000,2,0,0.067,0
15270.0,2,36,100000,3,0,0.229,1
170332.33,12,40,85000,1,0,1.0,0
86568.67,10,38,50000,2,20,0.849,0
14892.67,12,39,10000,3,0,0.847,0
27550.33,12,24,15000,1,0,0.919,0
24795.33,2,32,100000,1,0,0.212,0
390.0,10,46,90000,2,0,0.002,0
4029.67,6,44,80000,2,10,0.0,0
53629.33,8,31,40000,2,20,0.678,0
84465.0,10,36,35000,1,20,1.0,0
76352.33,4,44,40000,3,20,0.987,1
48497.33,12,45,25000,2,0,0.968,1
71751.33,10,58,70000,2,20,0.503,1
47564.0,10,50,45000,2,0,0.845,0
6444.33,0,27,60000,1,0,0.161,0
26841.0,12,33,40000,2,0,0.598,0
30061.33,4,43,10000,2,40,1.0,1
10847.67,2,28,10000,1,20,0.532,0
317.0,10,34,220000,2,0,0.0,0
141752.0,12,28,155000,2,0,0.344,0
0.0,4,25,40000,2,0,0.0,0
106005.67,8,28,100000,1,20,0.475,0
6045.67,8,34,150000,2,20,0.022,1
12514.33,12,35,70000,2,0,0.073,0
3397.0,12,43,115000,2,0,0.015,0
96334.0,12,38,65000,3,0,0.773,1
39509.33,4,48,20000,4,0,0.947,0
18639.33,12,23,10000,3,20,1.0,0
40461.67,12,26,45000,2,0,0.481,0
24839.33,10,41,25000,3,20,0.481,1
138155.67,12,49,110000,2,0,0.699,0
25800.33,12,64,30000,2,20,0.409,1
122037.67,12,48,120000,3,0,0.467,0
0.0,0,40,200000,2,10,0.0,0
527.33,6,30,60000,1,20,0.001,0
0.0,6,37,140000,1,10,0.0,0
1610.0,12,28,195000,2,0,0.004,0
21370.67,12,46,170000,1,0,0.028,0
6375.33,8,47,5000,2,0,0.022,1
65231.0,12,35,55000,2,0,0.438,1
62874.0,2,31,50000,2,0,0.96,0
122590.33,12,25,65000,2,0,0.921,0
224086.33,10,45,115000,2,20,0.964,0
286149.67,12,39,145000,2,20,1.0,1
18355.33,10,29,25000,1,0,0.333,0
12525.33,12,27,60000,1,0,0.112,0
6232.33,10,36,120000,1,0,0.029,1
151614.0,12,32,180000,1,0,0.463,0
73995.0,12,31,55000,3,0,0.705,0
16174.0,12,23,30000,3,0,0.388,0
0.0,2,33,65000,1,10,0.0,1
2515.67,2,31,125000,1,0,0.001,0
2436.33,12,38,205000,3,0,0.012,0
95799.67,12,53,65000,3,0,0.771,0
186365.67,8,38,100000,1,20,0.902,0
36993.0,10,25,30000,1,20,0.621,0
1800.33,12,25,10000,1,0,0.004,0
12597.0,10,37,10000,2,20,0.861,0
302410.67,10,50,190000,2,20,0.774,0
77702.0,12,47,40000,3,0,0.98,1
25140.0,12,31,80000,2,0,0.154,0
47717.0,12,23,25000,1,20,0.944,0
26705.33,8,34,25000,2,0,0.485,0
92050.33,12,34,155000,2,0,0.314,0
98063.67,8,30,65000,2,20,0.737,0
33430.0,10,33,90000,1,20,0.185,0
121926.33,12,43,65000,2,0,0.993,0
48543.0,12,35,25000,1,0,1.0,0
35312.33,10,30,75000,2,20,0.243,1
22313.33,6,25,115000,1,0,0.143,0
19335.0,10,23,10000,1,0,0.954,0
0.0,0,33,180000,1,10,0.0,1
0.0,2,31,90000,1,10,0.0,0
195339.67,12,37,140000,2,0,0.703,0
11187.67,8,23,45000,1,20,0.128,1
126999.0,10,41,105000,2,20,0.711,0
0.0,0,30,120000,1,10,0.0,1
1539.0,0,49,100000,1,0,0.024,0
48816.0,12,35,90000,1,0,0.264,0
994.67,2,44,95000,3,20,0.0,0
4441.33,12,53,25000,3,0,0.096,0
12144.0,6,23,40000,4,0,0.062,0
28789.67,12,23,25000,2,20,0.652,1
34206.67,0,29,65000,1,0,0.79,0
19882.67,10,52,15000,2,20,0.617,1
26803.0,10,28,15000,1,0,1.0,0
22464.67,10,24,25000,2,20,0.408,1
97469.0,12,41,180000,1,0,0.279,0
41530.33,12,24,40000,2,20,0.571,1
164764.33,12,33,230000,1,0,0.35,0
4811.0,12,48,100000,1,0,0.027,0
49022.33,12,22,25000,2,0,0.987,1
80516.67,12,28,185000,2,0,0.236,0
19192.67,10,42,10000,2,30,0.923,1
44572.0,12,24,25000,1,0,1.0,0
26425.67,12,54,40000,2,0,0.334,0
0.0,0,31,85000,1,10,0.0,0
7578.0,8,54,200000,1,0,0.003,0
109090.33,12,41,250000,2,0,0.263,0
5069.33,12,44,125000,3,0,0.027,1
65765.0,12,22,40000,2,0,1.0,0
89195.0,10,40,45000,2,20,0.997,0
138410.67,8,44,60000,3,40,1.0,1
5891.0,12,44,155000,2,0,0.013,0
4978.33,10,22,10000,2,0,0.677,0
2929.67,4,29,30000,2,20,0.077,0
164003.67,12,29,230000,1,0,0.372,0
4863.0,12,40,110000,2,0,0.01,0
193852.67,12,32,110000,1,0,0.926,1
17264.67,4,33,10000,2,20,0.872,0
11074.0,6,38,40000,3,20,0.078,1
5807.33,12,31,110000,1,0,0.034,0
11292.67,10,23,10000,2,0,0.524,0
48118.67,12,26,50000,2,0,0.469,0
81531.67,12,31,115000,1,0,0.355,0
162045.0,12,40,150000,2,0,0.614,0
970.67,6,24,10000,2,0,0.126,0
1802.67,10,29,80000,1,0,0.002,0
49275.33,12,27,35000,2,20,0.687,1
282420.67,12,37,120000,2,0,1.0,0
9103.67,12,25,50000,2,0,0.013,0
21027.67,12,30,110000,2,0,0.083,0
5936.33,12,42,25000,2,0,0.105,0
3855.67,2,44,40000,3,0,0.072,0
72264.67,0,28,65000,1,20,0.878,1
27057.0,8,23,15000,2,20,0.906,0
0.0,0,46,180000,2,10,0.0,1
126367.33,12,34,140000,2,0,0.451,1
44917.33,12,45,115000,1,0,0.191,0
7362.33,10,24,15000,1,0,0.102,0
36442.33,12,28,35000,2,0,0.653,1
44815.0,12,32,50000,2,0,0.438,0
44535.0,10,27,25000,2,20,1.0,1
73.67,0,26,75000,2,0,0.001,0
650.0,2,46,10000,2,0,0.039,1
8057.33,10,48,50000,3,20,0.105,1
42122.67,8,25,45000,2,20,0.464,1
36884.33,12,49,25000,3,0,0.689,0
2500.0,0,49,100000,1,20,0.012,1
27702.0,10,26,125000,2,0,0.186,0
0.0,0,32,70000,1,10,0.0,0
396.0,10,44,160000,2,0,0.001,0
20494.0,8,22,10000,2,20,1.0,1
48205.67,12,26,40000,2,0,0.584,0
66.67,8,36,150000,2,10,0.0,0
58784.0,10,38,250000,1,20,0.11,0
11541.33,12,22,15000,2,10,0.162,0
1859.0,10,47,65000,4,20,0.011,0
38553.0,10,25,20000,2,20,0.938,0
15553.67,6,22,10000,2,0,0.96,0
3831.67,12,39,235000,1,0,0.003,0
1045.67,12,42,100000,1,0,0.007,1
31523.33,12,31,25000,2,20,0.612,1
27231.67,10,36,65000,2,0,0.202,0
2122.67,10,33,50000,2,0,0.056,0
366.0,4,29,80000,1,0,0.003,0
21391.0,12,26,25000,3,0,0.483,0
109573.33,12,42,90000,1,0,0.689,0
38460.67,12,29,25000,3,0,0.957,0
63157.0,12,40,35000,3,0,0.931,0
213757.0,8,53,135000,2,20,0.784,1
140.0,8,48,105000,2,0,0.001,0
58204.33,12,43,35000,2,0,0.944,0
3631.67,8,31,80000,1,0,0.022,0
7655.67,12,27,15000,2,0,0.151,0
6447.0,12,29,125000,1,0,0.048,0
2923.67,8,51,5000,3,20,0.273,0
18274.67,6,27,25000,2,20,0.353,0
4823.67,12,38,60000,3,0,0.029,0
48956.33,12,28,25000,2,0,0.988,0
127101.67,12,36,125000,1,0,0.573,0
780.0,2,48,10000,2,20,0.02,1
19608.67,12,25,35000,2,0,0.279,0
17046.67,12,46,25000,2,0,0.053,0
126737.33,12,41,55000,2,0,1.0,0
7368.0,10,32,50000,1,20,0.071,0
109.33,6,31,10000,2,0,0.0,0
59066.0,12,25,60000,2,0,0.258,0
3365.33,8,26,25000,2,0,0.108,0
74521.67,8,29,70000,2,20,0.524,1
711.0,12,34,70000,2,0,0.005,1
189940.33,12,39,125000,1,0,0.786,0
44184.33,12,30,90000,2,0,0.243,0
36916.0,2,26,65000,2,0,0.426,0
2217.33,10,27,100000,1,0,0.012,0
67542.0,10,26,50000,1,20,0.641,0
13481.33,12,23,10000,2,0,0.794,0
34442.67,12,27,145000,3,0,0.219,0
106825.0,12,46,55000,1,0,0.965,0
1200.0,0,27,15000,2,50,0.04,0
7065.0,10,23,75000,3,0,0.042,0
2089.0,12,34,75000,2,0,0.01,0
0.0,0,25,60000,1,10,0.0,1
25383.33,12,28,140000,2,0,0.086,0
191.0,4,36,45000,2,10,0.0,0
3892.0,12,39,65000,2,0,0.084,0
27465.67,6,24,15000,2,20,0.909,1
57983.33,4,25,50000,1,0,0.918,0
20900.33,10,27,15000,1,20,0.674,1
41646.67,10,28,45000,2,0,0.506,0
100674.67,8,25,80000,2,40,0.646,0
927.67,10,51,130000,1,0,0.003,0
46157.33,12,28,25000,1,20,0.97,1
135787.33,12,27,130000,3,0,0.511,0
6195.67,12,35,110000,1,0,0.034,0
19478.33,10,22,10000,2,0,0.962,0
309277.0,4,25,150000,1,50,1.0,1
195.67,6,31,125000,1,10,0.0,0
416.0,10,30,100000,2,0,0.002,0
14705.33,6,21,10000,2,20,0.683,0
27200.33,10,25,25000,2,30,0.536,1
23556.67,12,28,50000,3,0,0.072,0
165596.0,12,37,85000,2,0,0.966,0
73291.67,12,37,60000,1,0,0.569,0
35007.33,12,38,60000,2,0,0.282,0
24648.0,12,26,25000,2,20,0.757,0
65709.33,12,28,130000,1,0,0.244,0
59710.0,8,44,30000,2,0,0.961,0
133.33,0,28,60000,2,20,0.002,1
51171.33,12,47,110000,3,0,0.175,0
34.33,0,26,100000,1,0,0.001,0
68371.0,10,45,45000,2,0,0.701,0
160324.33,12,25,155000,1,0,0.595,0
19371.0,12,34,55000,2,0,0.167,0
26006.67,12,42,70000,2,0,0.178,0
43310.0,12,51,80000,1,0,0.396,0
24537.0,8,24,40000,2,20,0.297,1
262568.33,12,36,250000,1,0,0.504,0
130972.0,12,29,65000,2,0,1.0,0
227909.67,10,44,120000,2,20,0.918,0
2400.0,0,24,25000,2,70,0.048,1
430.0,4,42,90000,1,10,0.0,0
8655.0,10,33,120000,2,0,0.008,1
135005.67,12,30,90000,2,0,0.75,0
117637.0,12,33,65000,2,0,0.884,0
8765.33,2,24,25000,1,0,0.256,1
74665.67,10,34,250000,1,20,0.308,0
172077.67,10,29,100000,2,20,0.842,0
13833.33,12,29,110000,1,0,0.086,0
23262.33,10,33,35000,2,20,0.31,0
18934.67,12,31,220000,1,0,0.049,0
102201.33,12,52,145000,4,0,1.0,0
30526.33,12,23,25000,2,0,0.619,0
102738.67,12,23,60000,2,0,0.964,0
4724.67,12,44,40000,3,0,0.006,0
165682.33,12,27,85000,2,0,0.966,0
396.0,8,41,80000,1,0,0.002,1
3494.0,10,29,140000,1,20,0.028,1
31828.33,8,47,20000,2,20,0.778,1
68529.0,12,53,40000,3,0,0.825,0
6134.0,12,40,105000,2,0,0.06,0
57420.67,8,29,30000,2,20,0.938,1
15277.0,12,40,10000,2,0,0.725,1
2377.67,10,36,115000,2,10,0.01,0
62760.33,12,50,45000,1,0,0.655,0
1007.33,12,35,85000,1,0,0.004,0
41715.67,12,22,35000,2,0,0.827,0
25642.0,8,29,25000,2,20,0.481,0
4343.67,6,48,70000,1,0,0.038,0
46763.33,12,55,25000,3,0,0.957,0
77981.0,12,45,135000,1,0,0.356,0
150268.33,10,49,85000,2,20,0.966,1
98370.0,12,27,90000,1,0,0.532,0
3025.67,12,29,40000,1,0,0.012,0
77128.67,12,37,225000,1,0,0.16,0
11572.33,10,29,200000,1,0,0.017,0
1064.33,8,35,200000,2,20,0.005,0
59113.67,12,25,30000,3,0,0.959,0
53776.67,12,25,55000,1,0,0.465,0
26178.33,12,24,30000,2,0,0.455,0
43900.67,12,37,70000,1,0,0.024,1
11340.33,12,24,10000,2,0,0.504,1
59694.0,8,30,25000,1,20,1.0,1
22129.67,10,53,15000,3,20,0.703,0
170091.67,12,26,105000,2,0,0.921,0
33832.33,10,36,25000,2,20,0.658,1
8167.0,8,30,100000,1,20,0.076,0
104332.33,12,50,60000,3,0,0.994,0
3012.33,4,29,100000,1,0,0.045,1
938.67,6,35,90000,2,0,0.01,0
987.0,10,47,220000,2,10,0.0,1
9000.33,12,22,75000,2,0,0.051,0
0.0,0,70,65000,1,10,0.0,1
11840.67,10,26,25000,2,0,0.293,0
3583.67,8,28,90000,2,20,0.041,1
71029.33,12,24,40000,2,0,0.964,0
0.0,4,29,85000,1,0,0.0,0
8296.0,6,25,75000,1,0,0.126,0
180609.33,12,35,120000,2,0,0.749,0
129942.33,10,24,70000,2,20,0.893,1
10735.67,10,50,25000,3,0,0.188,0
7120.67,10,36,10000,2,0,0.492,0
24199.0,12,38,120000,1,0,0.034,0
24991.33,12,45,15000,2,0,1.0,0
6419.33,8,29,25000,2,20,0.116,1
19176.67,10,37,10000,2,20,0.872,1
22242.33,2,50,10000,2,70,1.0,1
0.0,0,48,155000,2,0,0.0,0
10408.67,12,39,100000,2,20,0.066,0
190.33,6,48,165000,3,10,0.0,0
91720.67,12,53,50000,3,0,0.998,0
24331.67,12,35,25000,3,0,0.67,0
69741.33,12,30,60000,2,0,0.645,0
71954.33,8,42,80000,1,30,0.437,0
12530.67,12,62,85000,1,0,0.076,0
33458.67,4,27,25000,3,20,0.999,0
390.0,2,23,15000,2,0,0.013,0
147599.33,12,29,75000,1,0,0.976,0
8923.67,12,33,160000,2,0,0.05,0
32373.33,6,58,25000,2,20,0.642,0
18170.0,12,26,10000,1,0,0.918,0
19428.67,4,25,10000,2,50,1.0,1
37813.33,12,34,25000,2,0,0.908,0
1066.67,12,46,80000,3,0,0.01,0
20085.33,8,34,10000,2,0,0.986,0
39799.33,12,27,65000,2,0,0.409,1
4827.0,8,24,75000,2,10,0.0,0
17134.33,12,23,10000,2,0,0.831,0
12088.67,6,45,10000,3,20,0.529,1
5658.67,6,56,35000,3,0,0.243,0
18594.0,12,26,25000,1,0,0.36,0
48940.67,12,40,100000,2,0,0.316,0
7845.33,12,30,160000,2,0,0.012,0
520.0,0,34,25000,3,20,0.016,0
24040.33,12,25,35000,2,0,0.329,0
0.0,4,33,100000,3,0,0.0,0
171.33,12,29,125000,2,0,0.0,0
66984.67,12,25,35000,1,0,0.953,1
391.67,8,36,45000,2,0,0.008,1
21051.0,12,32,200000,1,20,0.055,0
6630.33,12,33,65000,1,0,0.02,0
53322.67,10,40,55000,1,20,0.479,0
140798.67,8,38,75000,1,20,0.927,0
9693.0,8,28,165000,1,0,0.003,0
29763.33,2,21,15000,3,20,0.944,0
33250.33,12,32,180000,1,0,0.118,0
38496.67,12,54,25000,1,0,0.975,0
27681.33,8,24,30000,2,20,0.46,1
264.0,10,27,100000,2,0,0.001,0
0.0,6,43,90000,1,0,0.0,0
65933.33,12,52,25000,3,0,0.979,0
220.0,2,38,40000,3,0,0.004,0
33242.67,8,23,25000,2,30,0.636,1
2592.0,8,30,135000,3,0,0.014,0
677.0,10,23,50000,2,0,0.007,1
147211.67,12,38,85000,2,0,0.889,0
12504.33,12,30,15000,1,0,0.334,0
106544.0,12,38,115000,2,0,0.454,0
5808.33,12,34,100000,1,0,0.037,0
87430.67,4,36,65000,1,0,0.983,1
4726.0,2,62,15000,2,0,0.373,0
39749.0,12,26,70000,2,0,0.297,0
32225.33,12,43,245000,1,0,0.053,0
3283.33,6,30,80000,2,0,0.017,0
28902.0,12,42,90000,2,0,0.155,1
239753.33,12,32,130000,2,0,0.937,0
62608.0,12,27,40000,2,0,0.921,1
4175.0,12,29,180000,1,0,0.001,1
1168.33,6,25,10000,1,0,0.132,0
13499.67,2,28,10000,1,0,0.992,0
47476.67,12,28,40000,3,0,0.949,0
22654.0,12,32,250000,1,0,0.037,0
153967.67,8,55,80000,1,0,0.951,0
13622.0,12,22,10000,1,0,0.62,0
314.67,8,36,165000,1,0,0.001,0
40100.33,12,26,40000,1,20,0.477,1
196781.33,12,40,110000,2,20,0.939,0
195232.67,10,28,115000,2,20,0.806,0
79468.0,12,25,45000,2,0,0.908,0
91583.33,4,61,150000,3,20,0.916,1
30622.67,12,45,15000,2,0,1.0,1
80663.0,10,40,40000,2,20,0.983,1
8079.67,4,27,30000,1,0,0.182,0
212722.67,12,31,180000,4,0,0.764,0
1543.0,8,27,180000,1,20,0.005,0
11258.33,8,23,15000,2,20,0.36,0
110168.33,10,50,95000,3,20,0.56,0
128743.33,12,45,65000,2,20,0.99,0
106656.67,12,34,55000,1,0,1.0,0
13878.33,10,46,175000,2,0,0.037,0
38424.0,12,52,25000,3,0,0.823,0
4205.33,10,38,65000,2,0,0.006,0
52085.67,8,29,25000,1,20,1.0,1
14003.67,10,25,25000,2,0,0.544,0
188983.67,12,31,190000,2,0,0.529,0
142013.33,12,30,130000,1,0,0.624,0
176.0,2,28,70000,2,0,0.0,0
5694.0,12,36,135000,1,0,0.013,0
29607.0,12,33,15000,2,0,1.0,0
73.33,0,35,120000,1,10,0.001,0
58891.0,12,32,35000,3,0,0.935,1
39257.67,10,50,60000,1,20,0.321,1
115213.0,10,42,80000,2,20,0.954,1
4315.0,12,36,85000,3,0,0.002,1
329010.33,12,31,190000,1,0,0.873,0
74332.0,10,26,80000,2,20,0.473,0
26614.0,6,39,15000,2,30,0.9,0
2287.0,10,40,130000,1,0,0.008,0
37566.33,10,41,35000,2,30,0.496,1
6986.0,12,39,120000,2,0,0.022,0
14600.0,12,43,85000,2,0,0.122,0
27366.33,4,36,15000,2,40,0.936,0
79602.0,8,32,45000,3,0,0.969,0
31007.33,12,25,125000,2,20,0.115,0
24603.0,12,25,135000,2,0,0.087,0
1786.67,6,24,65000,2,0,0.008,1
12841.67,12,43,180000,1,20,0.056,0
20015.0,12,35,245000,1,0,0.048,0
77737.67,12,31,55000,2,0,0.719,0
23129.33,6,27,50000,2,0,0.336,0
5203.0,8,28,100000,3,0,0.009,0
50963.33,12,24,25000,2,0,1.0,0
1524.0,2,30,110000,2,0,0.011,0
5661.33,12,41,180000,3,20,0.001,0
3466.67,2,51,10000,2,0,0.52,0
62933.33,12,44,35000,2,0,1.0,0
121863.67,12,29,90000,2,0,0.678,0
30932.67,10,32,25000,2,20,0.979,0
9665.67,12,28,70000,1,0,0.042,0
5815.67,8,47,110000,2,0,0.035,0
5876.0,6,50,75000,2,0,0.053,0
27989.33,10,33,15000,2,0,0.986,0
128371.0,4,32,150000,2,0,0.568,0
1100.0,10,36,210000,1,20,0.002,0
37952.67,10,30,40000,2,20,0.447,0
135.33,8,46,50000,3,20,0.0,0
0.0,2,25,60000,2,10,0.0,1
28895.0,12,38,115000,1,0,0.11,0
1254.67,10,28,100000,2,0,0.014,0
648.33,12,29,100000,1,0,0.002,0
66898.0,12,30,115000,3,0,0.457,0
49819.0,2,27,100000,2,0,0.659,0
12111.33,6,65,25000,3,20,0.235,1
7970.33,10,36,110000,1,0,0.076,0
91151.0,10,27,45000,3,20,1.0,1
235619.67,12,35,250000,2,0,0.414,0
713.0,0,29,65000,1,0,0.016,0
73078.33,12,37,105000,2,0,0.406,0
5313.0,12,30,100000,1,0,0.008,0
4337.33,8,24,10000,1,20,0.095,1
180673.33,12,38,205000,1,20,0.441,1
0.0,0,35,145000,1,10,0.0,0
80585.67,12,26,135000,2,0,0.312,0
18592.0,12,27,45000,1,0,0.16,1
27514.67,12,27,15000,1,0,0.871,0
9879.0,12,28,180000,1,0,0.073,0
237671.33,12,30,120000,1,0,1.0,0
166319.0,12,23,90000,2,0,1.0,0
300.0,0,24,25000,2,0,0.018,0
51041.67,12,47,25000,2,0,1.0,1
59958.67,12,30,50000,2,0,0.833,0
48116.33,12,39,25000,2,0,0.948,0
151156.33,12,48,180000,1,0,0.466,0
266743.0,10,52,275000,4,0,0.504,0
140449.67,6,39,130000,2,20,0.523,1
1166.67,2,34,250000,1,20,0.0,1
653.33,0,27,65000,1,0,0.015,0
27898.33,10,39,15000,2,0,0.957,0
0.0,0,40,80000,1,10,0.0,0
3252.67,12,40,210000,2,0,0.009,1
42646.33,10,22,25000,3,20,0.804,0
25618.33,10,36,15000,1,20,0.858,1
38310.67,12,32,25000,2,20,0.805,0
319.0,2,39,80000,1,20,0.0,1
12212.67,8,26,60000,2,30,0.1,0
44664.67,12,28,25000,1,0,0.929,0
88096.0,2,42,65000,2,0,1.0,0
122264.67,12,42,75000,1,20,0.959,1
2657.33,6,48,225000,1,20,0.012,1
52795.0,6,29,75000,1,0,0.312,0
20015.0,6,53,45000,2,0,0.334,0
80300.0,6,28,65000,1,0,0.709,0
131054.33,12,30,65000,2,20,1.0,0
75554.33,12,41,195000,2,0,0.01,0
2500.0,0,29,100000,2,40,0.012,1
21329.33,12,50,150000,2,0,0.078,0
18837.0,12,42,70000,2,0,0.136,0
2377.0,10,35,100000,1,0,0.005,0
27929.0,8,30,15000,2,0,0.901,0
30025.67,2,24,15000,3,20,0.949,0
156196.33,12,37,80000,1,0,0.956,0
44589.33,12,37,105000,2,0,0.148,0
35.67,4,51,155000,2,0,0.0,0
7130.33,8,33,200000,2,0,0.025,0
50132.0,10,35,25000,3,20,0.997,1
15545.0,10,33,40000,2,0,0.356,0
5163.33,12,33,170000,1,0,0.002,0
99668.0,12,27,70000,1,0,0.179,0
130264.33,12,39,190000,1,20,0.335,1
51517.67,8,34,25000,2,20,1.0,1
8165.0,12,35,5000,2,0,0.703,0
1644.0,6,28,15000,2,0,0.19,0
0.0,0,50,180000,1,0,0.0,1
316.0,6,47,75000,2,20,0.002,0
17826.67,10,23,25000,1,20,0.307,0
4365.67,12,42,60000,2,0,0.026,0
530.0,2,35,125000,1,0,0.003,0
14419.33,12,24,10000,1,0,0.668,1
17352.0,10,30,15000,1,20,0.507,1
130076.0,12,27,130000,1,0,0.61,0
27603.67,12,30,125000,1,0,0.086,0
2247.33,10,41,130000,2,0,0.01,0
131206.0,12,35,75000,2,0,0.855,0
7737.67,10,33,80000,2,0,0.074,0
53987.67,2,30,40000,2,0,0.998,0
40981.0,12,38,250000,1,10,0.056,0
18096.33,8,29,55000,2,20,0.192,0
74420.0,8,28,50000,1,0,0.97,0
144133.33,12,35,180000,1,0,0.283,0
833.33,2,65,165000,2,0,0.0,0
11768.33,10,32,35000,3,20,0.155,0
1664.67,6,29,70000,1,20,0.012,1
154836.33,12,31,100000,1,0,0.759,0
38852.67,12,49,25000,2,20,0.952,1
288205.67,12,56,145000,1,0,0.766,0
22036.33,10,57,15000,2,0,0.973,0
22785.0,12,31,90000,1,0,0.121,0
16791.67,6,38,15000,2,20,0.535,0
121255.67,12,47,90000,1,0,0.97,0
2688.0,12,39,120000,1,0,0.011,0
130403.0,12,27,65000,4,0,1.0,0
0.0,4,32,115000,1,10,0.0,1
339098.0,6,43,250000,1,0,1.0,1
116695.67,6,33,180000,2,10,0.549,0
51134.0,10,23,25000,2,20,1.0,1
13281.33,12,31,100000,1,0,0.019,1
196639.67,12,45,115000,3,0,0.883,0
33681.67,10,32,35000,2,60,0.45,1
40619.0,12,29,25000,2,20,0.793,1
6135.0,12,46,250000,1,0,0.021,0
104917.0,12,28,70000,2,0,0.788,1
7454.0,12,23,70000,2,0,0.003,0
110888.33,10,32,65000,2,20,0.841,1
154882.0,10,48,80000,3,20,0.959,0
6144.0,12,58,25000,3,20,0.0,0
13780.33,10,41,10000,3,20,0.661,1
124876.67,12,42,180000,2,0,0.329,0
71868.33,10,51,80000,2,20,0.423,1
1737.0,8,37,125000,1,20,0.0,0
994.33,12,25,65000,2,0,0.005,1
154282.0,6,36,95000,1,20,0.807,1
1749.67,12,25,90000,2,0,0.017,0
79107.33,12,43,40000,2,0,0.977,0
3117.67,10,40,120000,1,0,0.007,0
49135.33,12,35,25000,2,0,0.961,0
2158.33,4,50,80000,2,20,0.02,0
264.0,6,49,45000,2,0,0.003,0
34049.33,12,37,155000,2,0,0.325,0
40104.0,10,27,30000,1,20,0.651,0
28757.0,12,29,120000,1,0,0.258,0
49103.33,10,24,25000,2,20,0.928,0
30162.0,8,34,75000,1,0,0.065,0
102010.67,12,44,65000,2,20,0.768,0
11648.33,10,22,10000,1,20,0.5,0
90472.33,12,40,75000,1,0,0.824,0
84803.67,12,42,120000,1,0,0.301,0
16847.33,12,45,25000,3,0,0.598,0
43047.33,12,51,25000,3,0,0.861,0
11689.33,4,51,135000,1,0,0.074,1
11901.67,10,28,10000,2,0,0.541,0
11782.33,8,33,150000,2,0,0.039,0
87166.33,12,34,195000,1,0,0.235,0
15834.33,12,37,55000,1,20,0.132,0
75195.33,12,58,45000,2,0,0.954,0
0.0,0,30,150000,2,0,0.0,0
127263.0,12,42,225000,3,20,0.339,1
18079.67,8,30,10000,2,20,0.836,1
170.0,10,33,250000,1,10,0.0,0
39655.67,12,46,15000,2,0,1.0,0
16664.33,12,51,25000,2,20,0.302,1
55679.33,12,26,70000,2,0,0.068,0
9631.33,6,43,5000,2,40,0.826,1
291.33,4,37,60000,2,0,0.007,0
29763.67,8,30,15000,2,40,1.0,0
28465.0,8,22,15000,2,20,0.935,0
18142.33,6,33,10000,1,20,0.899,0
2287.0,8,36,5000,3,20,0.652,0
94504.0,12,35,55000,2,0,1.0,1
2521.33,10,29,140000,1,0,0.009,0
592045.33,12,42,250000,1,0,1.0,0
32306.0,4,46,25000,3,50,0.662,1
1733.33,4,30,115000,2,0,0.023,0
493.0,12,53,25000,2,0,0.01,0
25811.0,10,24,60000,2,20,0.128,0
27345.33,12,26,15000,2,0,0.877,0
229382.67,10,28,165000,2,20,0.682,0
10142.33,10,30,180000,2,0,0.018,0
7562.67,8,26,20000,1,20,0.165,0
106768.33,12,29,55000,1,20,0.967,1
6166.0,8,39,20000,3,0,0.199,0
36851.67,12,30,35000,2,20,0.607,0
103652.67,12,26,50000,3,20,1.0,1
0.0,0,50,105000,2,10,0.0,0
364.0,8,38,180000,2,20,0.002,0
150669.0,12,27,130000,2,0,0.581,0
603.33,6,34,100000,1,0,0.002,0
2337.67,12,43,80000,1,0,0.001,1
103335.33,12,29,210000,2,0,0.134,0
86186.0,10,28,70000,1,20,0.62,1
144159.33,8,38,90000,1,0,0.786,1
141176.67,10,39,75000,3,20,1.0,0
23535.33,10,35,15000,2,20,0.74,0
10965.0,12,34,250000,1,0,0.016,0
193890.0,12,45,120000,2,0,0.991,0
13439.67,10,22,15000,1,20,0.098,0
49281.67,10,28,40000,2,20,0.599,0
0.0,0,34,40000,2,0,0.0,0
68399.67,12,39,155000,1,10,0.537,0
99970.67,12,33,90000,1,0,0.522,0
59404.33,12,23,30000,2,0,1.0,1
99.33,6,33,85000,2,0,0.002,0
155522.33,12,31,90000,2,0,0.964,0
177839.67,10,28,90000,2,0,1.0,1
3694.33,10,42,175000,2,0,0.003,0
11631.0,10,36,180000,2,0,0.056,0
136828.0,12,46,70000,2,0,0.956,1
115408.33,12,30,155000,3,0,0.381,0
23843.67,10,25,15000,3,20,0.761,0
8578.67,10,32,100000,1,20,0.027,1
744.0,8,37,60000,1,20,0.006,1
26308.33,12,45,130000,1,0,0.083,0
31433.0,12,32,30000,1,0,0.519,0
11789.0,12,24,25000,2,0,0.217,0
43333.33,10,28,40000,1,20,0.599,0
60991.33,10,46,30000,1,20,1.0,0
105365.0,10,27,100000,3,40,0.522,0
0.0,0,28,70000,1,10,0.0,0
27446.33,8,25,15000,2,0,0.878,1
46948.33,8,34,55000,2,20,0.398,0
5170.67,12,39,45000,3,0,0.081,0
150.0,4,27,20000,1,10,0.0,0
2007.0,8,29,55000,1,0,0.03,0
84955.33,12,30,320000,1,0,0.182,0
12965.0,8,51,10000,3,0,0.498,0
45797.33,12,36,25000,2,0,0.892,0
20145.67,8,25,15000,2,20,1.0,0
136543.67,12,32,70000,2,0,0.975,0
8752.0,12,36,35000,2,10,0.0,0
23190.67,12,42,40000,2,0,0.299,1
0.0,6,31,50000,1,0,0.0,0
30808.33,12,40,90000,3,0,0.368,0
38468.33,12,28,25000,2,0,0.967,0
89.0,2,35,85000,1,0,0.003,1
44641.67,8,23,25000,3,20,0.846,1
124323.67,12,28,70000,1,0,0.969,1
75599.0,12,29,50000,1,20,0.744,1
9053.67,12,36,5000,2,0,0.859,0
0.0,0,22,25000,2,10,0.0,0
27895.33,10,24,15000,2,20,0.892,1
18789.67,8,27,40000,2,0,0.327,0
247419.33,12,29,145000,2,0,0.91,0
8739.0,10,27,55000,1,0,0.074,0
22386.67,6,24,15000,3,30,0.768,0
41163.33,12,23,35000,2,0,0.62,0
281260.0,12,26,150000,1,0,0.926,0
25442.33,10,47,15000,2,20,0.814,1
0.0,4,36,100000,1,0,0.0,0
83758.67,12,27,65000,2,0,0.628,1
0.0,0,25,40000,1,0,0.0,0
61175.0,12,37,25000,2,0,1.0,0
32817.0,12,30,155000,1,0,0.108,0
4142.67,4,31,80000,2,0,0.073,0
198432.0,12,30,120000,2,0,0.949,0
17942.67,12,36,50000,2,0,0.212,0
89580.67,12,27,100000,4,0,0.494,0
37697.0,12,38,25000,1,0,0.924,0
265250.67,12,45,160000,3,0,0.939,0
48239.0,12,37,30000,1,0,0.966,0
37326.0,10,43,30000,2,0,0.98,0
37268.0,12,42,25000,2,0,0.922,1
0.0,0,41,180000,2,10,0.0,1
59564.33,12,32,30000,2,0,1.0,0
87182.0,12,28,105000,2,0,0.01,0
20506.67,10,39,10000,2,20,1.0,1
37837.33,12,40,50000,2,0,0.102,0
21578.67,8,32,100000,1,0,0.238,0
8429.33,12,28,90000,2,0,0.003,0
59873.33,12,50,35000,1,0,0.919,1
85303.67,12,48,85000,2,0,0.489,0
67884.67,10,36,40000,1,0,0.862,0
6808.33,12,41,200000,1,0,0.0,0
110852.67,12,40,70000,2,0,0.988,0
16090.33,6,57,30000,3,0,0.348,0
338849.0,12,44,180000,1,0,0.927,0
48176.33,12,43,120000,2,0,0.202,0
51910.0,10,27,40000,2,20,0.713,0
118645.0,12,39,135000,2,0,0.43,0
23312.67,8,39,15000,3,20,0.688,0
57614.67,12,58,240000,1,0,0.051,1
322.0,10,50,80000,2,0,0.002,0
53386.0,12,34,90000,2,20,0.285,1
0.0,0,29,150000,1,10,0.0,1
190924.33,12,31,100000,1,0,0.96,0
38602.33,12,30,25000,2,0,0.75,0
17673.0,12,39,160000,3,0,0.01,0
27831.33,12,35,15000,1,20,0.923,1
6662.33,12,38,250000,1,0,0.002,0
9387.67,12,40,180000,1,20,0.06,0
14312.33,12,53,25000,2,20,0.277,1
63065.0,12,29,40000,1,20,0.77,0
6382.0,12,23,5000,2,0,0.532,0
232431.0,12,23,140000,1,0,0.938,0
4398.33,12,31,150000,2,0,0.013,0
217889.33,12,34,140000,1,0,0.832,0
139192.0,12,42,85000,2,0,0.97,0
90346.0,12,36,130000,1,0,0.34,0
187.67,10,44,180000,2,10,0.0,0
8279.0,12,31,180000,2,0,0.027,0
180597.33,12,38,100000,3,0,0.908,0
22554.0,12,28,25000,1,0,0.43,0
390.0,10,45,65000,3,20,0.0,0
19891.33,10,32,10000,2,20,0.973,1
12166.67,10,52,25000,3,20,0.458,1
2478.67,10,30,95000,1,0,0.037,0
11576.0,12,36,70000,2,0,0.006,0
36959.67,10,40,35000,2,0,0.991,0
5149.0,0,36,75000,1,0,0.103,0
131150.67,12,29,70000,2,0,0.918,0
48167.67,12,27,25000,2,20,0.968,1
2359.67,12,55,175000,1,0,0.01,0
35539.33,10,53,40000,2,30,0.445,1
5.0,8,34,200000,1,10,0.0,0
61705.33,12,38,85000,1,0,0.422,0
9152.67,10,47,10000,2,20,0.466,0
16176.67,8,40,225000,1,20,0.051,0
5.0,8,36,100000,3,10,0.0,0
2317.33,12,36,100000,1,0,0.012,0
0.0,0,53,50000,3,10,0.0,1
15694.33,12,39,30000,2,0,0.235,0
16345.0,12,37,115000,2,0,0.071,0
23880.0,12,29,115000,2,0,0.107,0
3266.0,12,46,30000,2,0,0.051,0
1840.0,6,34,80000,1,10,0.034,0
159.67,8,34,155000,1,0,0.002,1
26581.33,12,30,215000,1,0,0.073,0
40.0,2,47,120000,1,10,0.0,0
41260.67,12,29,30000,2,0,0.901,0
25657.67,6,28,15000,2,0,0.868,0
375.0,10,30,90000,2,0,0.002,1
17601.0,6,24,10000,2,30,0.835,0
15908.33,10,24,15000,1,20,0.534,1
7976.0,12,55,160000,2,0,0.037,0
366.67,10,32,250000,2,0,0.001,1
0.0,0,47,85000,2,0,0.0,0
20791.0,10,24,10000,2,0,1.0,0
61514.0,12,29,180000,1,0,0.205,0
27882.33,8,24,45000,1,20,0.34,0
520.0,10,40,50000,1,0,0.004,0
0.0,0,37,50000,1,10,0.0,0
0.0,4,38,85000,1,0,0.0,0
52627.0,10,32,50000,2,20,0.503,0
1906.67,6,27,10000,1,20,0.088,0
3476.33,12,32,110000,2,0,0.007,0
12981.33,12,31,235000,1,0,0.049,0
10957.67,8,24,50000,2,0,0.134,0
4660.33,8,23,5000,2,0,0.15,0
4510.0,8,29,115000,1,0,0.011,0
32029.67,12,28,25000,1,20,0.627,0
48821.67,12,30,25000,3,0,1.0,1
116862.33,12,30,60000,2,0,0.974,0
5721.0,10,33,80000,1,0,0.015,1
880.0,12,27,60000,1,0,0.007,0
26736.0,12,21,15000,2,0,0.892,0
33.33,0,29,90000,1,0,0.001,0
29289.33,12,23,15000,1,0,1.0,0
4990.0,6,40,100000,1,0,0.016,0
15347.67,12,33,5000,2,0,0.766,0
25589.0,12,39,115000,2,0,0.153,0
128470.33,12,53,100000,3,0,0.63,0
46421.67,10,46,55000,2,20,0.409,1
13009.0,12,40,25000,2,0,0.37,0
35619.67,12,23,25000,1,0,0.97,0
36257.33,12,43,110000,1,0,0.035,0
23345.0,12,43,250000,1,20,0.028,0
93152.67,12,43,70000,1,0,0.714,0
3952.67,10,30,25000,1,20,0.06,0
8259.0,12,24,25000,2,0,0.145,0
111652.0,12,32,75000,1,0,0.779,0
145164.0,12,35,75000,1,20,0.956,0
191763.0,12,43,120000,3,0,0.798,0
2400.0,0,31,90000,1,70,0.013,0
9213.33,12,44,120000,2,0,0.023,0
139103.33,10,27,75000,1,20,0.92,0
379.0,6,41,130000,3,0,0.004,0
430.0,12,34,80000,1,0,0.003,0
62017.33,12,39,145000,2,0,0.201,0
118166.33,12,48,120000,1,0,0.484,0
24416.67,8,56,25000,2,20,0.643,0
1935.0,12,46,85000,3,0,0.001,0
142378.67,12,46,65000,1,0,1.0,1
0.0,2,27,40000,1,10,0.0,0
28451.67,6,45,15000,1,0,0.968,0
92652.33,12,40,50000,3,0,0.978,0
9003.33,12,23,5000,2,20,0.864,0
1287.67,12,30,160000,1,0,0.0,0
33045.67,2,36,25000,2,0,0.972,0
33061.67,4,29,40000,1,20,0.617,1
24228.67,12,26,35000,2,0,0.334,1
12780.67,12,28,350000,2,0,0.023,0
24288.33,12,26,180000,1,0,0.02,0
172938.67,12,30,190000,1,0,0.506,0
41198.0,12,40,25000,2,0,0.856,0
13872.33,4,45,10000,2,20,1.0,1
294086.0,12,33,175000,1,0,0.9,1
2687.0,6,29,40000,1,10,0.0,1
134566.67,12,35,75000,3,20,0.901,1
71216.67,12,35,150000,1,0,0.158,0
291644.67,12,39,200000,2,0,0.998,0
243607.33,12,35,125000,2,0,0.972,0
47913.67,12,23,25000,1,0,0.981,1
23805.67,12,44,115000,3,0,0.238,0
45226.33,10,27,50000,2,20,0.439,0
3512.0,8,34,190000,2,20,0.012,0
285805.33,12,28,130000,2,0,0.968,0
80704.33,12,31,235000,2,0,0.168,0
48123.67,12,29,40000,2,0,0.601,0
64363.67,12,36,70000,1,0,0.53,1
65423.33,8,45,70000,1,20,0.46,1
48786.67,8,36,25000,2,20,1.0,1
14169.33,12,37,90000,2,0,0.082,1
15688.33,6,23,15000,2,40,0.528,1
20475.67,10,22,15000,2,30,0.627,1
31165.33,12,25,25000,1,0,0.61,1
37148.67,8,35,125000,1,20,0.182,0
75266.67,12,25,155000,2,0,0.126,0
130.0,10,51,180000,2,10,0.0,0
46324.33,10,31,25000,2,0,0.973,0
37792.67,12,30,240000,1,0,0.158,0
1118.0,12,24,25000,1,0,0.026,0
0.0,6,37,80000,2,10,0.0,0
5625.0,10,30,70000,1,0,0.036,0
746.33,12,27,155000,1,0,0.003,0
4394.33,12,27,15000,1,0,0.261,0
11682.67,10,27,20000,2,20,0.283,0
79057.67,12,55,40000,3,0,0.997,0
26153.0,12,41,15000,2,0,0.839,0
20645.33,12,26,100000,2,0,0.291,0
99818.67,12,42,135000,3,20,0.396,0
151262.67,12,32,90000,1,0,0.858,0
190.67,12,34,90000,2,0,0.001,0
5802.67,4,21,5000,3,20,0.48,0
360.0,12,48,60000,1,0,0.003,1
25972.0,12,36,15000,1,20,0.827,1
2693.67,8,30,150000,1,10,0.0,0
6022.0,10,61,25000,3,20,0.1,0
0.0,4,58,75000,3,20,0.0,0
565.0,10,36,150000,2,20,0.003,0
42317.67,12,26,25000,2,0,0.961,0
9110.33,12,34,5000,2,0,0.81,0
188.0,12,35,130000,2,0,0.001,0
267564.67,8,28,200000,1,20,0.016,0
19247.33,12,39,25000,2,0,0.525,0
50895.33,10,22,25000,2,20,1.0,0
5169.67,12,28,140000,1,0,0.013,0
9156.67,12,22,5000,2,0,1.0,0
72428.0,10,32,40000,2,20,0.915,0
759.33,8,52,75000,3,0,0.001,0
18256.33,6,53,10000,2,40,0.92,0
0.0,0,24,25000,2,10,0.0,1
281.0,6,31,85000,1,10,0.0,0
71199.0,12,33,65000,2,0,0.612,0
4538.67,6,29,25000,2,0,0.026,0
12761.33,10,27,25000,3,20,0.36,0
95432.0,12,40,90000,2,0,0.705,1
13268.67,8,50,10000,2,20,0.526,0
49528.0,12,29,205000,1,0,0.131,0
27813.33,12,26,25000,2,0,0.534,0
7800.0,12,47,135000,2,0,0.031,0
2713.0,10,24,40000,1,0,0.049,0
124701.0,12,48,70000,3,0,0.928,0
40967.33,8,29,30000,2,20,0.676,1
206358.67,10,26,90000,1,20,1.0,0
530.67,2,34,160000,1,0,0.0,0
6105.67,8,26,20000,2,30,0.144,1
56255.0,12,32,190000,1,0,0.11,0
133641.33,10,36,75000,2,40,0.84,0
57803.67,12,25,55000,1,0,0.578,0
86437.67,12,26,55000,1,0,0.994,0
44311.0,12,26,50000,3,0,0.458,0
22821.33,12,35,120000,1,0,0.05,0
28990.67,12,25,25000,2,0,0.617,0
25254.67,10,38,25000,1,0,0.543,0
176276.67,10,29,100000,2,20,1.0,0
9959.33,8,27,40000,1,20,0.001,0
32005.67,12,49,20000,3,20,0.862,1
24.0,6,29,125000,2,10,0.0,0
70567.0,12,24,115000,1,0,0.301,0
7640.67,10,26,15000,1,20,0.25,1
71124.33,12,52,40000,3,0,0.913,1
11307.67,6,37,50000,1,0,0.017,0
31267.0,12,28,115000,2,0,0.236,0
9792.33,12,50,245000,1,0,0.036,1
24702.0,10,44,15000,3,20,0.835,1
34231.0,10,49,20000,3,0,0.855,0
611.67,2,34,225000,1,0,0.0,1
35030.33,12,23,25000,2,20,0.971,1
18671.67,6,26,10000,2,40,0.964,0
113164.0,12,36,130000,3,0,0.454,0
223.33,6,28,5000,2,20,0.02,0
0.0,8,38,250000,1,0,0.0,0
34264.67,12,25,35000,2,0,0.495,0
3492.67,12,28,50000,3,0,0.032,0
204.67,2,30,25000,3,0,0.0,0
0.0,0,33,200000,1,0,0.0,1
41835.33,12,49,135000,2,0,0.012,0
3953.0,12,38,130000,1,0,0.015,0
63029.0,12,32,125000,2,0,0.29,0
18655.0,12,30,180000,1,0,0.078,0
112333.67,12,30,115000,2,0,0.522,0
70789.33,12,27,55000,2,0,0.767,0
304.67,12,32,25000,2,0,0.006,0
42392.33,10,38,40000,1,20,0.493,0
5715.67,12,32,5000,2,0,0.47,1
6824.67,0,52,10000,3,20,0.524,1
2560.33,10,33,100000,3,0,0.004,0
90946.0,12,40,90000,1,0,0.52,0
105475.67,12,69,60000,3,0,0.89,0
7220.0,10,47,40000,2,0,0.083,1
4751.33,12,50,110000,1,0,0.016,0
9536.67,6,32,180000,1,0,0.023,0
31686.0,12,25,25000,1,0,0.992,0
22561.0,12,31,75000,2,0,0.156,0
68484.0,12,27,35000,2,0,0.967,0
9846.67,6,25,10000,1,30,0.424,1
0.0,0,32,75000,1,10,0.0,1
0.0,0,35,20000,2,10,0.0,0
138989.33,12,27,85000,1,20,0.783,0
48020.0,8,37,110000,2,20,0.219,0
109615.0,4,41,55000,2,0,0.99,1
29549.0,12,47,15000,2,0,0.973,0
193209.0,12,32,115000,1,0,0.85,0
7220.33,12,38,135000,2,0,0.042,0
290763.0,10,47,180000,1,30,0.809,1
174882.0,12,25,90000,2,20,0.94,0
2736.33,2,49,180000,2,10,0.0,1
250154.67,12,47,140000,1,0,0.961,0
56480.67,12,63,85000,1,0,0.323,0
44863.67,12,33,25000,2,0,0.962,0
433.33,10,44,80000,3,0,0.002,0
0.0,2,42,80000,1,0,0.0,0
152778.0,12,24,80000,3,0,0.959,0
61640.33,12,27,25000,2,20,1.0,0
39133.33,12,49,25000,2,20,1.0,0
67977.0,8,30,90000,2,0,0.563,0
0.0,0,38,105000,1,0,0.0,0
14032.33,0,40,10000,2,20,1.0,0
2729.33,10,29,285000,1,0,0.007,0
2333.0,12,27,140000,1,0,0.02,0
44253.0,10,24,25000,2,20,0.989,1
17300.67,10,46,10000,2,20,0.831,1
10788.33,8,28,15000,1,20,0.309,1
223747.67,12,37,120000,1,0,0.929,0
26727.67,10,47,15000,1,20,0.856,0
28680.67,12,47,45000,2,0,0.316,0
43045.33,12,25,30000,2,0,0.943,0
138337.33,10,34,250000,1,0,0.407,0
68248.0,12,34,35000,2,0,0.957,1
31973.67,8,27,70000,2,20,0.215,0
31329.33,6,32,15000,2,30,1.0,0
80724.33,12,55,70000,2,0,0.559,0
0.0,0,44,145000,1,0,0.0,0
0.0,0,36,180000,1,0,0.0,0
29386.67,10,34,15000,1,20,0.972,0
756.67,8,33,85000,2,0,0.011,0
2299.33,10,46,145000,1,0,0.007,0
1524.0,12,53,135000,2,10,0.003,0
707.0,10,49,100000,1,0,0.007,1
316.0,12,45,70000,1,0,0.002,0
1876.0,12,39,115000,3,0,0.008,0
52341.33,12,26,40000,1,0,0.961,0
232458.0,12,36,175000,2,0,0.659,0
47639.67,12,42,25000,3,0,1.0,0
50222.33,12,32,25000,3,0,1.0,0
0.0,2,45,195000,2,10,0.0,1
100.0,4,25,40000,1,10,0.0,0
63154.33,12,23,75000,2,0,0.183,0
9176.0,10,23,5000,2,20,0.811,0
93499.67,10,31,50000,2,20,0.977,0
64249.67,12,41,155000,1,0,0.157,0
33579.0,12,31,40000,1,0,0.581,0
390.0,2,46,20000,1,20,0.02,1
1051.0,4,43,90000,2,0,0.006,0
7377.33,2,60,50000,1,30,0.083,0
503.0,10,31,70000,1,0,0.008,0
396.0,12,27,115000,2,0,0.002,0
11107.33,8,24,10000,2,20,0.512,1
23801.33,12,55,45000,3,0,0.26,0
37644.33,12,29,25000,1,0,0.326,0
22571.33,12,39,25000,2,0,0.444,0
48484.33,12,51,25000,2,0,0.939,0
9760.0,10,28,100000,1,0,0.067,0
19604.0,8,23,10000,1,30,0.934,1
11275.67,12,46,200000,1,0,0.027,0
18442.67,12,38,10000,2,0,0.888,0
0.0,2,36,20000,2,10,0.0,0
136495.33,12,28,120000,1,0,0.559,0
16866.67,12,37,120000,1,0,0.021,0
61507.33,12,38,40000,2,0,0.882,0
121789.0,12,37,90000,1,0,0.676,0
5196.33,10,22,10000,1,20,0.199,1
19087.67,12,44,10000,3,0,0.923,0
4162.33,4,41,10000,2,0,0.48,0
3802.33,12,25,180000,2,0,0.003,0
7673.0,12,31,65000,2,0,0.048,0
2400.0,0,47,15000,1,80,0.08,1
7661.0,8,33,55000,2,20,0.071,0
32294.0,2,46,15000,3,60,1.0,0
27776.0,12,26,40000,1,0,0.367,1
153798.0,8,31,175000,3,0,0.413,0
0.0,0,24,25000,2,10,0.0,0
82658.33,12,23,55000,1,0,0.763,0
259.67,12,32,90000,2,0,0.001,0
312170.0,12,32,220000,4,0,0.737,0
93031.0,10,42,50000,1,0,0.911,0
9278.33,12,33,100000,1,0,0.027,0
134907.0,12,39,70000,2,0,0.941,0
1228.33,10,31,115000,1,10,0.0,1
520.0,12,44,5000,2,0,0.039,1
170234.67,12,35,140000,2,0,0.657,0
2903.67,12,42,155000,2,0,0.009,1
37673.0,12,33,130000,4,0,0.012,0
12992.0,8,29,135000,1,0,0.144,0
39190.33,12,23,25000,1,0,0.979,0
1135.0,12,46,225000,1,0,0.003,0
1072.0,8,54,95000,3,10,0.0,0
36520.67,12,28,145000,1,0,0.147,0
39205.33,12,60,240000,1,0,0.028,0
17193.0,12,34,180000,4,0,0.085,0
9347.0,12,32,190000,1,0,0.001,0
10378.67,12,24,10000,3,0,0.462,1
39489.0,12,52,25000,3,0,0.789,0
455691.67,12,34,225000,1,0,1.0,0
44322.33,10,24,25000,2,20,0.966,1
101547.67,12,34,190000,1,0,0.279,0
1101.33,12,34,75000,3,0,0.01,0
19882.0,12,23,25000,2,0,0.425,0
286.0,2,33,75000,1,10,0.0,0
31951.33,12,43,25000,3,0,0.784,0
36447.33,12,24,25000,2,0,0.694,0
1247.0,2,26,115000,1,0,0.016,1
6665.0,2,32,155000,1,0,0.044,0
6310.33,12,34,155000,2,0,0.012,0
49681.67,12,50,25000,2,0,1.0,0
0.0,0,32,120000,2,10,0.0,0
1246.67,12,26,200000,1,0,0.003,0
9646.0,2,47,45000,2,0,0.192,0
11788.67,10,43,25000,3,20,0.208,0
154445.67,12,30,125000,1,0,0.625,0
60565.33,12,44,100000,1,20,0.333,0
9772.67,6,37,5000,3,0,1.0,0
35313.67,12,36,155000,2,0,0.106,0
12116.33,6,46,170000,3,10,0.0,1
138809.67,12,34,110000,2,0,0.657,0
139861.33,12,36,250000,1,0,0.303,0
54379.33,12,41,40000,2,0,0.657,0
109602.33,10,36,100000,1,0,0.517,0
56054.0,12,36,135000,2,0,0.268,0
40349.0,12,29,50000,2,20,0.424,1
99898.67,6,29,50000,2,30,0.997,1
0.0,0,25,25000,1,0,0.0,0
525.33,6,33,130000,3,10,0.0,0
787.67,10,24,50000,2,0,0.004,0
99.33,0,31,120000,3,0,0.001,0
17311.67,12,28,25000,3,20,0.29,1
73829.67,8,54,25000,2,0,1.0,0
34227.0,12,44,100000,1,0,0.173,0
89235.0,12,36,75000,2,20,0.576,1
16818.67,12,41,75000,2,0,0.129,0
35821.33,12,40,25000,2,0,1.0,0
66418.0,12,27,50000,1,0,0.702,0
732.67,10,25,15000,1,20,0.0,0
87038.67,12,31,175000,1,0,0.276,0
8641.67,0,50,25000,2,0,0.518,0
19798.0,12,34,25000,2,20,0.408,0
5501.33,12,43,125000,1,0,0.009,0
6400.67,12,24,150000,3,0,0.025,1
863.33,12,22,40000,2,0,0.023,0
14785.33,8,45,15000,2,20,0.476,1
15779.0,4,29,185000,3,0,0.077,0
8430.67,12,43,25000,2,0,0.164,0
22547.33,12,22,15000,1,20,0.749,0
25448.67,12,26,100000,2,0,0.131,0
2486.67,10,48,115000,3,10,0.0,0
70290.0,12,29,145000,2,0,0.237,0
0.0,2,39,50000,2,0,0.0,0
40420.33,10,26,40000,1,20,0.5,0
44301.67,12,39,45000,2,0,0.508,1
38622.33,12,37,45000,1,0,0.445,0
19764.33,8,26,40000,2,0,0.192,0
1038.67,10,39,130000,1,20,0.006,0
46131.0,12,34,105000,1,0,0.214,0
27916.67,10,26,40000,2,20,0.343,1
20744.33,12,25,85000,2,0,0.026,0
172947.0,12,38,120000,1,0,0.699,0
2442.67,4,32,75000,1,10,0.0,0
16666.67,2,28,110000,1,0,0.114,0
45522.67,12,27,40000,1,0,0.533,0
154452.33,12,41,80000,1,0,0.972,0
138519.67,12,37,70000,2,0,0.976,0
0.0,0,25,65000,2,0,0.0,0
98403.33,12,34,140000,1,0,0.34,0
34681.67,4,28,100000,1,20,0.022,0
27689.33,12,36,25000,2,0,0.529,1
41621.67,12,44,75000,2,0,0.263,0
5330.33,0,36,105000,1,0,0.076,0
158.67,0,39,95000,1,10,0.0,1
125784.33,10,28,70000,1,20,0.883,0
1041.33,12,41,80000,3,0,0.015,0
146870.0,12,39,90000,1,0,0.988,1
8322.0,12,22,10000,1,0,0.496,0
21994.33,12,37,25000,2,0,0.466,0
0.0,2,34,75000,1,10,0.0,0
117299.0,12,33,105000,3,0,0.607,0
138177.33,12,43,250000,2,0,0.75,0
26882.33,12,22,35000,2,0,0.355,0
11339.0,6,27,50000,1,20,0.176,1
16990.0,12,27,10000,2,0,0.785,0
15371.0,10,23,10000,2,20,0.699,0
47943.33,12,25,25000,2,20,0.96,1
65906.67,12,27,170000,3,20,0.086,0
3257.33,8,29,65000,1,20,0.075,0
104558.33,12,53,160000,2,0,0.027,0
237950.67,2,41,110000,1,70,1.0,1
39089.33,12,24,25000,3,0,0.97,1
40358.67,10,25,75000,1,20,0.263,0
23449.33,12,29,250000,1,0,0.041,0
15718.67,12,29,110000,1,0,0.061,0
21471.0,12,24,35000,1,0,0.401,0
24527.0,8,24,35000,2,0,0.392,0
0.0,8,26,180000,1,0,0.0,0
55331.0,12,30,50000,1,20,0.537,0
0.0,0,30,180000,3,10,0.0,1
9892.0,12,29,105000,2,0,0.067,0
30751.67,12,34,25000,2,20,0.753,0
28984.67,12,25,25000,1,0,0.69,0
124806.67,12,30,200000,1,0,0.35,0
33761.67,2,36,145000,1,0,0.172,0
56199.67,12,39,160000,2,0,0.12,0
18514.67,12,24,10000,2,20,0.88,1
234931.67,12,51,250000,1,0,0.45,0
39141.33,8,40,145000,1,20,0.219,0
41222.0,12,38,25000,1,0,0.941,0
50474.67,12,60,25000,1,0,1.0,0
19484.33,8,53,195000,3,0,0.007,0
1573.0,4,27,45000,1,0,0.008,1
13835.0,10,53,25000,3,20,0.404,0
46076.0,12,28,115000,1,0,0.224,1
45193.0,10,37,35000,2,20,0.632,1
49600.67,10,36,180000,2,20,0.176,0
9961.33,12,31,150000,2,0,0.036,0
7270.0,12,51,25000,3,0,0.114,1
3198.33,8,26,40000,3,20,0.062,1
8854.67,12,50,5000,2,20,0.942,0
6624.0,12,28,5000,2,20,0.524,0
1341.33,10,29,70000,2,0,0.005,0
9276.0,12,50,50000,2,0,0.239,0
9502.67,12,42,15000,3,0,0.273,1
630.67,12,49,140000,1,0,0.002,0
6265.33,8,25,40000,1,20,0.075,1
21135.0,8,59,15000,2,0,0.668,0
0.0,4,64,195000,1,10,0.0,1
757.67,0,49,5000,3,20,0.141,1
1521.0,10,49,35000,1,0,0.018,1
6540.0,10,37,80000,2,0,0.075,0
16152.33,8,51,40000,2,20,0.198,0
24647.67,10,24,15000,2,20,0.763,1
6731.33,8,40,100000,2,0,0.036,0
514.33,8,24,30000,1,0,0.014,1
37857.0,10,36,110000,1,0,0.257,0
27597.33,12,41,15000,1,0,0.883,0
15025.33,8,33,30000,1,20,0.187,1
29526.33,8,23,15000,2,30,0.97,1
102744.67,10,36,90000,1,20,0.786,0
6967.0,12,34,215000,1,0,0.012,0
0.0,0,28,95000,2,0,0.0,1
17180.67,12,39,10000,3,0,0.949,0
10130.0,12,48,75000,1,0,0.045,0
131748.67,12,61,70000,2,0,0.943,0
7515.33,12,40,100000,1,20,0.015,0
0.0,6,35,120000,1,0,0.0,0
29066.33,10,33,25000,2,20,0.858,0
26419.67,10,37,25000,2,20,0.496,1
243738.67,12,34,235000,2,0,0.527,0
99657.0,12,37,45000,2,20,1.0,0
5510.33,12,45,210000,1,10,0.0,0
15694.0,12,32,215000,2,20,0.0,0
33284.0,12,27,75000,4,0,0.081,0
9963.33,12,35,225000,1,0,0.014,0
3443.0,6,41,110000,2,20,0.03,0
244595.33,12,35,75000,1,0,1.0,0
2439.33,12,31,60000,1,0,0.02,0
2464.67,6,32,40000,1,0,0.011,0
55590.33,6,32,115000,2,20,0.321,0
25585.33,0,24,20000,3,80,0.648,0
133.33,4,66,150000,2,20,0.0,0
7352.67,12,51,180000,2,0,0.053,0
8140.0,6,22,25000,1,20,0.176,1
1145.67,2,33,100000,1,0,0.018,0
162950.0,10,38,85000,2,0,0.925,0
61193.67,12,56,50000,3,0,0.7,0
18472.67,10,21,10000,1,0,0.869,0
3486.0,10,24,10000,3,0,0.074,0
169383.33,12,36,105000,2,0,0.227,0
50114.67,12,29,25000,2,0,0.996,0
40522.0,12,42,25000,2,0,0.954,0
114990.67,12,26,60000,2,0,0.957,1
38732.67,10,52,40000,3,30,0.458,1
760.0,6,29,95000,1,20,0.0,1
0.0,0,31,90000,1,10,0.0,1
1728.67,12,29,90000,1,0,0.006,1
46356.33,10,26,55000,2,20,0.424,0
35592.33,2,35,110000,1,0,0.243,0
4576.0,12,22,40000,2,0,0.032,0
8118.33,6,40,100000,1,0,0.078,0
37716.0,8,51,30000,1,30,0.594,1
0.0,0,42,250000,1,10,0.0,1
13172.0,12,33,150000,1,0,0.114,0
136583.67,12,30,75000,1,20,1.0,1
11160.67,8,24,45000,2,20,0.146,0
1473.0,12,44,120000,1,0,0.006,1
130472.0,12,45,95000,2,0,0.756,0
0.0,0,37,40000,1,10,0.0,0
38080.67,12,37,250000,2,0,0.103,0
26113.67,12,42,180000,1,0,0.127,0
22409.0,12,24,30000,3,0,0.554,0
1586.67,12,25,70000,1,0,0.011,0
23499.33,12,37,25000,2,0,0.505,0
5241.0,6,41,15000,3,20,0.158,1
39436.67,8,28,75000,3,0,0.47,0
138636.0,12,26,90000,2,0,0.293,0
411785.0,12,33,330000,2,0,0.751,0
5498.67,10,28,105000,1,10,0.026,0
155151.0,12,52,115000,4,0,0.674,0
13423.0,10,24,50000,2,20,0.132,1
13383.0,12,43,25000,3,0,0.113,0
4716.33,12,38,170000,2,0,0.025,0
39480.33,10,26,35000,3,20,0.558,1
4621.33,10,43,110000,1,20,0.031,0
10738.0,10,30,85000,2,20,0.014,1
3098.67,10,26,140000,2,0,0.008,0
86129.33,12,39,185000,1,0,0.383,0
833.33,0,36,225000,1,0,0.006,1
79768.67,12,28,65000,2,0,0.681,0
2218.67,12,32,200000,1,10,0.0,0
66114.33,12,29,45000,1,0,0.809,0
390.0,12,33,225000,1,0,0.001,0
119258.0,12,33,65000,2,0,0.983,0
14943.67,8,24,10000,1,20,0.961,0
46145.0,10,27,25000,2,20,0.998,1
84939.67,12,29,100000,2,0,0.465,0
291.0,12,55,75000,1,0,0.002,0
2881.67,10,40,125000,1,0,0.013,0
7355.67,12,47,135000,1,0,0.022,0
85745.0,12,36,130000,1,0,0.375,0
101545.0,12,34,55000,2,0,0.933,0
45868.67,6,25,25000,2,40,0.858,0
28899.0,12,49,100000,2,0,0.041,0
51824.67,12,25,30000,2,0,0.891,0
680.33,12,46,100000,2,10,0.0,0
3599.0,10,38,25000,3,0,0.191,0
70600.0,12,22,35000,1,30,1.0,0
37231.67,12,24,25000,1,0,0.97,0
1329.33,12,34,115000,3,0,0.005,0
7190.33,10,45,10000,2,0,0.541,0
43675.67,12,28,165000,2,0,0.161,0
27018.0,12,51,25000,3,0,0.533,1
7118.67,12,42,230000,1,20,0.026,0
27523.67,10,27,15000,2,0,0.875,1
100016.0,12,30,100000,3,0,0.555,0
7622.33,10,23,25000,1,30,0.151,1
23436.0,12,38,25000,2,0,0.515,0
4886.67,12,33,100000,2,0,0.017,0
54098.33,12,38,180000,1,0,0.147,0
10695.67,12,43,115000,1,0,0.005,0
55271.0,12,34,100000,2,0,0.341,0
15362.33,10,51,10000,3,20,0.717,1
195308.0,12,41,100000,2,0,0.969,0
3567.67,10,27,15000,1,0,0.059,0
7327.67,12,31,180000,1,0,0.018,0
7491.67,8,29,5000,2,30,0.583,1
172897.33,12,34,90000,2,0,1.0,0
507.0,4,31,135000,2,0,0.0,0
179407.67,10,42,120000,2,20,0.781,1
32075.33,12,43,140000,2,0,0.112,0
300.33,0,34,165000,2,0,0.003,0
7552.67,8,46,100000,3,0,0.07,0
41160.0,12,36,50000,3,20,0.385,0
28510.67,12,30,85000,1,20,0.16,1
4559.0,12,29,105000,1,0,0.018,0
32938.33,12,26,50000,2,0,0.322,0
171417.67,12,67,100000,3,0,0.94,0
92841.67,12,30,115000,2,0,0.443,0
95762.0,12,35,45000,3,0,1.0,0
93552.33,12,28,85000,2,0,0.621,0
99111.0,12,42,50000,2,20,1.0,1
19064.67,8,24,10000,3,0,0.895,0
7636.67,12,53,25000,3,0,0.132,0
0.0,0,40,90000,3,0,0.0,1
28390.33,12,28,30000,2,0,0.495,1
11096.33,10,39,40000,2,0,0.109,0
37366.67,12,30,175000,1,0,0.148,0
0.0,0,28,10000,3,10,0.0,0
4830.67,12,30,80000,3,0,0.014,0
52989.33,4,29,75000,3,30,0.365,1
46136.33,10,44,75000,3,0,0.533,0
46873.0,12,46,25000,2,0,0.904,0
5971.33,12,45,250000,1,0,0.012,0
5739.0,12,37,240000,2,0,0.011,0
80881.0,12,44,170000,1,0,0.244,1
0.0,0,47,90000,1,10,0.0,0
21566.0,12,45,25000,3,0,0.513,0
114779.0,12,31,180000,1,0,0.317,0
220645.67,12,31,175000,3,0,0.664,0
10323.33,12,30,90000,2,0,0.056,0
30986.33,12,34,25000,1,0,0.907,0
13997.0,8,31,35000,2,20,0.098,1
34630.0,10,23,20000,3,20,0.86,1
47392.67,12,37,135000,1,0,0.005,0
5772.0,12,23,35000,2,0,0.068,0
9815.33,12,41,140000,1,0,0.021,0
184310.0,12,42,130000,2,0,0.749,0
8437.67,12,23,10000,1,20,0.349,1
69308.67,10,26,40000,1,0,0.977,1
20114.33,4,27,10000,3,30,1.0,0
134113.33,12,37,145000,1,20,0.453,1
11654.33,12,33,90000,2,0,0.056,0
3889.67,8,43,125000,1,20,0.004,0
120329.33,12,30,115000,1,0,0.65,0
3505.67,12,41,120000,2,0,0.035,0
113867.0,12,34,95000,2,0,0.735,0
13998.67,10,29,100000,1,0,0.001,0
28737.67,6,43,15000,2,0,0.937,0
87853.0,12,42,90000,3,0,0.57,0
1203.67,6,33,105000,1,0,0.009,1
2324.0,6,34,15000,2,30,0.17,1
41705.33,12,44,30000,2,0,0.72,0
4738.67,12,29,100000,1,0,0.001,0
134116.33,8,35,75000,1,20,0.854,1
6220.0,8,41,65000,1,20,0.006,1
153463.67,12,34,105000,2,0,0.71,0
63888.0,12,37,70000,2,0,0.47,0
35935.67,12,39,40000,2,20,0.487,1
10343.67,12,36,120000,1,0,0.051,0
49092.67,12,44,25000,3,0,0.963,0
47384.67,12,30,25000,1,20,0.919,0
435.0,12,49,80000,2,0,0.003,0
2545.0,12,31,130000,1,0,0.002,0
124324.33,0,31,40000,2,80,1.0,0
4557.33,2,46,50000,2,30,0.053,1
96.33,10,35,140000,2,20,0.0,0
34443.0,4,36,25000,3,0,0.958,0
1593.33,12,31,130000,1,0,0.006,0
19726.67,12,36,15000,2,20,0.615,1
29524.33,10,25,15000,2,20,1.0,0
1627.67,4,33,65000,2,20,0.017,0
1627.33,10,48,25000,3,0,0.03,0
145424.0,12,35,75000,2,20,0.961,1
200.0,4,58,100000,1,0,0.0,0
13604.67,12,32,280000,2,10,0.036,0
20117.33,2,26,10000,3,30,1.0,0
316.0,12,41,135000,1,0,0.001,0
305121.33,12,48,150000,1,20,1.0,1
83361.67,6,29,50000,2,40,0.853,0
19557.33,12,43,10000,3,0,0.955,0
18762.33,12,69,10000,3,0,0.926,0
45283.0,12,56,35000,3,0,0.601,0
20883.33,8,31,30000,2,20,0.332,0
15119.67,10,51,90000,2,20,0.084,0
2730.33,10,31,180000,1,0,0.003,0
173550.0,10,34,100000,1,20,0.852,1
38849.33,12,42,85000,2,0,0.222,0
4069.0,12,51,85000,1,0,0.027,0
241.33,4,51,30000,3,10,0.0,0
38936.33,8,27,15000,2,20,0.999,1
38408.33,12,37,70000,1,0,0.269,0
16856.67,12,25,10000,1,0,0.792,0
9861.0,12,27,10000,1,0,0.704,0
10487.33,12,39,260000,1,0,0.026,0
7178.33,10,22,15000,2,20,0.345,0
66551.0,8,24,35000,1,20,1.0,0
74415.33,12,54,40000,3,0,0.959,0
21736.0,4,36,25000,3,50,0.421,1
10544.67,2,25,85000,1,0,0.155,0
67738.0,12,24,80000,2,20,0.419,0
5295.0,8,30,180000,2,20,0.02,0
2937.0,6,25,210000,2,20,0.007,0
26645.33,12,45,15000,3,0,0.94,0
37322.67,12,36,30000,2,20,0.609,0
119403.33,12,31,80000,2,0,0.846,0
14465.67,10,44,85000,1,0,0.061,0
20399.33,4,52,10000,3,20,1.0,1
1216.33,12,45,145000,1,0,0.004,0
2213.33,10,52,170000,2,0,0.01,0
1173.33,4,31,30000,1,10,0.0,1
153546.33,12,36,250000,1,0,0.103,0
48195.0,12,54,115000,3,0,0.287,0
24375.33,12,53,15000,4,0,0.94,0
1057.0,6,25,10000,1,20,0.0,0
284.67,0,30,70000,2,0,0.006,0
31684.0,12,31,250000,2,0,0.079,0
0.0,0,39,60000,1,10,0.0,0
55609.33,12,25,35000,2,0,0.911,1
22293.33,12,50,140000,2,0,0.089,0
390.0,10,53,65000,2,0,0.006,0
68591.67,12,30,35000,1,20,0.985,1
14021.67,12,42,170000,2,0,0.041,0
1302.67,10,28,105000,1,0,0.009,0
1976.0,2,57,40000,2,0,0.038,0
23982.67,12,43,60000,2,0,0.003,0
101679.33,12,28,50000,1,0,1.0,0
15468.0,12,22,10000,1,0,0.736,0
232099.67,10,46,110000,1,20,1.0,0
44776.67,10,34,35000,1,20,0.634,1
75266.67,12,26,10000,2,0,1.0,0
55920.33,12,32,50000,2,0,0.549,0
50806.67,12,24,55000,2,0,0.453,0
3577.33,8,27,40000,3,20,0.046,0
363.67,8,29,15000,1,10,0.0,0
17733.67,12,34,15000,2,0,0.927,0
58646.67,12,27,30000,1,0,0.963,1
45746.0,10,27,25000,1,20,0.888,0
223579.0,12,53,130000,2,0,0.854,0
186297.67,10,29,250000,1,20,0.403,0
631.33,6,35,55000,1,20,0.005,0
28762.67,8,33,15000,3,20,0.904,0
4727.0,2,31,90000,1,0,0.046,1
1069.67,2,35,85000,1,10,0.0,1
6507.67,10,34,160000,1,0,0.002,1
6556.33,2,53,5000,2,0,0.927,1
50843.33,2,26,25000,2,80,0.97,0
0.0,6,32,85000,1,10,0.0,1
118259.0,10,51,60000,1,20,1.0,0
29717.33,6,47,15000,3,20,1.0,0
129913.33,12,29,80000,2,0,0.982,0
46677.67,12,27,25000,1,20,0.914,1
1523.33,4,44,15000,2,0,0.139,0
48801.0,12,36,25000,2,0,0.952,0
264.0,12,45,120000,2,10,0.0,0
23038.0,8,50,25000,3,0,0.915,0
83508.67,4,31,90000,1,40,0.461,1
186117.0,12,28,250000,2,0,0.431,0
220738.67,12,50,120000,3,0,0.929,0
10293.67,4,23,25000,2,0,0.602,0
3668.33,2,30,25000,2,20,0.128,1
173602.33,8,38,110000,1,0,0.898,0
0.0,0,36,100000,2,10,0.0,1
6544.67,12,35,115000,1,0,0.018,0
16585.67,12,56,10000,3,0,0.778,0
43368.33,12,37,65000,1,20,0.322,1
91879.67,12,50,50000,2,0,0.955,0
16674.0,10,39,10000,2,0,0.799,1
49239.0,12,26,25000,2,0,0.976,0
78687.67,6,45,70000,3,20,0.562,1
18297.67,12,32,45000,2,0,0.264,0
5015.0,12,39,145000,1,10,0.005,0
174470.0,12,34,90000,2,0,1.0,1
0.0,0,57,100000,3,10,0.0,1
97874.0,10,32,55000,1,20,0.87,1
18238.67,12,28,25000,3,0,0.343,0
18988.67,12,48,145000,2,0,0.037,0
88938.0,8,46,190000,1,20,0.232,1
388495.33,12,39,240000,2,0,0.894,0
6276.67,0,22,15000,2,0,0.628,0
201473.0,12,50,190000,1,0,0.556,0
218958.67,12,42,170000,1,0,0.652,0
13478.67,6,22,15000,2,20,0.579,0
28337.0,12,29,100000,3,0,0.077,0
33392.67,12,30,180000,1,0,0.113,0
421.33,10,49,80000,1,20,0.002,1
16032.0,10,40,25000,2,10,1.0,0
1112.0,10,32,100000,2,0,0.007,0
41171.0,12,30,30000,2,0,0.654,0
520.0,8,53,40000,3,20,0.01,0
50288.33,10,38,50000,2,20,0.507,1
22985.33,12,37,165000,1,0,0.057,1
3066.33,10,44,250000,1,0,0.0,0
55695.67,8,32,90000,2,0,0.305,0
87473.0,10,44,100000,2,20,0.603,0
311003.33,12,39,210000,1,0,0.726,0
41166.0,12,23,55000,2,0,0.314,0
41870.0,12,24,25000,2,20,1.0,1
18526.33,12,46,65000,3,0,0.135,1
166822.0,12,36,125000,2,0,0.676,0
252.0,4,26,25000,2,30,0.011,0
77140.0,12,43,130000,2,0,0.383,0
169660.67,12,54,120000,2,20,0.067,0
29916.0,8,28,150000,1,20,0.083,0
43339.0,12,35,100000,1,0,0.414,0
19277.67,12,46,300000,3,0,0.038,0
91673.0,10,29,65000,2,20,0.68,0
5676.67,12,28,75000,1,0,0.064,0
36895.0,12,30,100000,1,20,0.0,0
46817.67,8,34,40000,2,20,0.581,1
32426.33,12,34,30000,2,0,0.514,0
0.0,0,31,180000,2,10,0.0,0
69888.0,12,37,55000,4,0,0.638,0
55344.33,8,35,35000,3,30,0.998,1
23.67,4,27,25000,1,20,0.0,1
3755.33,8,46,5000,2,30,0.25,1
119085.67,12,51,60000,1,0,0.979,0
5377.67,12,41,110000,2,0,0.04,0
764.0,4,33,220000,1,30,0.003,1
1261.0,12,49,25000,2,0,0.025,0
160855.67,10,32,105000,2,20,0.742,0
27413.33,12,34,245000,2,0,0.028,0
4405.67,12,30,80000,1,0,0.026,0
47292.33,12,39,90000,2,0,0.257,0
128831.33,12,45,165000,2,0,0.375,0
18254.33,10,34,10000,2,20,0.882,0
96596.33,12,37,60000,2,0,0.782,0
338.67,10,30,180000,1,0,0.0,0
234108.33,10,29,220000,4,0,0.494,0
64378.33,10,34,35000,2,0,0.896,0
2565.67,6,44,115000,1,10,0.017,0
27633.0,8,28,15000,2,20,0.873,1
178975.33,12,34,130000,2,0,0.68,0
22488.0,4,25,15000,2,40,0.631,1
1536.33,8,56,10000,3,20,0.01,1
47618.67,12,55,35000,3,0,1.0,0
67987.0,12,31,45000,3,0,0.761,0
31116.0,10,30,35000,2,20,0.425,1
29239.33,6,22,15000,2,20,0.989,0
31594.33,12,51,135000,2,0,0.119,0
26985.67,12,35,15000,2,0,0.866,0
0.0,0,46,205000,1,0,0.0,1
153824.67,12,30,120000,2,0,0.63,0
30290.0,10,31,15000,2,20,1.0,0
37238.67,4,32,55000,2,0,0.514,0
15658.33,12,24,10000,2,0,0.892,0
241.67,6,55,250000,3,0,0.001,0
230367.0,12,32,120000,2,0,1.0,0
128080.0,12,25,70000,2,0,0.983,0
33169.33,12,24,25000,1,0,0.841,0
33693.0,12,27,65000,1,0,0.25,0
35500.33,12,51,25000,3,0,1.0,1
7369.0,12,25,130000,1,0,0.001,0
571.0,12,35,50000,2,0,0.011,0
25343.0,8,47,15000,3,20,0.843,1
586.67,8,26,30000,1,20,0.007,0
17543.33,8,35,10000,3,20,0.79,1
34063.67,8,24,30000,2,30,0.564,1
14598.33,6,44,175000,2,20,0.151,0
130953.0,10,41,65000,2,20,1.0,1
170590.33,12,26,195000,2,20,0.475,0
2495.0,0,39,230000,1,50,0.005,1
28139.0,8,31,15000,3,0,0.928,1
5885.67,8,35,85000,2,0,0.061,1
14605.33,6,27,10000,2,30,1.0,1
9679.0,4,31,130000,2,0,0.049,0
158954.33,12,32,95000,1,0,0.849,0
463387.33,12,37,240000,1,20,0.98,0
57700.33,12,33,30000,2,0,0.979,0
219331.0,12,38,130000,1,0,0.986,0
50154.67,12,50,25000,3,0,0.976,0
64323.0,12,25,80000,1,0,0.475,0
977.67,12,29,140000,1,0,0.003,0
165297.33,12,29,145000,3,0,0.557,0
2912.33,4,36,120000,3,0,0.033,0
8378.67,10,41,10000,2,0,0.372,0
12971.67,12,40,115000,3,0,0.008,0
67386.33,12,31,60000,2,20,0.389,1
1360.33,10,28,200000,1,0,0.003,0
64948.0,8,34,40000,2,20,0.807,0
54823.0,12,37,100000,1,0,0.372,0
16895.0,4,48,10000,2,40,0.873,1
178.33,8,26,50000,2,20,0.002,1
5963.67,8,25,75000,2,0,0.008,1
178283.0,12,23,90000,2,20,0.99,1
396.0,12,47,250000,2,0,0.001,1
1741.33,12,46,180000,2,0,0.011,0
8683.67,10,38,160000,1,0,0.012,0
0.0,0,42,110000,1,10,0.0,1
29691.33,10,36,25000,1,20,0.58,1
1830.0,8,47,155000,1,0,0.003,0
13451.0,12,50,25000,2,0,0.325,0
21919.33,8,23,80000,2,0,0.137,0
415.0,10,40,140000,2,20,0.001,0
11999.0,6,44,10000,3,40,0.624,1
390.0,8,24,30000,1,0,0.006,1
183649.0,12,37,195000,2,0,0.457,0
0.0,0,25,25000,2,10,0.0,0
1549.33,10,31,225000,1,20,0.002,0
118174.33,12,26,90000,2,0,0.95,0
142396.33,10,30,70000,3,20,1.0,0
21958.33,10,33,20000,2,20,0.539,0
26169.33,10,26,40000,2,20,0.311,0
1405.0,0,35,120000,3,0,0.018,0
65542.0,12,33,40000,2,0,0.875,0
180269.67,12,45,180000,3,0,0.465,0
3408.67,10,31,150000,2,0,0.013,0
543.33,10,29,195000,1,0,0.0,0
4838.33,2,37,160000,1,0,0.045,1
63736.33,12,26,110000,1,0,0.239,0
135548.0,12,29,170000,1,0,0.388,0
107.67,6,32,45000,2,10,0.0,0
5216.33,10,33,65000,2,0,0.058,0
833.0,12,37,80000,2,20,0.005,1
39884.0,10,38,140000,1,0,0.362,1
2573.67,10,38,155000,2,0,0.004,0
24730.0,2,29,65000,2,0,0.237,0
154329.67,12,30,90000,2,20,0.829,0
28161.67,12,39,15000,2,20,1.0,0
7556.0,12,34,85000,2,0,0.047,1
4529.33,10,29,120000,1,0,0.075,0
57247.33,12,31,35000,1,0,0.749,0
166.67,12,28,55000,1,10,0.0,1
9579.33,2,23,10000,3,20,0.721,1
3701.0,6,30,105000,1,0,0.034,0
17150.0,12,21,10000,2,0,1.0,0
5383.0,12,43,180000,2,0,0.006,0
73013.67,12,59,40000,3,0,0.896,0
50359.33,12,34,85000,1,0,0.327,0
5014.67,12,30,35000,2,0,0.055,0
32951.0,10,30,55000,2,20,0.236,0
8951.0,10,27,5000,1,20,0.813,0
17821.0,12,23,30000,1,0,0.287,0
26271.67,8,39,110000,1,0,0.176,0
19331.33,12,33,25000,1,0,0.423,0
5564.33,12,22,25000,2,0,0.029,0
24171.0,12,26,35000,2,0,0.34,0
118967.33,12,26,90000,2,0,0.809,0
61267.33,6,31,30000,1,20,1.0,1
45360.67,12,40,50000,2,20,0.444,1
28650.67,12,28,250000,2,0,0.049,0
14319.67,2,38,25000,2,0,0.531,0
12602.67,12,27,170000,2,0,0.072,0
3511.33,12,31,225000,1,0,0.009,0
721.33,8,31,80000,1,0,0.005,0
98570.0,12,33,90000,2,0,0.983,0
15906.0,4,25,25000,2,10,0.0,1
90107.33,10,38,250000,2,20,0.183,0
6240.33,12,23,40000,2,0,0.047,0
3499.0,12,49,140000,3,0,0.017,0
237422.0,8,41,120000,4,20,0.998,0
15959.67,12,24,10000,1,0,0.752,0
29174.33,12,27,25000,2,0,0.937,0
46491.0,10,42,50000,1,20,0.462,1
81654.33,6,34,40000,2,30,1.0,1
3375.67,4,40,75000,1,0,0.049,1
104925.33,10,30,110000,2,20,0.479,1
123658.0,12,34,135000,2,0,0.486,0
24242.67,6,25,115000,3,0,0.114,0
113316.67,8,30,70000,2,40,0.759,1
1763.0,4,40,90000,2,0,0.024,0
18226.67,10,27,70000,2,20,0.202,0
23016.0,8,35,15000,2,20,0.676,1
23808.67,4,36,40000,2,0,0.313,0
112382.33,12,30,70000,2,0,0.936,0
19047.0,12,38,10000,3,0,0.944,0
637.67,6,37,180000,1,0,0.002,0
6134.33,6,28,65000,1,0,0.076,1
31748.33,10,36,35000,1,20,0.456,1
1513.33,6,41,150000,1,0,0.01,0
69831.67,12,32,250000,2,0,0.143,0
24220.33,12,30,10000,2,0,1.0,0
105756.67,10,45,70000,2,30,0.744,1
296.67,6,27,200000,2,10,0.0,0
16221.0,10,28,15000,2,30,0.509,1
13526.67,12,33,25000,1,20,0.253,0
91077.33,12,38,190000,2,0,0.232,0
3103.0,10,27,180000,2,0,0.015,1
26924.0,12,52,310000,1,0,0.051,0
72188.33,12,69,100000,3,0,0.419,0
19452.33,6,25,10000,2,20,0.987,1
5717.67,6,29,85000,1,0,0.033,1
200244.33,12,26,125000,1,20,0.781,0
0.0,2,25,60000,2,10,0.0,1
98072.67,12,46,75000,3,0,0.643,0
174751.67,12,41,100000,3,20,0.999,0
64958.33,12,39,100000,1,0,0.457,0
98412.33,12,44,90000,1,0,0.544,0
140696.67,12,34,250000,1,0,0.239,0
14877.33,12,24,10000,2,0,0.693,0
294326.0,12,39,250000,2,0,0.685,1
22787.0,12,47,40000,1,0,0.197,0
72394.33,10,23,40000,3,20,0.9,0
29640.67,8,30,180000,1,0,0.102,0
9407.33,12,28,115000,1,0,0.053,0
21809.0,8,32,35000,2,30,0.314,1
5889.33,8,25,10000,2,20,0.05,0
220946.67,12,37,125000,2,0,0.864,0
57368.67,12,33,200000,2,0,0.154,0
12716.67,12,30,210000,1,0,0.009,0
50973.0,12,37,160000,2,0,0.1,0
29797.0,12,25,15000,1,0,0.97,1
287124.0,12,30,235000,1,0,0.617,0
44630.33,8,31,35000,1,20,0.94,1
18926.67,12,23,35000,2,0,0.26,1
24932.67,12,25,15000,1,0,0.747,0
13979.0,2,22,15000,2,20,0.476,1
30252.67,10,45,15000,2,20,1.0,1
68556.33,12,35,35000,2,0,0.962,0
17406.67,12,50,10000,3,0,0.818,0
190832.0,10,31,105000,2,20,0.954,1
1666.67,10,36,85000,1,0,0.006,0
70868.67,12,31,150000,2,0,0.288,0
8235.33,12,24,5000,2,0,0.72,1
372.33,12,24,25000,1,0,0.004,0
33429.67,12,30,100000,2,20,0.179,0
6055.67,12,36,110000,1,0,0.014,0
17793.0,12,34,200000,2,0,0.037,0
596.33,4,30,130000,1,0,0.002,0
8270.33,12,37,5000,2,0,1.0,0
24026.33,12,28,70000,1,0,0.169,0
58675.33,12,43,25000,3,0,1.0,0
25210.0,12,42,165000,2,0,0.056,0
133.33,4,29,65000,1,0,0.0,1
590.0,12,33,180000,1,20,0.0,0
12982.33,12,28,225000,1,0,0.022,0
31064.0,12,36,250000,1,0,0.031,0
4691.0,12,33,120000,2,0,0.035,0
7908.33,12,29,30000,2,20,0.151,0
109995.33,12,42,170000,2,0,0.224,0
12452.33,10,53,250000,2,0,0.016,0
103159.67,12,33,135000,2,0,0.448,1
19943.67,10,33,25000,2,20,0.481,0
9972.33,12,29,10000,3,0,0.573,0
6255.67,10,36,65000,1,0,0.07,0
106358.67,12,55,100000,1,0,0.554,1
223727.67,12,25,180000,2,0,0.934,0
5291.67,10,55,45000,2,0,0.167,1
7805.33,12,50,100000,1,0,0.008,0
7718.0,4,43,40000,1,0,0.263,0
29009.67,6,45,15000,3,20,0.978,0
48406.33,12,28,25000,2,0,0.971,0
51376.33,12,33,25000,2,0,1.0,1
1057.67,8,69,225000,1,0,0.004,1
7656.67,6,37,65000,2,0,0.029,1
48642.0,12,33,175000,1,0,0.153,0
13714.67,10,22,10000,3,20,1.0,1
19693.0,12,27,85000,2,0,0.129,0
48454.67,8,38,120000,2,20,0.197,0
73294.67,12,30,65000,1,0,0.6,0
0.0,0,28,180000,1,10,0.0,0
9238.67,4,26,5000,2,40,0.953,0
9005.67,10,42,5000,3,20,0.896,1
7469.33,4,70,100000,3,0,0.036,0
40876.33,10,35,75000,2,20,0.266,0
37505.67,12,33,25000,4,0,0.948,0
37566.33,10,26,20000,2,20,0.996,0
40333.33,12,42,200000,1,0,0.011,0
693.33,6,25,40000,2,20,0.01,1
2043.67,8,28,25000,2,20,0.056,0
140263.0,12,42,85000,2,0,0.836,0
49783.0,12,34,95000,3,0,0.251,0
13101.67,4,62,10000,2,0,0.986,1
11789.0,6,23,15000,1,30,0.409,0
15874.0,12,29,10000,1,0,0.725,0
175625.33,12,48,195000,2,0,0.439,0
83694.67,12,66,50000,3,0,0.826,1
38266.33,12,34,25000,2,0,0.897,1
68929.0,12,54,60000,3,0,0.559,0
231.67,12,24,40000,1,0,0.004,0
131687.67,12,39,170000,2,0,0.39,0
110267.0,12,23,55000,2,0,1.0,0
0.0,2,42,45000,2,0,0.004,0
3120.0,10,26,5000,2,0,0.299,1
0.0,0,28,80000,2,0,0.0,0
24028.33,8,34,85000,1,20,0.138,0
3885.67,10,28,220000,2,0,0.019,0
18609.67,12,32,155000,1,0,0.019,0
107594.33,12,55,55000,2,0,0.97,0
0.0,0,23,25000,3,10,0.0,0
98908.0,12,39,50000,1,20,0.973,1
32814.67,12,29,175000,1,0,0.121,0
190783.0,10,27,155000,2,20,0.622,0
85215.33,12,40,60000,2,0,0.912,0
16934.33,12,25,25000,3,10,0.0,0
11286.33,12,32,150000,1,20,0.035,0
158027.0,10,29,65000,2,20,1.0,0
3362.0,12,30,130000,1,0,0.007,0
1412.0,12,35,245000,1,0,0.0,0
47494.0,12,43,250000,1,0,0.03,0
7646.67,10,25,15000,1,0,0.321,0
34085.33,10,31,30000,1,20,0.544,1
57988.0,10,45,70000,2,20,0.396,0
152063.67,10,30,90000,1,20,0.831,0
14598.33,4,23,10000,1,0,0.922,0
43428.33,8,29,25000,2,20,0.802,1
25173.33,12,30,200000,2,20,0.06,0
8140.0,8,24,10000,3,20,0.0,0
11651.0,12,43,215000,2,0,0.021,0
1097.67,10,32,200000,1,0,0.0,0
1349.67,10,36,100000,2,0,0.003,1
6349.33,12,22,5000,2,0,0.066,0
77530.33,12,43,40000,3,20,0.954,0
115209.0,12,28,70000,1,0,0.827,0
18885.0,8,28,10000,2,20,1.0,1
6647.33,10,33,170000,2,20,0.001,0
3703.33,10,44,115000,2,0,0.024,1
14200.0,4,37,60000,2,20,0.002,0
7249.67,8,34,105000,1,0,0.038,0
44700.33,12,25,40000,1,0,0.567,0
1227.67,8,31,75000,1,0,0.021,0
118495.0,12,53,65000,2,0,0.975,0
11069.0,8,35,10000,1,20,0.85,1
151911.0,6,29,100000,2,0,1.0,0
99.0,10,29,100000,1,0,0.0,0
77799.0,12,22,40000,1,0,0.975,0
1632.0,4,30,40000,2,0,0.034,1
78328.33,12,44,250000,1,0,0.302,0
15763.67,6,43,25000,2,20,0.313,1
3960.0,12,44,100000,1,0,0.004,0
3875.0,12,45,40000,2,0,0.051,0
47701.33,12,26,25000,2,0,0.943,0
106069.0,12,37,65000,2,0,0.904,0
72560.67,12,35,155000,1,0,0.01,0
6713.67,8,37,95000,2,20,0.013,1
67473.33,12,29,50000,2,0,0.709,1
42394.0,12,38,115000,1,0,0.009,0
52929.33,12,25,35000,2,0,0.945,1
7568.0,12,30,250000,1,0,0.017,0
50064.0,10,36,25000,2,20,0.995,1
0.0,0,35,60000,2,10,0.0,0
52422.33,12,39,40000,2,0,0.646,0
10864.0,12,34,25000,2,20,0.227,0
42066.67,12,51,175000,2,0,0.114,0
59400.0,10,29,30000,2,20,1.0,0
783.67,10,47,100000,1,0,0.005,1
42925.67,12,23,25000,2,0,0.902,0
9466.33,4,43,45000,2,0,0.083,0
9701.67,12,31,180000,2,0,0.002,0
224184.0,10,25,220000,2,20,0.512,1
169000.33,12,52,85000,2,0,0.991,0
142456.33,12,33,95000,2,0,0.749,0
0.0,0,29,145000,1,10,0.0,1
474.0,4,37,105000,1,10,0.0,0
2029.0,12,24,10000,1,0,0.17,1
12416.0,12,35,200000,1,0,0.025,0
0.0,0,32,180000,1,10,0.0,1
8563.33,8,53,125000,1,10,0.0,1
28771.33,8,30,15000,2,0,0.928,0
246931.0,10,47,140000,1,0,0.92,0
70386.67,10,59,35000,3,20,0.982,1
24059.67,10,26,35000,1,0,0.51,0
15843.67,12,47,10000,2,20,0.73,0
13118.0,12,32,175000,1,0,0.043,0
18425.33,12,37,100000,1,0,0.106,0
7233.67,6,25,45000,3,0,0.076,1
3977.67,10,52,50000,1,0,0.047,0
41786.0,12,22,25000,2,0,0.965,0
719.33,0,51,140000,3,0,0.008,0
50051.0,4,38,25000,3,50,1.0,1
2310.67,2,29,60000,2,0,0.03,1
99652.67,12,25,50000,3,20,0.969,1
2903.33,8,29,65000,2,0,0.03,0
189734.67,12,30,100000,1,0,0.984,0
111399.67,12,34,175000,1,0,0.42,0
19154.33,12,44,10000,1,0,0.951,0
127847.33,10,32,75000,1,20,0.84,0
8859.67,10,30,65000,1,0,0.071,0
180094.33,12,34,165000,1,0,0.526,0
58608.0,12,52,40000,2,0,0.789,0
9689.33,6,35,5000,4,30,1.0,0
947.33,10,29,180000,1,10,0.0,0
45156.0,12,36,60000,1,0,0.362,0
8133.0,12,22,10000,2,0,0.356,0
90.33,6,35,140000,1,20,0.001,0
0.0,2,45,50000,2,0,0.0,0
40778.0,12,31,35000,2,0,0.906,0
12014.0,12,31,175000,1,0,0.023,0
23585.67,12,36,25000,2,0,0.449,0
40165.33,12,35,235000,1,0,0.079,0
248120.33,12,31,175000,1,0,0.851,0
111376.67,12,56,70000,1,0,1.0,0
44664.33,12,23,70000,2,0,0.352,0
66369.67,12,27,190000,1,0,0.194,0
33988.0,10,24,25000,2,20,0.68,1
84313.33,12,48,130000,3,0,0.377,0
19751.33,6,25,10000,3,30,0.952,0
1191.0,6,39,95000,3,0,0.001,0
175340.33,8,39,110000,2,50,0.853,0
117082.0,12,36,115000,1,0,0.486,0
8503.0,12,43,10000,2,0,0.374,0
22971.33,10,52,50000,2,0,0.216,0
18884.0,4,26,75000,1,0,0.254,0
4918.0,8,28,160000,1,0,0.037,0
77485.0,10,33,25000,2,0,1.0,1
49877.67,12,53,25000,2,0,1.0,0
158636.67,12,39,185000,2,0,0.49,0
19445.67,8,37,75000,1,0,0.389,0
390.0,12,40,100000,2,0,0.002,1
555.67,10,34,100000,2,0,0.001,1
1611.0,4,37,15000,2,20,0.04,1
127220.33,12,46,100000,2,0,0.606,0
4349.67,12,26,100000,1,0,0.0,0
136946.33,12,26,120000,2,0,0.579,1
32849.0,8,24,20000,2,20,0.724,1
56026.33,2,31,70000,1,0,0.696,0
45360.33,12,35,25000,2,0,1.0,0
32316.0,10,48,25000,3,0,0.761,0
193.67,10,25,80000,2,0,0.001,0
4106.33,8,32,70000,1,0,0.088,0
228741.0,12,28,120000,3,0,0.959,1
1464.33,10,29,115000,1,0,0.002,0
174024.0,12,32,100000,2,0,0.825,0
45383.67,10,49,25000,1,0,0.895,0
50194.33,12,30,180000,1,0,0.066,0
560.0,6,42,250000,1,10,0.0,0
18603.0,8,22,10000,3,20,0.949,0
74386.67,12,30,40000,2,20,0.914,0
205.33,0,44,15000,1,0,0.021,0
15486.0,12,35,40000,2,0,0.18,0
28487.67,8,52,15000,2,20,0.903,0
0.0,0,48,100000,3,0,0.0,0
176884.33,12,29,120000,4,0,0.914,0
263749.33,10,29,140000,2,20,0.912,1
515.67,0,33,85000,2,0,0.009,0
92284.67,12,44,50000,3,0,0.9,0
55053.67,10,24,35000,2,20,0.936,1
84937.0,12,27,55000,2,0,0.832,0
85319.0,12,27,50000,3,0,0.836,0
79346.0,10,39,40000,1,20,0.978,1
1496.0,12,33,150000,2,0,0.005,0
34175.67,12,40,75000,1,0,0.347,0
68009.33,12,26,75000,2,0,0.462,0
7134.33,10,52,5000,3,20,0.697,1
0.0,2,35,105000,1,0,0.0,0
20077.0,6,25,10000,2,0,0.988,1
7732.0,10,38,10000,2,20,0.336,0
39806.67,10,48,40000,3,20,0.796,0
173.0,0,49,135000,2,0,0.0,0
1951.0,12,33,100000,1,0,0.0,0
2020.67,8,34,100000,1,20,0.014,0
6010.33,10,34,5000,2,0,0.932,0
21005.0,12,34,180000,1,0,0.015,0
19512.0,8,40,10000,2,20,1.0,1
39908.67,12,27,20000,1,0,1.0,0
94413.67,12,50,55000,3,0,0.993,0
66055.0,10,50,25000,3,20,1.0,0
47630.67,10,28,50000,1,0,0.464,0
19878.33,4,21,25000,2,0,0.42,0
16171.33,8,23,15000,3,20,0.532,1
7519.67,8,23,10000,1,20,0.352,1
30870.67,10,44,50000,2,20,0.301,1
1311.33,4,24,40000,2,0,0.018,0
122495.67,12,29,60000,1,0,0.986,1
2292.0,8,36,15000,2,20,0.101,0
36148.33,8,25,40000,4,0,0.742,0
183.33,2,30,85000,1,10,0.0,1
21995.33,12,40,10000,1,0,1.0,0
47262.33,12,36,25000,3,0,0.926,0
151768.0,12,31,150000,1,0,0.5,0
300.0,0,26,10000,1,20,0.015,1
30006.0,12,29,65000,2,0,0.225,0
1818.33,10,41,250000,2,20,0.005,0
10653.33,8,41,15000,2,30,0.325,0
134366.67,12,41,90000,2,0,0.773,0
9389.33,12,33,170000,1,0,0.025,0
0.0,0,29,240000,1,10,0.0,0
0.0,0,30,40000,2,10,0.0,0
20007.0,12,24,70000,3,0,0.149,0
86089.33,12,30,90000,3,0,0.588,0
17982.0,10,30,15000,2,20,0.552,0
9431.67,10,55,145000,1,20,0.027,1
10882.67,12,45,55000,3,0,0.084,0
28078.0,12,25,30000,1,0,0.403,0
2473.0,10,35,40000,1,20,0.045,0
65477.0,12,25,55000,1,0,0.583,0
17569.33,10,42,10000,2,20,0.881,1
4158.33,12,31,75000,3,0,0.028,0
13550.0,10,44,120000,3,0,0.102,0
21738.0,12,44,200000,1,0,0.046,0
98991.33,10,34,60000,1,20,0.812,1
348837.33,12,39,165000,1,0,1.0,0
390.0,8,29,15000,2,0,0.013,0
385.0,6,55,50000,3,20,0.004,0
291.0,12,37,70000,1,0,0.002,0
41174.67,6,33,25000,4,0,0.905,0
0.0,0,37,155000,1,0,0.0,1
3471.33,12,49,80000,3,0,0.005,0
85012.67,10,25,55000,1,0,0.783,0
680.33,6,45,10000,2,0,0.083,0
4071.33,10,23,15000,3,0,0.018,0
353.67,4,47,25000,2,10,0.0,0
14659.67,8,24,10000,3,20,0.674,1
1234.0,12,36,110000,1,0,0.008,0
19352.0,12,36,230000,1,0,0.025,0
0.0,4,34,75000,1,20,0.0,1
34525.67,8,53,25000,3,0,0.404,0
98269.67,10,32,50000,1,20,0.98,0
118181.0,12,50,130000,1,0,0.446,0
51703.0,6,41,25000,3,40,1.0,1
47289.0,12,27,25000,2,0,0.929,0
1656.67,0,34,120000,1,0,0.021,0
77745.67,10,24,115000,3,20,0.357,0
71811.33,10,28,45000,2,20,0.769,0
5984.33,6,22,10000,2,20,0.274,0
66161.33,10,25,35000,3,20,0.981,0
107232.0,12,29,130000,1,0,0.493,0
11112.33,2,35,10000,2,20,0.709,1
88514.67,12,29,75000,2,0,0.629,0
169471.33,12,51,100000,3,0,0.984,0
50431.0,12,57,25000,1,0,1.0,0
1443.0,12,39,105000,2,0,0.007,0
2614.67,6,27,180000,1,0,0.002,0
25698.0,6,34,15000,2,20,0.795,0
9433.33,12,35,85000,2,0,0.079,0
36959.67,12,32,250000,2,0,0.089,0
46722.0,12,31,40000,2,0,0.57,0
64216.67,10,24,35000,2,30,0.9,1
31856.67,8,26,50000,3,0,0.306,0
316.0,12,26,150000,2,0,0.001,0
7613.33,10,49,100000,2,20,0.015,0
9340.33,12,30,95000,1,0,0.137,0
18346.67,12,43,15000,3,0,0.77,0
1000.0,10,58,115000,3,10,0.0,0
39657.33,12,46,40000,1,0,0.489,0
41.33,2,36,140000,1,10,0.0,0
141196.0,12,29,70000,1,20,1.0,0
27432.67,6,35,15000,3,20,0.905,1
18873.67,6,36,15000,2,20,0.561,1
18276.33,10,51,10000,2,0,0.934,0
5019.67,12,30,115000,2,0,0.016,0
18952.0,4,23,10000,2,20,0.842,1
22499.67,12,27,180000,1,20,0.059,1
57311.33,12,24,30000,1,0,0.935,0
15483.67,10,48,10000,2,20,0.711,1
9521.33,12,44,250000,1,0,0.001,0
2208.0,8,39,190000,2,0,0.0,0
3100.0,6,27,80000,1,10,0.0,0
2400.0,0,48,85000,1,70,0.014,0
57650.0,12,29,215000,1,0,0.157,0
21336.0,10,39,160000,1,0,0.026,0
1146.67,10,31,90000,1,0,0.006,1
64968.67,12,42,25000,2,0,0.952,0
48560.33,10,29,30000,2,20,0.794,0
5204.33,6,38,180000,3,10,0.0,0
67509.33,12,23,40000,2,0,1.0,0
14740.0,4,41,25000,3,0,0.539,0
210379.67,12,37,100000,2,20,1.0,0
49206.67,12,36,230000,1,0,0.127,0
73000.67,12,23,65000,2,0,0.603,0
399261.0,12,29,220000,2,0,0.98,0
168701.67,12,38,140000,2,20,0.602,1
8336.33,12,39,10000,3,0,0.326,0
58174.67,12,24,30000,2,0,0.965,0
186961.0,12,38,105000,2,0,0.926,0
58746.33,12,46,50000,3,0,0.56,0
0.0,0,46,120000,1,0,0.0,0
181895.67,12,43,140000,3,0,0.696,0
78.0,0,29,65000,1,30,0.001,0
1338.0,6,35,180000,1,0,0.004,1
169847.0,12,36,105000,3,0,0.969,0
16603.33,6,23,10000,3,30,0.752,1
7627.0,10,23,10000,2,0,0.237,0
16860.67,6,34,25000,2,20,0.33,1
76251.33,12,39,50000,2,0,0.97,0
0.0,0,29,25000,3,0,0.0,0
125266.67,12,27,65000,2,20,0.949,1
4586.33,4,31,135000,1,0,0.051,0
390.0,6,24,25000,2,0,0.008,0
10284.33,12,35,40000,2,0,0.121,0
2110.33,10,29,5000,1,0,0.173,0
266.67,8,34,95000,2,0,0.003,0
42440.0,10,27,25000,1,20,0.814,0
45194.67,10,46,50000,3,20,0.427,1
104535.33,12,49,75000,2,0,1.0,1
182.67,2,30,255000,3,0,0.001,0
1527.0,12,24,55000,2,0,0.012,0
2661.0,10,58,75000,1,0,0.011,0
46704.0,12,54,25000,2,0,0.968,0
28288.67,8,23,25000,2,0,0.512,0
414.0,12,29,180000,2,20,0.0,0
7882.33,8,24,5000,1,20,0.652,0
119701.0,10,26,105000,1,20,0.572,0
265341.33,12,28,185000,2,0,0.705,0
1059.0,6,33,180000,2,0,0.009,0
46688.0,10,31,25000,2,20,0.899,1
0.0,6,38,180000,2,0,0.0,0
54879.67,10,35,85000,1,0,0.507,0
67841.0,12,26,35000,2,0,0.969,1
13965.67,10,34,180000,1,0,0.025,0
91076.33,12,42,115000,4,0,0.401,0
4216.67,0,38,25000,1,0,0.253,0
2265.33,8,41,100000,1,0,0.007,0
326.0,12,30,70000,2,0,0.002,1
120671.33,12,33,60000,2,0,1.0,0
3405.67,12,46,140000,3,0,0.005,0
15098.33,12,29,150000,1,0,0.09,0
16723.0,8,22,10000,2,20,0.758,0
161431.0,12,25,80000,2,20,0.991,1
19034.0,12,24,10000,1,20,0.889,1
43829.0,12,41,60000,2,0,0.375,0
1868.33,4,37,145000,2,0,0.007,0
27871.67,10,32,30000,2,20,0.513,0
68661.67,12,29,55000,1,0,0.634,0
38447.67,12,43,25000,3,0,0.857,0
3742.33,12,32,315000,1,0,0.004,0
24798.67,10,28,15000,1,20,0.795,0
50516.33,12,33,25000,2,0,1.0,0
46433.33,12,42,30000,2,0,0.821,0
28567.67,12,27,75000,2,0,0.084,0
5993.0,12,24,5000,3,0,0.027,0
17354.67,8,27,10000,2,0,0.943,0
61467.67,12,32,40000,3,0,0.892,0
40740.33,12,52,80000,2,0,0.242,0
97499.67,12,43,50000,2,0,1.0,0
50461.33,10,34,45000,3,20,0.553,0
30098.67,10,60,25000,3,20,0.559,0
119983.0,12,30,85000,1,0,0.688,0
10464.33,12,32,120000,1,0,0.024,0
6125.67,12,25,40000,2,0,0.038,0
71291.33,12,30,40000,1,0,0.869,0
0.0,2,37,180000,2,0,0.0,0
52790.67,10,31,70000,1,20,0.364,0
56283.67,12,49,30000,2,0,1.0,0
62233.0,12,27,55000,3,0,0.505,0
157904.33,10,28,80000,1,0,1.0,0
1237.0,12,45,100000,3,0,0.0,1
136224.67,12,29,140000,2,0,0.835,0
327809.0,4,33,180000,2,70,0.823,0
6207.33,8,26,45000,1,0,0.149,1
59625.33,12,46,100000,2,0,0.093,0
30681.33,6,50,25000,1,30,0.588,1
2235.67,8,32,200000,1,0,0.018,0
548.67,12,49,180000,1,10,0.0,0
91041.0,10,50,75000,3,0,0.593,0
46899.0,8,61,25000,3,20,0.955,1
11482.33,12,35,75000,2,0,0.04,0
2370.33,10,37,50000,2,20,0.035,1
28816.33,12,30,155000,1,0,0.088,0
520.0,2,39,60000,2,20,0.0,0
84565.0,12,44,45000,2,0,0.914,0
13562.67,12,36,75000,1,0,0.099,0
26274.67,12,42,25000,2,0,0.705,0
7099.0,12,53,105000,1,0,0.029,0
13550.0,6,42,150000,2,0,0.094,0
81845.0,12,33,55000,2,20,0.796,1
148849.0,10,25,75000,1,0,1.0,0
3286.0,12,42,105000,1,0,0.008,0
23216.0,10,34,15000,1,20,0.704,1
316.0,8,42,120000,2,0,0.003,0
856.0,12,34,60000,2,0,0.007,0
31890.67,12,24,40000,1,0,0.398,0
31003.67,8,25,40000,2,20,0.388,1
4273.0,8,32,180000,1,0,0.007,0
73893.0,8,34,65000,1,20,0.562,1
433.33,10,36,145000,2,20,0.001,0
97619.67,12,33,120000,3,0,0.54,0
8409.0,8,23,30000,2,20,0.076,0
0.0,0,60,100000,2,10,0.0,1
97676.67,12,28,75000,2,0,0.662,0
95824.67,12,29,150000,3,0,0.346,0
6335.0,6,24,15000,2,20,0.086,0
99965.0,12,40,125000,2,0,0.57,1
17912.0,12,40,10000,3,0,0.859,0
196231.0,12,34,185000,1,0,0.557,0
4501.67,8,23,10000,1,20,0.304,1
3907.33,12,23,60000,2,0,0.066,1
15118.67,12,23,25000,2,0,0.395,0
50040.0,12,27,95000,1,0,0.382,1
17272.33,8,22,10000,2,20,0.752,0
18183.33,6,42,120000,2,20,0.063,0
66907.67,12,32,75000,2,0,0.536,0
7700.67,12,35,90000,2,0,0.048,0
133359.67,12,36,90000,2,0,0.759,0
15150.0,0,31,35000,1,0,0.649,0
9931.67,12,32,115000,1,0,0.002,0
4052.0,10,27,180000,1,0,0.016,0
53347.33,10,33,60000,2,20,0.436,0
76250.0,12,49,45000,3,20,0.831,1
100607.0,10,32,55000,2,20,1.0,0
35842.67,12,53,50000,3,0,0.368,0
52228.0,12,26,45000,1,20,0.65,0
47704.67,6,35,25000,1,20,0.949,0
8048.0,10,53,25000,2,20,0.147,0
0.0,0,28,90000,1,10,0.0,0
43542.33,8,41,25000,2,0,0.734,0
14758.33,12,26,10000,3,0,0.69,0
32604.67,4,26,10000,2,30,1.0,0
8862.0,10,23,10000,2,30,0.399,0
12860.33,12,49,10000,3,0,0.968,0
390.0,10,48,25000,3,0,0.008,1
864.33,4,46,105000,2,0,0.0,0
7475.33,10,51,245000,4,20,0.01,0
3314.67,10,28,140000,1,10,0.0,1
2154.33,6,54,100000,3,0,0.004,0
223.33,6,24,50000,2,10,0.0,1
515.33,4,56,125000,1,0,0.003,0
27985.67,10,54,120000,2,20,0.033,0
74449.67,12,26,40000,2,0,0.943,0
19124.33,8,67,50000,3,20,0.169,1
8631.33,8,41,15000,3,0,0.0,0
120495.33,8,42,90000,1,0,0.984,0
62422.67,12,32,40000,1,20,0.761,0
55792.67,12,46,55000,2,0,0.014,0
35301.0,12,30,90000,2,0,0.218,0
102542.0,12,29,75000,2,20,0.667,1
16776.67,10,52,25000,2,0,0.308,0
1752.67,4,23,115000,2,20,0.005,1
1216.67,12,41,170000,1,0,0.002,1
27026.33,8,25,15000,2,20,0.887,1
25937.67,12,45,135000,2,0,0.063,0
30452.67,8,36,25000,1,0,0.234,0
70639.0,10,43,65000,3,20,0.569,0
27964.33,12,27,100000,1,0,0.159,0
14556.33,12,46,180000,1,0,0.041,1
126980.67,12,27,250000,2,0,0.263,0
13028.0,10,25,50000,1,0,0.118,0
24765.33,12,50,135000,2,0,0.085,0
62332.33,12,52,50000,2,0,0.643,1
17946.67,12,25,10000,2,0,0.898,0
49082.0,12,45,25000,2,0,0.956,0
1410.67,10,32,100000,2,0,0.011,0
77352.67,12,44,85000,1,20,0.5,1
15610.0,12,28,10000,1,20,0.927,1
55011.67,10,50,35000,3,30,0.811,1
84.0,0,38,130000,1,0,0.001,0
586.67,0,28,100000,1,0,0.009,0
105409.0,12,25,95000,1,0,0.559,0
15491.33,6,58,110000,3,0,0.103,0
37983.67,10,30,85000,3,20,0.229,0
269482.0,12,47,145000,1,0,0.972,0
31479.67,12,25,30000,1,0,0.525,0
38309.67,12,50,50000,3,20,0.369,1
316.0,6,44,65000,3,20,0.005,0
2581.0,10,40,180000,1,0,0.003,0
2088.0,6,38,15000,2,30,0.113,0
15789.33,12,28,10000,3,0,0.806,1
600.0,0,37,55000,1,20,0.005,1
70125.0,12,43,65000,2,0,0.671,0
45475.33,12,23,25000,2,0,0.981,0
108407.67,12,48,55000,2,0,0.98,0
77979.67,12,25,40000,1,0,0.979,0
1085.33,12,34,75000,2,0,0.002,0
56147.67,10,29,40000,2,20,0.704,0
165913.67,12,35,160000,1,0,0.514,0
1835.67,10,35,85000,1,0,0.005,0
34316.33,12,26,30000,1,0,0.692,0
160551.33,12,23,90000,1,20,0.873,1
47075.67,12,29,235000,2,0,0.126,0
35657.33,10,47,35000,3,20,0.442,0
42527.33,12,41,140000,2,0,0.145,0
613.0,4,26,105000,1,0,0.001,0
78820.67,12,30,150000,1,0,0.618,0
154456.67,12,42,70000,2,0,1.0,0
32247.0,8,41,225000,1,0,0.157,0
108024.67,8,38,80000,2,20,0.658,0
0.0,0,45,25000,3,10,0.0,0
15690.0,12,42,25000,1,0,0.255,0
42482.33,12,32,25000,2,0,1.0,0
135734.33,12,25,75000,1,20,0.866,1
23096.67,12,53,45000,1,0,0.262,0
200790.0,12,42,135000,2,0,0.834,0
67262.0,12,36,35000,1,0,0.932,0
7416.67,10,33,180000,2,0,0.027,0
4104.67,4,34,100000,2,10,0.012,1
173135.33,10,42,125000,1,0,0.998,0
207985.33,12,34,180000,2,0,0.57,0
19381.67,10,39,10000,2,20,0.978,0
32961.0,10,28,125000,1,20,0.086,1
600.0,2,25,30000,2,40,0.01,1
0.0,0,36,100000,2,10,0.0,0
27634.67,12,38,15000,3,0,0.852,1
0.0,0,39,250000,1,10,0.0,0
59198.33,10,45,140000,3,0,0.18,0
1260.67,8,42,100000,2,0,0.006,0
0.0,6,35,180000,2,10,0.0,0
42312.33,8,44,25000,3,20,0.842,1
58292.33,12,30,30000,2,0,0.951,0
89517.33,12,42,55000,2,0,0.914,0
37503.33,12,44,100000,3,0,0.174,0
69420.0,12,39,35000,2,20,0.966,0
183770.0,10,37,110000,4,20,0.864,1
126.33,0,24,10000,1,0,0.019,0
3392.67,12,27,110000,1,0,0.019,0
156763.0,12,40,90000,2,20,0.959,0
45359.67,10,53,50000,2,20,0.436,1
4661.67,6,41,100000,1,0,0.032,0
158245.67,12,34,100000,3,30,0.694,0
123.0,6,38,200000,1,0,0.0,0
59513.33,10,38,30000,1,20,0.988,0
49000.33,12,22,30000,2,0,0.993,0
1828.33,12,37,105000,2,0,0.005,0
31739.33,12,32,100000,1,0,0.151,0
0.0,2,29,25000,1,0,0.0,0
1030.67,4,38,150000,1,20,0.01,1
12899.33,12,48,255000,1,0,0.019,0
0.0,0,32,80000,1,10,0.0,0
2370.67,12,36,25000,2,0,0.07,0
27478.67,12,32,110000,1,0,0.097,0
6870.0,6,22,10000,2,30,0.34,1
2767.33,6,31,205000,1,0,0.01,1
40260.67,12,25,25000,2,0,0.855,1
10987.33,12,38,25000,3,0,0.216,0
9504.0,12,48,25000,3,0,0.208,0
3352.67,10,29,35000,2,20,0.058,0
114709.33,12,25,60000,2,0,1.0,0
488.0,12,30,85000,2,0,0.002,0
1828.0,6,51,80000,1,20,0.009,1
30100.0,10,22,15000,2,20,1.0,0
1661.0,10,40,5000,2,10,0.0,0
182933.0,12,33,80000,2,0,1.0,0
19090.67,10,33,10000,2,20,0.872,0
8755.67,10,35,125000,1,0,0.0,0
24416.0,8,26,15000,2,20,0.769,1
109100.67,12,29,90000,1,0,0.684,0
3293.33,12,34,120000,2,0,0.014,1
15822.33,4,25,15000,2,30,0.546,0
3660.67,6,28,25000,1,30,0.086,0
4446.0,4,24,140000,2,0,0.005,1
16255.33,10,37,10000,1,20,0.734,1
76272.33,12,54,65000,3,0,0.596,0
67302.33,12,29,35000,1,20,1.0,1
3546.67,8,32,90000,2,20,0.011,0
5618.33,12,46,160000,1,0,0.01,0
32771.67,10,33,15000,2,20,1.0,1
0.0,4,33,140000,2,10,0.0,0
5760.67,12,50,40000,2,0,0.112,0
139749.33,12,27,70000,2,0,0.978,0
182822.0,12,27,90000,2,0,1.0,0
7898.67,2,55,10000,2,20,0.587,0
92949.33,12,29,210000,1,0,0.251,0
19945.67,12,29,100000,1,0,0.267,1
45887.67,12,25,70000,1,0,0.322,0
164753.0,12,33,85000,3,0,0.979,0
20568.67,10,24,15000,2,20,0.607,0
0.0,8,26,25000,1,10,0.0,0
126141.67,12,45,75000,1,0,0.824,0
8889.0,6,30,15000,2,0,0.231,1
38820.0,12,38,25000,3,0,1.0,0
672.33,4,39,150000,1,0,0.007,1
37286.33,4,34,40000,3,0,0.743,0
38906.0,12,27,25000,1,0,0.792,0
96979.33,12,41,55000,2,0,0.91,0
4454.33,4,32,55000,1,10,0.0,0
38821.67,10,34,195000,1,0,0.008,0
396.0,12,46,100000,3,0,0.002,0
34446.33,0,38,15000,1,80,1.0,1
98853.0,12,30,115000,1,0,0.443,0
8133.0,10,44,105000,1,0,0.0,0
2530.0,10,54,15000,2,0,0.111,0
81747.67,12,41,65000,3,0,0.784,0
270.67,2,37,65000,3,10,0.0,0
16095.0,12,27,240000,1,0,0.027,0
8096.33,12,37,80000,1,0,0.058,0
7609.0,10,27,5000,1,0,0.66,0
3632.33,12,33,180000,2,0,0.024,0
217268.0,12,28,130000,2,0,0.969,0
49027.0,12,45,165000,2,0,0.144,0
2546.0,0,47,15000,2,20,0.172,1
53415.67,2,31,40000,2,20,1.0,1
5463.67,6,29,60000,2,0,0.065,1
4523.67,6,30,85000,2,0,0.038,1
80.33,4,31,70000,1,10,0.0,0
1315.33,0,37,40000,2,0,0.049,0
141827.33,12,44,100000,3,0,0.694,0
520.0,0,26,40000,2,20,0.01,1
19990.0,12,36,115000,2,0,0.085,0
833.33,0,40,130000,1,0,0.01,0
390.0,10,28,25000,2,0,0.016,0
6.0,0,35,170000,2,10,0.0,0
45314.0,12,39,25000,1,0,0.997,0
859.67,8,45,100000,3,10,0.003,0
88528.67,12,36,140000,2,0,0.325,0
118310.67,10,35,85000,2,20,0.68,0
37948.0,8,38,50000,2,20,0.375,0
1349.0,2,48,180000,1,10,0.001,1
17008.0,12,23,15000,1,0,0.493,1
1020.33,10,26,75000,2,10,0.016,0
17810.0,8,29,25000,2,0,0.31,0
29462.33,12,35,20000,1,0,0.67,0
650.0,4,58,15000,3,0,0.013,0
26919.67,12,35,70000,1,0,0.187,0
7111.0,12,30,75000,2,0,0.059,0
151655.0,12,37,75000,2,0,1.0,0
355510.0,8,47,180000,1,20,1.0,0
100988.33,12,43,85000,2,0,0.803,0
45951.0,10,26,25000,1,20,0.897,1
1920.33,6,43,130000,1,0,0.012,0
63956.67,10,32,175000,3,0,0.203,0
6581.0,4,41,105000,2,0,0.084,0
3248.67,2,39,25000,2,30,0.103,0
90835.0,12,46,85000,2,0,0.558,1
48315.33,12,24,25000,2,0,0.972,1
26568.0,10,32,25000,2,20,0.488,0
3812.33,8,33,140000,2,0,0.001,0
52633.33,12,42,215000,2,0,0.139,0
13396.67,12,30,170000,1,0,0.025,0
39029.0,12,32,155000,1,0,0.292,0
138.67,6,41,60000,1,0,0.003,0
1867.33,12,27,100000,2,0,0.01,1
25153.0,10,41,250000,2,0,0.097,0
220329.33,12,53,135000,3,0,0.889,1
181009.67,12,26,95000,1,0,0.969,0
15132.33,12,37,170000,3,0,0.048,0
272005.67,12,30,195000,3,0,0.867,0
64641.67,10,31,45000,1,20,0.71,0
178495.0,10,27,100000,2,20,0.872,0
66.67,10,43,115000,1,0,0.0,0
26085.67,12,39,50000,3,0,0.019,0
12628.0,8,24,15000,1,20,0.383,1
7412.33,12,50,25000,2,0,0.129,0
40.0,0,44,100000,1,10,0.0,0
37364.67,12,39,25000,2,0,0.856,0
6893.33,12,31,65000,2,0,0.043,1
21108.0,12,46,130000,2,0,0.114,0
8199.0,12,28,40000,1,20,0.12,0
740.0,4,30,10000,2,10,0.0,0
32074.0,12,27,80000,2,0,0.198,0
66903.0,12,24,35000,3,0,0.935,0
61876.33,12,26,35000,1,0,0.867,0
20666.33,8,38,200000,1,20,0.009,1
260.0,4,26,15000,1,10,0.0,0
16374.0,12,35,120000,1,0,0.076,0
34614.33,10,43,20000,2,0,0.91,0
185479.0,10,61,255000,3,20,0.356,0
17388.0,8,23,10000,2,20,0.877,0
40655.0,2,26,40000,2,0,0.754,0
1766.67,0,37,5000,1,0,0.53,0
37178.67,10,61,25000,3,20,0.763,0
29854.67,12,31,100000,2,20,0.145,0
130810.67,10,59,70000,3,20,0.926,0
60656.67,12,28,30000,2,0,1.0,1
5026.33,10,27,50000,1,0,0.056,1
29922.0,10,34,15000,2,20,1.0,0
429.33,6,42,250000,2,0,0.002,0
48633.0,12,31,210000,2,0,0.121,0
130509.67,10,36,65000,2,20,1.0,1
22632.0,6,56,180000,1,0,0.167,0
15428.0,12,36,75000,1,0,0.065,0
557.33,10,33,180000,1,0,0.002,0
118461.33,12,29,115000,2,0,0.683,0
22623.33,6,31,90000,1,0,0.104,0
483.67,4,34,80000,1,10,0.0,1
301.33,12,43,125000,2,0,0.002,0
3223.33,12,40,85000,3,0,0.036,0
97257.33,12,28,50000,2,0,0.953,0
13283.67,10,37,100000,1,0,0.018,1
49543.33,12,53,30000,2,0,0.925,0
53111.0,12,44,150000,1,0,0.194,0
15398.33,10,29,145000,2,20,0.077,0
20379.33,8,23,15000,2,20,0.656,0
157742.33,12,35,170000,2,0,0.86,0
35505.67,12,31,45000,2,0,0.386,0
98313.33,8,28,70000,1,20,0.709,1
77893.0,10,31,75000,1,0,0.739,0
65979.0,10,47,35000,3,20,0.887,1
146743.33,12,41,375000,1,0,0.245,0
105464.33,12,26,100000,2,0,0.58,0
182662.0,12,39,115000,2,20,0.799,1
17252.33,12,43,90000,3,0,0.008,0
3155.33,10,40,105000,2,20,0.011,0
156848.0,10,31,85000,2,20,0.802,0
9418.0,6,26,15000,2,20,0.267,0
29245.33,8,24,15000,1,0,0.958,0
80155.67,10,33,45000,2,20,0.849,0
29557.33,10,30,25000,2,20,0.597,1
582.67,8,28,120000,1,10,0.0,1
3687.0,10,63,140000,1,0,0.015,0
0.0,4,31,205000,3,0,0.0,0
6174.33,8,42,15000,2,20,0.155,1
441.33,10,40,130000,1,0,0.002,0
17904.0,12,51,15000,2,0,0.563,0
8393.0,6,23,5000,2,30,0.868,0
0.0,0,41,145000,1,10,0.0,0
731.67,0,37,75000,1,0,0.015,1
30092.67,12,24,15000,2,0,0.981,0
333239.67,12,44,180000,1,0,0.966,0
0.0,0,47,120000,2,10,0.0,0
2092.0,8,28,30000,1,20,0.0,1
3858.33,10,31,25000,2,0,0.19,0
539.33,4,42,25000,1,0,0.032,0
19168.67,12,29,25000,2,0,0.465,0
5003.33,6,24,5000,2,20,0.423,1
31179.33,8,48,55000,3,20,0.321,1
1883.0,10,29,110000,1,10,0.0,0
107369.67,12,44,200000,3,0,0.301,0
71422.0,12,26,45000,2,20,0.78,0
74718.33,6,48,75000,3,20,0.564,1
74859.67,10,26,40000,2,20,0.963,0
8869.67,10,23,25000,3,0,0.159,0
49268.67,12,33,25000,2,0,0.967,0
7758.67,8,38,10000,2,20,0.316,0
8382.33,12,29,25000,2,0,0.21,0
63525.67,12,27,70000,2,0,0.45,0
2742.33,6,36,140000,1,0,0.016,1
68071.0,8,37,65000,2,20,0.52,1
0.0,6,25,35000,1,20,0.0,0
154040.67,12,38,235000,1,0,0.333,0
124475.0,12,33,250000,2,0,0.269,0
20501.0,6,35,20000,2,20,0.527,0
40212.33,10,45,20000,2,20,1.0,0
8193.67,10,22,25000,1,0,0.117,0
520.0,8,24,20000,1,20,0.02,1
37804.33,12,26,25000,2,0,0.969,0
2961.0,10,44,155000,2,0,0.021,0
28761.33,10,34,70000,2,20,0.194,1
26041.33,12,27,40000,2,0,0.455,1
0.0,2,26,105000,2,30,0.0,1
19939.67,12,23,25000,1,0,0.38,0
51046.67,6,39,200000,1,20,0.127,0
35544.0,12,36,30000,2,0,0.954,0
0.0,2,54,80000,3,10,0.0,0
9510.0,12,31,200000,1,10,0.0,0
12037.67,12,46,225000,1,0,0.063,1
11784.33,10,35,10000,3,20,0.535,0
46372.67,8,47,25000,2,20,0.95,0
8101.67,2,41,100000,2,0,0.118,1
17332.33,0,42,80000,1,0,0.325,0
60658.33,6,48,30000,2,30,1.0,1
2702.0,10,30,140000,2,0,0.013,0
414.33,2,28,100000,2,0,0.006,0
91202.67,10,56,50000,2,0,0.964,0
7705.33,8,22,5000,1,20,0.658,1
48786.0,12,28,40000,1,0,0.622,1
418824.67,12,35,220000,1,0,0.959,1
10139.33,12,36,250000,2,0,0.022,0
16354.67,6,24,10000,3,0,0.731,0
4413.0,10,30,250000,1,0,0.012,0
3739.0,10,24,15000,1,0,0.274,0
1715.33,12,32,90000,1,20,0.002,0
117730.0,12,23,60000,1,0,0.841,0
129420.67,12,50,60000,3,0,1.0,1
79850.67,10,40,70000,2,0,0.553,0
24487.0,12,26,30000,2,20,0.386,1
264.0,10,22,5000,2,0,0.053,1
35608.67,12,39,60000,1,0,0.431,0
30298.67,12,26,35000,2,20,0.414,0
1020.67,10,28,165000,1,10,0.0,0
61760.33,12,40,35000,2,0,0.929,0
22318.33,12,48,205000,3,0,0.016,0
3294.0,10,57,180000,1,0,0.007,0
0.0,2,28,100000,1,0,0.0,0
2331.0,6,34,10000,3,0,0.052,0
69889.33,8,49,45000,3,20,0.771,0
37108.67,12,30,30000,2,0,0.601,0
54.33,6,34,60000,1,20,0.0,0
0.0,6,30,105000,1,10,0.0,0
26769.0,10,25,20000,2,20,0.644,1
94554.33,12,42,65000,3,0,0.811,0
225.0,0,38,75000,1,0,0.004,0
23917.67,8,39,15000,2,20,0.753,1
378208.0,10,52,190000,3,20,1.0,0
59411.33,12,40,75000,3,0,0.378,1
41032.0,10,22,25000,1,20,0.833,1
20722.0,12,27,85000,1,0,0.1,0
498.0,12,41,180000,3,0,0.001,1
292150.67,12,38,250000,1,0,0.477,0
4546.33,4,36,100000,1,10,0.06,0
31956.67,10,33,120000,1,0,0.129,0
252.0,12,38,105000,2,0,0.001,0
63081.0,10,28,55000,2,20,0.608,0
7617.67,6,46,5000,3,40,0.628,1
533.0,0,34,90000,1,0,0.009,0
29042.67,8,41,25000,2,30,0.589,0
57164.0,12,32,90000,1,0,0.353,0
30934.0,10,24,20000,2,0,0.956,1
1168.0,10,25,25000,1,0,0.018,0
324.0,10,29,100000,1,0,0.002,0
166.67,4,27,60000,1,20,0.004,0
66082.33,12,62,45000,3,0,1.0,0
62198.67,12,32,65000,2,0,0.505,0
74046.33,10,48,60000,2,20,0.604,0
83771.33,12,46,175000,1,0,0.292,0
1668.67,12,28,100000,1,0,0.004,0
79451.0,12,26,40000,2,0,0.952,0
1578.67,2,45,25000,1,20,0.095,0
15999.0,10,46,10000,2,20,0.774,0
24852.0,10,31,45000,2,20,0.26,0
6067.33,12,34,80000,2,0,0.033,1
32368.67,10,41,25000,3,20,0.626,0
17591.33,6,30,110000,1,20,0.132,0
69196.33,12,29,35000,1,0,0.979,0
30592.0,2,52,15000,3,30,1.0,0
48636.0,12,46,40000,3,20,0.737,1
1997.0,8,23,5000,2,0,0.307,0
5012.67,12,46,40000,2,0,0.059,0
42126.33,12,25,25000,3,0,0.919,0
37152.33,12,47,30000,1,0,0.828,0
42399.0,12,41,25000,2,0,0.814,0
78373.0,12,26,40000,3,0,0.981,0
108223.33,12,32,60000,2,0,0.947,0
18699.33,10,60,40000,3,20,0.387,0
95655.33,12,33,55000,1,0,1.0,0
59642.0,12,51,70000,3,0,0.416,0
5324.67,10,22,25000,2,20,0.103,0
45328.33,12,38,25000,3,0,0.897,0
20474.0,12,42,160000,1,0,0.06,0
132952.33,8,38,70000,2,20,0.942,0
760.33,8,35,90000,2,0,0.005,0
20054.33,10,25,25000,2,20,0.434,1
39376.33,12,36,155000,2,0,0.168,0
1992.67,10,23,25000,1,0,0.026,0
38927.33,6,62,80000,3,0,0.235,0
6513.0,12,33,110000,2,0,0.044,0
60785.0,8,41,70000,2,20,0.411,0
48568.33,12,49,25000,1,0,1.0,0
58386.0,12,24,30000,2,20,0.958,0
4297.0,10,28,10000,3,20,0.176,1
41631.0,8,27,50000,1,20,0.391,0
145447.33,12,29,75000,3,0,0.995,0
326.0,12,30,130000,2,0,0.001,0
33133.33,12,38,25000,3,0,0.626,0
9873.67,12,29,160000,1,0,0.003,0
83391.0,12,35,90000,2,0,0.532,0
0.0,4,35,60000,2,20,0.0,1
4145.0,6,41,250000,1,30,0.01,0
1037.33,6,32,110000,1,0,0.04,0
0.0,0,26,25000,2,10,0.0,0
440.0,12,56,90000,3,0,0.002,1
6706.0,10,33,115000,2,10,0.0,0
2501.67,6,36,110000,1,0,0.023,0
841.33,0,41,80000,2,0,0.016,1
11816.33,4,23,25000,1,0,0.351,0
94692.0,10,41,50000,2,20,1.0,0
4058.67,12,32,180000,1,0,0.008,0
6076.0,12,38,80000,2,0,0.038,0
3756.33,12,25,50000,1,0,0.094,0
142274.67,12,24,85000,1,0,1.0,0
10751.0,12,26,40000,2,0,0.141,0
31983.67,12,44,25000,2,0,0.775,0
97.67,6,32,250000,2,0,0.0,0
18376.0,10,47,10000,1,30,0.844,0
16067.67,10,26,15000,2,0,0.497,0
0.0,2,30,30000,1,0,0.0,0
9208.33,12,44,180000,1,0,0.051,0
54309.0,12,50,120000,1,0,0.22,0
34522.33,10,36,25000,3,20,0.984,0
47932.67,12,46,25000,2,20,0.988,0
54958.0,12,29,30000,3,0,0.986,0
0.0,0,25,105000,1,10,0.0,0
580.0,8,42,165000,2,0,0.003,0
6344.67,10,25,45000,1,20,0.038,0
65962.0,12,27,190000,1,0,0.118,0
54488.33,12,34,250000,2,0,0.121,0
21660.67,10,35,15000,3,0,0.79,0
31347.0,10,33,25000,2,20,0.592,1
358712.0,12,33,180000,1,0,1.0,0
23099.33,12,28,155000,1,0,0.011,0
57743.33,10,26,30000,2,20,0.977,0
112631.0,12,47,60000,3,0,0.985,0
24567.0,12,33,70000,1,0,0.195,0
144959.0,12,41,110000,1,0,0.996,0
32716.67,12,29,200000,1,0,0.078,0
47981.67,12,56,25000,2,0,0.977,0
0.0,4,35,40000,2,10,0.0,1
16267.0,12,33,75000,3,0,0.141,0
28763.0,12,26,25000,1,0,0.568,0
48600.67,12,50,25000,2,0,1.0,0
55616.67,12,25,105000,2,0,0.46,0
43030.0,10,30,45000,1,20,0.464,0
33052.33,12,31,160000,1,0,0.004,0
0.0,0,29,90000,3,0,0.0,0
145435.0,12,24,155000,2,0,0.534,0
46294.0,12,23,25000,2,0,0.971,0
115441.0,12,41,60000,1,20,0.948,0
455.33,8,36,75000,2,0,0.009,0
9908.0,8,47,10000,2,20,0.421,0
75340.67,12,43,90000,3,0,0.725,0
116268.0,12,39,60000,2,0,0.955,0
429.0,10,27,50000,1,10,0.0,0
633.33,0,51,105000,1,0,0.009,0
85895.67,10,23,50000,2,20,0.854,0
11034.67,8,41,60000,2,0,0.066,0
468.0,8,54,95000,3,0,0.0,0
24411.67,2,30,40000,4,0,0.741,0
59446.0,12,34,35000,2,0,0.855,0
51029.33,12,42,30000,2,20,1.0,1
8376.67,4,25,25000,1,0,0.162,0
99518.0,12,45,55000,2,0,0.984,0
11971.0,12,47,100000,1,0,0.041,0
0.0,4,33,105000,1,10,0.0,0
22329.67,8,50,15000,3,20,0.744,1
1830.33,8,32,80000,1,0,0.007,1
15337.33,6,23,10000,3,20,0.694,1
68382.67,12,42,35000,2,0,0.953,0
3486.0,10,51,130000,3,0,0.007,0
205144.67,12,51,130000,2,0,0.773,0
36574.33,12,54,25000,3,0,0.853,0
16349.67,10,26,85000,2,20,0.096,0
15141.67,10,25,10000,2,20,0.793,0
11250.33,10,24,20000,1,20,0.249,0
163061.33,12,39,110000,3,0,0.876,0
29762.33,10,23,15000,2,20,0.978,1
18503.67,6,22,10000,2,0,0.884,1
38732.67,12,34,60000,1,0,0.56,0
33286.67,8,32,55000,1,20,0.28,0
149781.67,12,23,85000,2,20,0.942,0
32635.67,10,32,45000,1,20,0.358,1
666.67,0,35,70000,1,0,0.014,0
22912.67,8,41,100000,2,0,0.115,1
46893.67,12,27,25000,2,0,0.926,0
16148.33,12,23,35000,2,0,0.0,0
23639.33,10,45,25000,2,0,0.981,0
19825.67,12,57,10000,2,0,1.0,0
18050.33,8,47,10000,2,30,0.889,1
19235.0,6,32,100000,1,20,0.094,1
13547.0,10,28,230000,1,0,0.039,0
0.0,2,28,70000,1,10,0.0,0
3036.67,8,65,120000,1,0,0.017,0
12881.67,2,53,35000,2,0,0.352,0
4094.67,10,53,205000,1,0,0.01,0
89565.0,12,28,45000,2,0,1.0,0
306.67,12,35,130000,2,0,0.001,0
4774.33,12,53,130000,3,0,0.013,0
9161.67,12,36,100000,3,20,0.009,1
12418.33,6,35,250000,1,0,0.01,0
6273.67,12,35,10000,1,0,0.287,1
18258.33,10,40,10000,2,0,0.853,1
18645.0,12,24,10000,2,0,0.955,0
998.33,10,58,180000,3,0,0.004,0
10586.67,8,43,10000,2,20,0.464,1
19196.0,10,25,15000,2,30,0.62,1
18685.67,8,44,90000,1,0,0.105,0
23016.33,8,48,15000,3,30,0.694,0
141307.33,12,48,95000,4,0,0.769,0
10344.0,12,35,110000,1,0,0.053,0
9388.0,8,37,20000,1,20,0.319,0
85488.33,12,30,50000,1,20,0.858,1
25915.33,12,41,15000,1,0,0.745,0
35919.67,12,40,30000,3,0,0.593,0
47019.33,10,28,40000,2,20,0.559,0
77630.33,12,41,90000,2,20,0.594,0
295.0,4,32,45000,2,10,0.0,0
117.0,4,32,115000,1,10,0.0,0
82586.33,12,26,45000,2,0,0.932,1
316.0,12,39,145000,2,0,0.001,0
86846.67,10,58,50000,2,20,0.879,1
3216.33,8,37,180000,1,0,0.013,0
60290.67,12,28,50000,2,0,0.614,0
1712.67,2,33,100000,1,0,0.004,0
17854.0,12,30,35000,1,0,0.278,0
0.0,0,26,100000,2,0,0.0,0
68794.67,12,24,35000,1,0,0.981,0
1409.67,4,33,230000,2,0,0.002,0
3980.33,2,47,40000,2,0,0.092,0
824.33,12,49,45000,2,0,0.004,0
1600.67,8,29,155000,1,0,0.002,0
0.0,4,38,155000,1,10,0.0,1
41896.0,12,29,25000,2,0,0.97,0
9732.67,12,30,110000,1,0,0.068,0
28045.33,12,25,35000,1,0,0.453,0
38779.0,12,34,30000,1,0,0.629,0
382.0,4,54,225000,1,0,0.002,0
603.67,8,29,10000,1,0,0.017,0
12.67,8,33,210000,1,0,0.015,1
7595.33,12,22,5000,2,0,0.658,1
1650.0,0,25,10000,2,40,0.082,1
91595.0,8,49,100000,2,20,0.456,1
79846.0,10,25,40000,2,20,0.983,0
29932.67,12,30,40000,3,0,0.975,1
55064.67,12,23,30000,1,0,0.989,0
326.0,12,28,115000,1,0,0.001,0
93186.0,10,30,50000,1,20,0.944,0
0.0,0,29,100000,1,0,0.0,1
51004.33,12,26,55000,1,0,0.526,0
30259.33,4,22,25000,2,0,0.95,0
330.0,8,53,130000,1,20,0.0,1
205955.67,12,32,110000,1,20,0.933,0
1173.0,6,32,100000,1,0,0.009,0
5334.33,8,26,5000,2,20,0.501,1
38964.33,12,34,90000,2,0,0.209,0
48034.67,10,30,105000,2,20,0.219,0
35796.33,12,29,155000,1,20,0.146,1
24041.0,8,29,180000,1,0,0.033,0
63257.33,12,51,100000,1,0,0.514,0
181392.67,10,39,90000,2,20,1.0,1
35856.67,8,27,70000,2,20,0.244,0
20994.67,10,32,25000,1,20,0.402,1
60012.0,12,33,30000,3,0,0.994,0
0.0,0,27,45000,2,10,0.0,0
98703.33,12,40,50000,2,0,0.862,0
1400.0,4,24,10000,3,10,0.0,0
18757.33,12,29,55000,1,0,0.165,0
25343.0,12,25,35000,1,0,0.35,0
5721.33,12,33,85000,2,0,0.024,0
0.0,2,64,250000,1,0,0.0,1
10724.33,6,38,15000,2,20,0.31,0
31134.33,12,23,25000,2,0,0.662,0
10773.67,10,22,5000,2,20,0.972,0
32532.0,12,35,100000,1,0,0.069,0
183274.0,12,29,195000,1,0,0.503,0
84021.0,8,32,70000,2,30,0.544,1
4483.0,12,50,110000,3,0,0.003,0
707.0,4,40,250000,1,0,0.004,0
1261.0,10,49,50000,2,0,0.013,0
196902.33,12,30,200000,3,0,0.303,0
70060.67,12,26,40000,1,0,0.955,0
28496.0,12,39,15000,2,0,0.938,0
160625.33,12,35,120000,1,0,0.667,1
402231.0,12,49,250000,1,0,0.956,1
43877.0,12,36,25000,2,0,0.843,0
1939.0,12,34,90000,2,0,0.007,0
71602.0,10,33,50000,2,20,0.701,0
91337.0,8,29,90000,2,20,0.475,0
64278.33,12,40,25000,3,0,1.0,0
17133.33,0,29,180000,1,0,0.143,0
0.0,0,27,165000,2,10,0.0,1
34349.33,2,38,100000,1,0,0.015,0
4409.33,4,22,20000,2,0,0.022,0
32740.67,12,37,130000,1,0,0.141,0
43615.0,12,40,160000,1,0,0.034,0
3313.0,12,22,5000,2,0,0.039,0
223190.67,12,30,115000,2,0,0.95,0
2650.33,10,24,5000,2,20,0.567,1
874.67,10,25,15000,1,20,0.019,1
45632.67,12,41,45000,2,0,0.505,0
520.0,10,41,150000,3,10,0.001,0
18821.33,10,31,115000,2,0,0.076,0
11228.0,10,27,75000,2,0,0.063,0
57200.67,12,52,30000,2,0,0.948,0
20796.33,2,25,25000,2,0,0.835,0
68063.67,12,31,70000,2,0,0.459,0
74890.33,12,25,45000,3,0,0.896,0
70043.0,8,50,40000,3,20,0.842,1
4722.0,10,38,130000,2,0,0.003,0
498.0,6,53,30000,3,30,0.012,0
45461.0,8,48,25000,2,20,0.89,1
42483.67,8,34,75000,1,20,0.272,0
124.33,8,36,110000,1,0,0.001,0
98883.33,12,36,165000,1,0,0.289,0
69766.33,12,37,150000,2,0,0.226,0
71334.33,12,29,35000,2,0,1.0,0
43218.0,10,29,150000,1,0,0.0,0
34131.67,8,43,35000,2,20,0.452,0
103868.33,8,24,55000,2,20,0.922,0
123984.33,12,28,120000,2,0,0.505,0
22447.67,12,54,40000,3,0,0.762,0
0.0,0,26,25000,3,0,0.0,0
40976.67,10,32,210000,1,0,0.108,0
28425.33,10,41,110000,2,20,0.123,0
55952.67,12,31,75000,1,0,0.601,0
7202.33,8,31,30000,1,0,0.164,0
45.0,8,46,130000,2,0,0.0,0
0.0,8,34,90000,1,10,0.0,1
39457.0,10,25,65000,2,20,0.306,0
208715.33,12,45,110000,2,0,0.928,0
152698.33,8,40,100000,4,20,0.291,0
326.0,10,27,65000,1,0,0.003,1
16985.67,12,41,210000,1,0,0.053,0
27861.67,10,23,15000,1,0,0.889,1
22824.0,12,43,55000,3,0,0.004,0
0.0,0,25,75000,2,10,0.0,1
0.0,0,38,25000,2,0,0.0,0
0.0,2,41,100000,1,10,0.0,0
151957.33,12,33,85000,1,0,1.0,1
122425.0,12,25,100000,4,0,0.674,0
151832.0,10,31,100000,2,20,0.769,0
48815.33,8,33,25000,4,20,1.0,0
488130.0,12,38,250000,1,0,0.955,0
4113.33,4,25,75000,1,0,0.021,0
687.33,10,25,15000,2,0,0.028,0
275.0,10,33,115000,1,0,0.002,0
7439.0,6,49,180000,2,0,0.037,1
446785.67,12,37,190000,1,0,1.0,0
13995.67,8,43,15000,3,30,0.45,0
51343.0,12,43,25000,2,0,1.0,0
0.0,0,47,210000,2,10,0.0,0
65468.67,12,32,35000,2,0,0.957,0
51501.33,12,37,25000,2,0,1.0,0
331643.33,12,33,175000,2,0,0.975,1
3510.67,4,32,100000,1,0,0.053,0
9188.0,8,29,170000,2,20,0.015,0
24748.67,12,25,25000,2,0,0.494,0
16736.67,6,22,10000,2,20,0.759,1
0.0,0,34,180000,1,10,0.0,1
31975.67,12,29,70000,1,0,0.213,0
116047.33,8,39,75000,2,20,0.783,1
99840.67,10,35,50000,1,20,0.989,1
1815.0,10,44,230000,1,0,0.004,0
146020.67,12,34,75000,2,20,0.986,0
67212.67,6,39,145000,1,0,0.273,0
110160.67,10,35,120000,2,20,0.455,0
8096.67,12,41,105000,1,0,0.004,0
269686.0,12,33,175000,2,0,0.838,0
19577.33,12,37,140000,3,20,0.016,0
106229.67,12,43,75000,2,0,0.703,0
26851.33,12,29,85000,2,0,0.043,0
17565.67,10,40,25000,3,20,0.482,0
55214.0,8,51,50000,2,40,0.56,1
32473.67,12,24,25000,2,0,0.952,0
0.0,2,33,115000,2,10,0.0,1
35473.67,12,28,45000,2,20,0.371,1
7962.33,6,24,10000,2,20,0.603,0
702.33,4,40,130000,2,0,0.004,0
2456.0,6,40,145000,1,0,0.002,1
48667.67,10,34,25000,2,20,0.988,0
36861.33,12,42,30000,3,0,0.904,0
395.0,2,36,90000,2,0,0.004,0
63070.67,12,43,125000,2,0,0.331,0
83124.0,12,29,45000,1,0,0.916,0
3996.33,6,52,5000,3,20,0.348,0
40388.33,10,37,145000,1,0,0.19,0
79319.33,12,27,40000,2,0,0.994,0
300.0,4,25,15000,2,30,0.01,0
11681.0,8,37,100000,2,0,0.124,0
62265.0,12,56,25000,3,0,1.0,0
203900.33,6,47,110000,2,40,0.985,1
30236.67,12,48,215000,2,0,0.075,0
34767.33,12,27,25000,2,0,0.979,1
333.0,12,33,205000,1,0,0.001,0
24201.67,8,39,25000,2,20,0.478,0
72450.0,12,47,55000,2,0,0.663,0
48976.67,6,28,25000,1,20,1.0,0
26656.33,8,56,15000,3,30,0.885,1
6909.0,10,25,40000,1,30,0.078,1
8750.0,12,39,115000,2,0,0.038,0
259489.0,12,66,150000,2,0,0.865,1
16304.0,12,28,115000,2,0,0.1,0
256.33,2,36,110000,1,0,0.003,0
199981.33,12,26,100000,1,0,0.998,0
117335.33,10,30,65000,1,20,0.868,1
18171.33,12,25,10000,1,0,0.863,0
5165.33,12,31,200000,1,0,0.02,0
29576.0,12,29,115000,1,0,0.136,0
6154.67,8,36,15000,2,0,0.224,0
195101.0,12,44,95000,2,0,1.0,0
7389.33,6,27,110000,1,0,0.002,0
19727.33,12,30,10000,2,0,0.957,0
0.0,4,29,140000,2,0,0.0,0
81623.67,12,36,95000,2,0,0.419,0
2077.0,2,36,130000,1,0,0.023,0
65976.33,10,34,40000,2,20,0.792,0
57854.0,12,24,30000,2,0,0.952,0
24589.0,12,52,40000,3,0,0.448,0
34312.67,10,36,180000,1,20,0.043,1
199.33,4,33,175000,2,0,0.002,0
48566.0,10,25,25000,2,30,0.935,0
879.67,8,40,180000,1,0,0.028,0
3702.67,8,41,50000,3,0,0.074,1
499.33,2,29,180000,1,0,0.004,0
145.33,10,31,60000,1,0,0.003,0
13301.67,2,51,10000,3,0,0.963,0
86440.33,12,31,50000,1,20,0.849,1
52410.0,12,22,30000,2,0,1.0,0
2439.33,4,28,120000,1,20,0.021,1
68370.0,12,25,35000,1,0,0.97,0
26267.33,12,31,180000,1,0,0.035,0
8745.0,12,47,145000,1,0,0.013,0
87929.67,12,24,45000,1,0,0.948,0
11561.67,8,54,40000,3,0,0.15,0
26235.33,8,38,25000,2,20,0.573,0
48133.67,12,54,25000,3,0,0.961,0
12450.0,12,45,80000,2,0,0.122,0
68857.67,12,53,60000,3,20,0.558,1
65005.0,12,27,250000,1,0,0.157,0
3235.0,12,24,25000,2,0,0.031,0
35000.0,12,28,25000,2,0,0.706,1
4015.0,12,28,25000,2,0,0.059,0
1544.33,10,33,105000,1,0,0.003,0
4181.33,2,26,40000,2,0,0.073,0
13854.67,8,31,10000,1,20,0.638,0
775.0,10,34,155000,1,0,0.001,1
18766.33,12,29,75000,1,20,0.122,0
40614.67,12,50,25000,2,0,0.979,1
69924.67,8,30,50000,3,20,0.684,1
76169.0,2,31,75000,4,0,0.911,0
6359.0,10,23,25000,2,20,0.125,0
20.67,6,51,90000,3,20,0.0,1
4504.67,4,23,25000,3,0,0.173,0
39079.33,12,36,25000,3,0,0.889,0
3095.67,12,43,25000,3,0,0.135,0
230370.67,12,41,115000,2,0,1.0,0
50536.0,10,24,35000,2,20,0.981,0
21145.67,6,51,25000,3,0,0.134,0
9009.0,12,31,5000,2,0,1.0,0
28189.0,10,27,15000,3,20,0.902,0
52166.33,12,29,115000,2,0,0.304,0
22131.0,10,61,25000,3,20,0.418,0
18781.33,10,31,10000,2,0,0.888,0
21408.67,10,31,10000,2,0,0.828,0
833.33,2,26,180000,2,0,0.0,0
8369.67,10,28,60000,1,20,0.07,0
54690.67,12,35,200000,1,0,0.03,0
10942.0,12,40,180000,1,0,0.016,0
153223.0,12,55,250000,1,0,0.033,0
201093.67,12,50,250000,1,0,0.394,0
4080.0,10,26,40000,2,0,0.027,0
5510.0,2,23,10000,2,0,0.47,0
22865.0,12,24,10000,1,0,1.0,0
695.33,8,51,100000,2,0,0.008,1
8837.33,10,27,25000,3,20,0.225,0
1646.67,0,46,60000,3,0,0.041,1
28600.0,6,37,15000,2,0,0.918,0
22138.0,12,35,195000,2,0,0.087,0
5470.67,8,57,100000,1,0,0.01,0
150.0,2,52,130000,1,20,0.001,1
517.33,12,33,105000,2,0,0.005,0
650.0,8,46,90000,1,30,0.004,0
80271.33,10,27,60000,2,20,0.696,0
3380.33,4,26,25000,1,20,0.114,1
38208.0,12,32,25000,2,0,0.926,0
44006.0,12,30,25000,1,20,0.879,0
60744.33,4,24,45000,2,0,0.897,0
32007.0,8,23,40000,1,20,0.404,0
20962.33,12,24,25000,2,0,0.471,0
182344.67,12,24,155000,2,0,0.657,0
20577.33,12,25,50000,1,0,0.189,0
1252.33,8,50,115000,3,10,0.0,0
31823.33,12,40,60000,3,0,0.263,1
162594.33,12,48,115000,1,0,0.699,0
25484.33,10,38,180000,3,20,0.083,0
30048.67,12,37,250000,1,0,0.075,0
41649.0,12,44,25000,3,0,1.0,1
12653.33,8,49,15000,2,20,0.385,0
114681.33,12,45,360000,1,0,0.174,0
3532.67,8,22,5000,1,30,0.406,0
4981.0,12,27,200000,1,0,0.014,1
10701.33,12,33,75000,1,0,0.019,0
1686.67,10,54,250000,1,0,0.005,0
33887.33,12,25,25000,2,0,0.865,0
26970.0,12,26,105000,2,0,0.128,0
177.0,2,36,130000,1,0,0.002,0
2625.33,8,38,120000,2,20,0.031,1
30.0,6,30,180000,2,0,0.0,0
108.0,6,30,100000,1,0,0.0,0
299.67,2,43,25000,3,0,0.003,0
0.0,0,23,40000,2,10,0.0,1
36454.0,12,29,115000,1,0,0.141,0
65197.33,12,40,250000,1,0,0.008,0
45401.67,10,40,35000,1,20,0.653,1
40254.0,10,36,25000,1,20,0.748,1
1169.67,12,34,105000,3,0,0.004,0
154306.0,12,41,110000,1,0,0.718,0
75117.33,8,29,50000,2,20,0.752,0
3162.33,6,45,75000,2,0,0.063,0
1706.0,10,42,25000,2,0,0.029,0
900.0,6,45,25000,3,20,0.005,0
16962.33,12,48,205000,2,0,0.071,1
0.0,0,29,40000,2,0,0.0,0
68994.33,10,35,35000,2,20,0.977,0
360.67,6,28,105000,3,0,0.005,0
312615.0,12,36,145000,2,0,1.0,0
13004.0,12,42,25000,2,0,0.242,1
48611.0,10,40,190000,2,0,0.083,0
58838.0,10,24,30000,2,20,0.987,0
3638.67,10,37,100000,1,0,0.021,0
48531.0,12,32,100000,4,0,0.32,0
5776.67,6,33,95000,1,0,0.003,0
76034.67,12,46,40000,2,0,0.917,0
86893.0,12,33,240000,1,0,0.248,0
17983.0,10,53,10000,3,0,0.843,0
0.0,0,30,115000,3,10,0.0,1
77328.33,12,31,80000,2,0,0.473,0
34885.0,12,49,25000,3,20,0.735,0
13162.0,10,47,40000,2,20,0.218,0
3986.0,0,39,120000,2,0,0.05,0
2220.0,10,27,25000,1,0,0.009,0
240903.33,12,35,150000,2,20,0.801,0
23970.0,12,23,100000,2,0,0.339,0
166128.0,12,43,90000,2,0,0.956,0
69465.67,12,27,185000,3,0,0.138,0
31965.67,12,28,115000,2,0,0.139,0
86150.33,10,27,45000,2,20,0.953,1
11978.33,10,26,10000,1,20,0.553,1
2768.33,6,57,140000,1,30,0.003,0
0.0,0,39,100000,1,10,0.0,1
135155.0,12,73,70000,2,0,0.966,0
2471.0,12,27,75000,1,0,0.023,0
28090.0,10,31,25000,2,20,0.529,1
28705.33,4,25,25000,2,0,0.808,0
17333.0,10,23,10000,1,20,0.779,0
145220.67,12,33,100000,1,0,0.753,0
9658.33,12,23,10000,2,0,0.432,0
22841.67,10,24,15000,2,0,0.886,1
20403.33,10,34,40000,2,20,0.216,1
115714.0,12,30,115000,2,0,0.489,0
0.0,0,38,120000,1,0,0.0,0
1126.33,4,38,100000,1,20,0.001,1
63500.0,12,49,40000,2,0,0.897,0
472.33,4,39,145000,2,10,0.0,1
18030.33,10,23,35000,2,20,0.261,1
9101.33,10,38,15000,2,20,0.266,0
7494.0,10,31,15000,3,20,0.629,1
31717.33,12,37,140000,2,0,0.004,0
2091.0,6,28,100000,2,0,0.015,0
6666.67,0,28,30000,1,0,0.333,0
117460.33,12,26,70000,4,0,0.978,0
178852.0,12,29,195000,2,0,0.412,0
6330.67,10,28,15000,1,0,0.212,0
910.0,4,54,80000,3,20,0.005,1
8332.67,12,32,250000,2,0,0.027,0
3100.0,8,26,90000,2,0,0.028,0
111830.33,12,33,145000,2,0,0.404,0
142257.67,12,35,70000,1,0,1.0,0
15034.0,12,31,25000,2,0,0.273,0
117265.0,12,47,65000,1,20,0.89,0
86282.33,2,48,80000,3,0,0.976,1
111796.67,12,35,55000,2,0,1.0,0
226.67,10,33,90000,2,0,0.003,0
164634.67,12,32,130000,4,0,0.653,1
62959.33,12,32,155000,1,0,0.216,0
9441.33,12,44,225000,2,0,0.044,0
49824.33,12,27,65000,1,0,0.533,0
4867.33,8,36,150000,1,20,0.019,0
0.0,2,39,80000,1,10,0.0,0
14834.0,8,26,15000,2,0,0.427,0
61480.67,8,48,135000,2,20,0.199,1
194.67,6,63,180000,2,10,0.0,1
0.0,0,42,180000,2,10,0.0,1
5913.67,12,40,90000,2,0,0.017,0
390.0,10,41,180000,3,0,0.001,0
2482.0,2,45,140000,1,20,0.009,1
8475.67,12,44,110000,2,0,0.023,0
6373.0,6,47,10000,3,0,0.408,0
145181.33,12,32,155000,3,0,0.557,0
5599.67,12,52,80000,2,20,0.014,1
2900.0,0,27,25000,1,10,0.0,0
17821.33,4,38,10000,2,0,0.831,1
19274.67,12,26,10000,2,0,0.931,1
156563.33,12,32,235000,2,0,0.386,0
42457.33,12,31,80000,2,0,0.267,1
2828.0,12,31,110000,1,0,0.013,0
12737.33,12,42,25000,2,0,0.232,0
16501.33,12,22,25000,2,20,0.275,1
3333.33,0,53,115000,1,0,0.043,0
44865.33,12,51,35000,2,20,0.627,0
0.0,0,29,180000,3,10,0.0,0
173.33,0,24,45000,2,0,0.006,0
1736.0,12,27,90000,1,0,0.015,1
48247.33,12,53,25000,2,0,0.955,1
0.0,0,39,105000,1,0,0.0,0
53173.0,10,24,25000,1,20,1.0,0
8242.67,12,23,5000,2,20,0.821,0
67426.33,12,42,40000,1,0,0.93,0
1197.33,8,34,100000,3,0,0.018,0
522788.33,12,41,250000,1,20,1.0,1
48548.33,12,42,25000,2,0,0.988,0
29397.67,10,22,25000,3,20,0.626,0
33679.0,12,46,40000,3,20,0.502,0
10338.0,10,23,25000,1,20,0.208,0
7012.67,10,22,25000,2,20,0.114,0
74166.33,12,24,40000,2,0,0.984,0
73745.0,8,39,50000,2,30,0.766,1
0.0,0,49,180000,1,10,0.0,0
619.33,12,37,255000,1,0,0.001,0
48365.0,12,26,60000,2,0,0.398,0
5296.33,12,48,65000,3,0,0.104,0
549938.67,12,44,165000,1,0,1.0,0
28929.0,12,40,25000,3,0,0.586,0
27454.0,8,43,15000,2,20,0.857,0
156169.33,12,24,100000,1,0,0.783,0
55450.33,12,33,40000,2,20,0.673,0
6775.33,10,39,110000,1,0,0.03,0
25.0,2,30,35000,1,10,0.0,0
305920.0,12,48,175000,2,0,0.889,0
39042.0,12,27,20000,2,0,0.964,0
58304.33,10,24,30000,2,20,1.0,0
3468.0,8,34,60000,2,0,0.05,0
36716.67,12,48,25000,2,0,1.0,0
71230.33,10,44,50000,1,20,0.684,1
89210.67,8,30,105000,2,20,0.409,1
18158.33,6,35,10000,2,20,0.826,0
188142.67,12,42,120000,3,0,0.664,0
106821.33,12,43,85000,2,0,0.563,0
2540.0,10,34,165000,1,0,0.001,0
48716.0,12,43,35000,2,0,0.855,0
47312.33,12,29,25000,3,0,0.911,0
39893.0,12,38,65000,2,0,0.073,0
2400.0,0,36,25000,3,70,0.048,1
36535.67,12,30,225000,1,0,0.103,1
68759.0,10,41,50000,2,20,0.688,1
12353.67,12,26,60000,1,0,0.096,0
20135.0,10,29,135000,1,0,0.055,0
2070.67,6,36,40000,1,0,0.063,0
65763.0,12,40,40000,3,0,1.0,0
4042.33,12,33,160000,1,0,0.012,0
5464.0,4,35,190000,1,10,0.0,0
75562.67,12,41,190000,2,0,0.229,0
9476.67,10,41,90000,2,0,0.119,0
34364.67,12,31,50000,2,0,0.324,0
26894.67,10,29,145000,1,0,0.143,0
3993.0,12,27,45000,1,0,0.012,1
9537.33,6,24,5000,2,50,0.983,1
20580.67,6,31,75000,3,0,0.213,0
400.0,2,32,80000,2,20,0.002,0
196782.33,12,27,100000,1,20,0.957,1
1393.0,10,23,15000,2,0,0.046,0
67318.67,12,24,35000,1,0,0.942,0
0.0,2,30,80000,2,10,0.0,0
96610.0,10,27,70000,1,20,0.678,1
12514.67,12,22,25000,3,0,0.237,0
302.67,10,23,25000,1,0,0.01,0
3747.33,12,31,75000,1,0,0.01,0
0.0,0,34,60000,1,10,0.0,0
881.0,8,63,80000,2,10,0.0,0
177496.67,8,26,90000,4,0,1.0,0
205481.33,12,27,110000,2,0,1.0,0
9269.33,6,22,5000,2,20,0.863,1
2288.67,12,36,40000,1,0,0.013,0
106608.33,12,28,55000,2,0,0.955,0
12.0,6,51,40000,2,10,0.0,1
8565.0,10,52,135000,2,20,0.069,0
132930.67,10,36,80000,1,20,1.0,0
17995.33,12,44,25000,2,0,0.335,0
59286.0,12,39,30000,2,0,0.967,0
123679.33,6,28,70000,2,20,0.984,0
253362.67,12,34,180000,2,0,0.771,0
8718.33,10,34,100000,4,0,0.03,0
38041.0,10,36,20000,2,20,0.961,1
48104.67,10,50,25000,3,20,0.968,1
34247.33,12,46,25000,2,0,0.962,0
107376.33,12,27,35000,1,0,1.0,0
739.67,8,41,250000,1,0,0.001,0
6440.0,6,37,80000,1,20,0.111,1
178818.33,12,28,90000,3,0,0.982,0
16355.0,12,25,50000,2,0,0.483,0
7480.67,12,38,25000,2,0,0.099,0
140834.0,12,33,105000,2,0,0.674,1
700.0,12,29,70000,1,0,0.005,0
39534.33,10,23,40000,2,0,0.636,1
78919.33,10,28,60000,1,20,0.633,1
44762.33,4,48,140000,2,0,0.265,0
28346.33,12,45,40000,2,0,0.376,0
98897.33,8,31,100000,3,20,0.011,0
2473.67,12,27,150000,1,0,0.009,0
7598.0,12,34,20000,1,0,0.175,0
0.0,2,38,180000,2,20,0.0,1
4027.0,8,30,30000,1,10,0.0,0
600.0,2,29,55000,2,40,0.005,1
2.67,6,42,25000,2,10,0.0,0
2580.67,8,24,75000,2,0,0.01,0
59361.33,12,22,30000,4,0,1.0,0
10443.33,8,25,10000,1,0,0.885,0
6143.0,10,33,180000,2,0,0.027,0
2611.0,0,25,15000,1,0,0.261,0
58575.0,12,36,35000,2,0,0.848,0
47869.67,12,28,25000,2,0,0.969,1
59051.67,12,37,40000,2,20,0.725,1
10127.0,10,35,100000,2,0,0.038,0
2415.0,2,42,240000,3,0,0.015,0
59988.0,12,46,30000,2,20,0.996,1
141351.0,12,60,75000,3,0,0.999,1
1583.33,4,40,200000,1,0,0.012,1
78.0,4,36,150000,1,20,0.0,1
42890.0,10,26,40000,3,20,0.512,0
27062.0,8,25,15000,2,30,0.86,0
246945.0,12,33,150000,2,0,0.945,0
41609.33,12,23,25000,2,0,1.0,0
203251.33,12,53,200000,2,0,0.632,0
75146.33,12,26,140000,2,0,0.251,0
3249.33,6,30,80000,1,20,0.041,0
5320.67,12,53,225000,1,0,0.009,0
0.0,0,47,25000,3,10,0.0,0
16662.0,12,47,60000,3,0,0.135,0
21894.0,10,57,30000,2,0,0.348,0
132129.33,12,26,105000,1,0,0.618,0
31274.33,12,24,55000,2,0,0.263,0
42964.67,10,32,55000,1,20,0.39,1
92365.67,12,41,70000,2,0,0.659,0
2131.67,12,36,215000,2,10,0.004,0
2349.0,8,43,10000,2,0,0.241,0
4865.67,8,31,180000,1,10,0.0,0
495040.0,12,29,315000,1,0,0.789,1
30917.67,10,39,30000,2,0,0.869,0
31078.0,12,41,25000,3,20,0.965,0
390.33,10,41,100000,1,0,0.004,0
9742.67,2,61,10000,3,20,0.941,0
0.0,0,37,130000,1,10,0.0,0
4277.0,10,32,105000,1,0,0.041,0
27371.67,10,31,15000,2,0,0.957,0
1344.0,12,33,250000,1,0,0.002,0
19748.0,10,47,10000,3,20,0.988,0
626.0,12,40,120000,1,0,0.003,0
15061.67,12,45,10000,3,0,0.82,0
19664.67,6,30,75000,1,20,0.116,1
10088.67,6,30,75000,1,20,0.099,0
153861.33,12,41,250000,1,0,0.464,0
211453.33,12,53,110000,2,0,0.944,1
8401.0,12,22,15000,2,0,0.442,0
8046.0,8,40,5000,2,20,0.848,1
3103.67,10,28,85000,2,10,0.0,0
71539.0,12,45,60000,1,10,0.0,1
67063.67,12,29,140000,1,0,0.376,0
7403.33,10,22,5000,3,20,0.757,0
107512.0,0,54,100000,3,60,0.551,0
112530.33,12,36,130000,2,0,0.412,0
221183.67,12,43,250000,1,0,0.549,0
324.33,10,32,250000,1,0,0.0,1
257562.67,12,50,130000,1,0,0.98,0
34622.67,12,32,45000,2,0,0.401,0
108632.33,2,52,80000,2,0,1.0,1
184611.0,12,25,115000,2,0,0.815,0
1933.33,2,46,180000,2,10,0.016,0
49496.0,12,29,25000,3,0,0.983,0
71843.0,12,44,65000,3,0,0.643,0
0.0,0,27,120000,2,10,0.0,1
14743.33,12,22,25000,1,0,0.269,0
56395.67,12,43,160000,1,0,0.108,0
66838.67,12,44,65000,2,0,0.532,0
49622.33,10,48,25000,3,20,0.986,0
331475.0,12,24,165000,1,0,1.0,0
0.0,2,37,165000,1,0,0.0,0
116543.33,12,23,60000,2,20,0.899,0
111327.67,10,29,90000,2,20,0.63,1
92201.0,12,47,250000,1,0,0.196,0
6260.67,10,54,125000,2,20,0.07,0
104067.67,12,29,130000,2,0,0.217,0
1097.0,0,36,135000,1,0,0.012,0
15889.33,10,42,250000,1,10,0.007,0
14695.0,8,42,30000,3,20,0.026,1
145434.0,12,28,120000,1,0,0.617,0
833.33,0,41,250000,1,20,0.005,1
139446.67,12,33,165000,2,0,0.418,0
4058.0,12,24,40000,2,0,0.032,0
72555.67,12,23,40000,1,0,1.0,0
123745.0,10,39,90000,3,20,0.679,1
18195.67,10,24,30000,1,0,0.304,1
3867.67,6,44,75000,2,0,0.002,0
260.0,8,45,5000,3,20,0.039,0
324897.33,12,41,170000,1,0,0.957,0
78476.0,12,39,40000,3,0,1.0,0
39178.0,12,34,215000,1,0,0.083,0
83190.67,12,36,170000,1,0,0.27,0
3358.33,10,35,40000,2,0,0.028,0
118920.0,12,34,75000,1,0,0.652,0
258214.33,10,27,160000,1,20,0.791,1
83354.33,12,28,60000,2,0,0.807,0
535557.33,12,31,310000,1,0,0.918,0
22189.33,12,37,65000,1,0,0.174,0
2601.33,12,46,115000,2,0,0.019,1
24033.33,10,28,30000,1,20,0.372,1
18078.0,12,32,210000,3,0,0.098,0
42954.33,12,36,40000,2,0,0.74,0
24367.0,12,42,100000,1,0,0.116,0
74231.67,12,43,40000,2,20,0.973,0
1216.0,4,34,100000,1,30,0.008,1
118701.0,12,42,55000,3,0,1.0,0
57567.33,12,37,30000,2,0,0.913,1
25539.67,8,33,170000,1,0,0.105,0
42822.0,12,22,25000,3,0,1.0,0
59292.67,10,48,40000,2,20,0.753,0
23875.67,10,29,15000,2,20,0.732,0
23678.0,12,24,100000,2,0,0.107,0
390.0,12,49,100000,1,0,0.002,0
23766.67,12,34,45000,2,20,0.55,1
145008.67,12,49,80000,1,0,0.899,0
49447.33,8,44,25000,2,20,0.992,1
0.0,0,36,115000,1,10,0.0,0
5554.67,12,27,150000,1,0,0.002,0
2500.0,0,59,150000,1,20,0.008,0
33952.0,2,35,25000,1,0,1.0,0
2334.0,10,45,130000,2,0,0.015,0
876.0,12,38,70000,2,0,0.008,0
26097.67,12,28,15000,2,0,0.84,0
10799.33,8,35,115000,2,20,0.132,0
0.0,0,28,130000,1,0,0.0,1
95369.0,12,28,55000,2,20,0.972,0
81670.0,12,26,180000,2,0,0.249,0
1628.0,4,63,10000,2,20,0.043,0
4620.33,10,41,115000,1,0,0.008,0
88479.0,12,30,110000,1,0,0.414,0
209633.67,8,32,115000,1,20,0.893,1
144022.0,12,27,250000,2,0,0.394,0
6383.33,6,36,25000,3,0,0.217,0
424057.67,12,49,250000,1,0,0.871,0
5181.33,10,22,15000,2,0,0.149,1
21563.0,12,23,25000,1,0,0.413,0
493.0,2,27,40000,1,0,0.016,0
34018.0,8,23,20000,1,20,0.809,0
117965.0,12,37,250000,2,0,0.314,0
30590.0,6,29,15000,2,0,0.995,0
60889.67,12,28,45000,1,0,0.69,0
19664.33,10,35,10000,2,0,1.0,1
23149.67,8,22,30000,2,30,0.422,0
195560.67,12,32,250000,1,0,0.417,0
12858.0,6,40,35000,1,20,0.172,0
3602.33,12,26,90000,1,0,0.005,0
863.67,6,38,225000,1,0,0.003,1
27225.67,6,35,110000,2,10,0.0,0
7620.67,12,45,10000,2,10,0.226,0
31743.33,10,50,85000,2,0,0.466,0
75066.33,12,48,55000,1,0,0.668,0
40895.33,12,45,35000,2,0,0.615,0
185.0,0,38,145000,4,0,0.002,0
1024.67,12,23,25000,1,0,0.021,0
155920.33,12,32,80000,2,0,0.976,0
1172.0,12,37,180000,2,0,0.002,1
32900.0,4,29,100000,3,0,0.494,0
77900.67,12,38,100000,2,0,0.043,0
3708.33,12,29,50000,2,0,0.025,0
226.67,12,48,35000,2,0,0.003,0
60644.33,10,23,30000,2,20,1.0,0
51944.0,12,43,85000,2,0,0.3,0
42010.33,12,25,25000,1,0,0.804,1
183750.0,12,28,180000,2,0,0.577,0
41351.33,12,24,105000,2,0,0.195,1
3377.67,12,30,10000,3,0,0.02,0
19486.33,10,24,10000,2,20,0.86,1
17962.67,6,37,10000,2,0,0.866,1
12799.67,12,57,230000,3,0,0.016,0
25067.67,2,22,15000,1,20,0.841,1
6160.0,6,38,15000,3,20,0.19,1
5890.67,12,26,15000,1,0,0.314,0
18120.0,6,33,10000,2,30,0.907,1
1106.0,0,32,75000,1,20,0.022,1
115908.67,12,27,100000,2,0,0.561,0
0.0,0,48,55000,2,10,0.0,0
30115.67,6,32,200000,1,20,0.075,1
8264.33,10,25,25000,2,20,0.22,0
106890.67,12,28,50000,1,0,1.0,0
118204.0,8,34,60000,1,20,0.984,1
1145.67,2,43,110000,1,30,0.005,1
82685.33,12,40,50000,2,0,0.908,0
33229.0,2,35,205000,1,0,0.243,0
5177.0,8,28,25000,2,20,0.11,0
28600.67,12,26,25000,1,0,1.0,0
76995.67,12,33,45000,3,20,0.84,0
7.0,2,30,130000,1,0,0.0,0
8990.67,10,24,35000,1,20,0.118,0
116492.0,12,53,65000,2,20,0.846,1
1498.33,8,43,60000,3,20,0.017,0
4707.0,6,44,80000,3,10,0.0,0
49431.0,12,32,25000,2,0,0.983,1
3352.0,12,27,110000,1,0,0.015,1
6134.0,12,28,250000,1,0,0.011,0
5793.33,12,26,180000,1,0,0.02,0
112965.67,12,32,160000,2,20,0.357,0
0.0,0,39,190000,1,10,0.0,1
35084.0,10,45,35000,2,0,0.446,1
1402.67,10,32,60000,1,20,0.03,1
1861.33,10,52,40000,3,10,0.0,1
215668.0,10,25,110000,1,20,1.0,0
12912.0,8,34,10000,2,0,0.775,0
34409.33,6,39,25000,2,0,0.928,0
898.33,8,34,60000,2,0,0.003,0
11565.0,12,30,25000,1,0,0.297,0
68665.0,12,24,40000,1,0,1.0,0
121243.0,12,28,65000,2,0,0.919,0
1881.33,12,37,225000,1,0,0.001,0
58389.0,12,27,40000,2,30,0.71,1
4886.0,12,39,50000,3,0,0.042,0
2500.0,0,43,130000,2,20,0.01,1
16487.33,12,45,25000,3,0,0.482,0
69291.0,12,30,100000,1,0,0.375,0
346.33,10,40,130000,2,0,0.001,0
487977.0,12,37,235000,3,20,1.0,1
79784.33,10,41,50000,2,20,0.768,0
619.67,8,31,180000,1,0,0.001,1
28745.0,12,24,25000,2,0,0.84,0
18564.67,12,23,10000,2,0,0.939,0
0.0,0,34,180000,2,10,0.0,1
186098.33,12,31,95000,1,0,0.96,0
49376.0,12,34,90000,2,0,0.328,0
183322.67,10,35,110000,2,0,1.0,0
65356.0,12,34,100000,3,0,0.377,0
1278.33,10,29,75000,2,0,0.012,0
19975.33,12,41,120000,2,0,0.092,1
273292.67,12,28,170000,2,0,0.968,0
50916.33,12,26,50000,2,0,0.537,0
43806.33,12,29,40000,3,0,0.531,0
64485.0,12,40,105000,1,0,0.287,0
25226.67,6,38,150000,2,0,0.019,0
266.67,10,37,110000,3,20,0.001,1
46.0,6,50,125000,1,10,0.0,0
38284.0,12,32,35000,2,0,0.531,0
45760.0,10,27,85000,1,20,0.276,0
27825.0,12,34,80000,2,0,0.358,0
79332.33,12,24,55000,2,0,0.963,0
1591.33,12,25,30000,1,0,0.009,0
530.33,8,29,145000,2,0,0.0,0
223854.67,12,33,120000,3,0,0.925,0
28262.33,8,23,15000,2,40,0.954,0
7476.0,12,45,245000,1,0,0.02,1
513.33,2,43,10000,3,20,0.0,0
224501.67,6,34,130000,1,0,0.978,0
403.0,10,32,105000,1,20,0.003,0
5202.0,10,47,150000,1,0,0.011,0
520.0,2,42,20000,2,0,0.02,0
2081.33,6,37,250000,1,0,0.006,0
1400.67,12,30,130000,1,20,0.005,0
81167.0,12,37,45000,2,0,0.947,1
0.0,0,25,10000,2,0,0.0,0
161428.67,12,31,135000,1,0,0.62,1
60448.67,12,42,50000,2,20,0.584,0
17633.33,2,31,175000,1,0,0.148,0
1249.33,8,39,100000,2,20,0.001,0
26828.33,8,39,15000,2,20,0.899,0
390.0,12,23,10000,2,0,0.02,0
669.33,12,29,120000,1,0,0.006,0
8665.67,12,30,25000,1,20,0.154,0
68216.33,12,44,40000,1,0,0.858,0
758.33,0,29,80000,1,0,0.014,0
72031.67,12,26,125000,2,0,0.282,0
1906.0,8,31,25000,2,0,0.008,1
1468.67,4,45,40000,3,30,0.031,0
10547.33,10,39,45000,2,0,0.306,0
19872.33,10,22,10000,2,0,0.983,0
43895.0,8,43,25000,2,20,0.876,0
147106.0,12,23,75000,2,0,0.977,1
0.0,8,39,25000,2,10,0.0,0
27470.33,10,39,250000,2,20,0.035,0
326.0,12,28,100000,1,0,0.002,0
25498.0,12,27,45000,1,0,0.279,0
100861.67,12,39,50000,2,0,1.0,0
2569.33,12,46,300000,2,0,0.004,0
1828.33,4,22,10000,2,20,0.144,0
39008.33,10,37,30000,1,20,0.632,0
27912.0,12,40,90000,3,0,0.171,0
149613.33,12,29,145000,1,0,0.801,0
6028.67,8,32,115000,3,0,0.038,0
118958.67,12,34,90000,2,0,0.643,0
2458.33,12,30,75000,1,0,0.023,0
165799.33,12,39,230000,2,0,0.366,0
709.0,6,36,70000,1,0,0.006,0
2492.33,8,41,250000,1,0,0.005,1
5894.0,12,36,10000,3,0,0.331,0
23383.67,10,62,35000,2,20,0.352,0
3113.67,12,23,75000,1,0,0.009,0
9491.67,8,58,5000,2,20,0.886,1
44762.0,12,33,250000,1,0,0.153,0
1023.0,12,37,130000,1,0,0.01,0
4819.0,6,24,5000,4,0,0.574,0
17888.33,10,37,105000,1,0,0.048,0
3030.0,12,31,90000,1,0,0.016,0
37692.0,12,31,20000,2,0,0.935,0
3958.33,2,38,90000,2,0,0.054,0
20701.0,12,39,125000,2,0,0.032,0
41139.33,12,23,25000,2,0,0.905,0
8555.67,12,35,200000,3,0,0.02,0
3208.33,8,30,120000,1,0,0.0,0
2054.33,12,33,90000,1,0,0.017,0
2266.0,8,33,150000,1,0,0.015,0
191962.0,12,32,150000,2,0,0.642,0
92574.33,8,35,70000,1,20,0.652,0
8141.33,12,25,35000,1,0,0.04,0
16487.67,12,25,10000,1,0,0.773,0
18734.33,12,36,145000,2,0,0.055,0
405.67,4,24,65000,2,20,0.009,1
68989.33,8,37,35000,2,20,0.965,1
51560.67,12,26,30000,3,0,0.977,0
12603.67,12,31,170000,2,0,0.054,0
17133.33,0,34,25000,1,0,1.0,0
57252.0,12,29,75000,2,0,0.477,0
84408.67,10,28,90000,1,20,0.505,0
49729.67,12,30,25000,2,0,0.976,0
12841.0,12,39,100000,2,0,0.076,0
54269.67,12,33,70000,1,0,0.394,1
133189.33,12,45,95000,2,20,0.739,0
87453.0,12,26,70000,1,0,0.601,0
40820.0,8,34,25000,2,20,1.0,0
3022.33,12,47,180000,2,0,0.023,0
179811.67,10,29,90000,2,20,1.0,0
140716.67,12,40,80000,4,0,0.925,0
37984.67,10,30,90000,2,20,0.226,1
3252.0,8,39,100000,2,20,0.018,0
63222.33,12,32,175000,1,0,0.194,0
87801.33,10,29,45000,2,20,0.924,0
10612.67,8,34,25000,3,20,0.182,0
7338.33,8,29,15000,1,20,0.0,0
129400.67,12,45,140000,2,0,0.61,0
67510.33,12,25,70000,2,0,1.0,0
0.0,0,38,100000,1,0,0.0,0
10261.33,4,29,10000,3,0,0.557,0
3036.0,12,28,60000,2,0,0.035,0
130547.0,10,54,65000,3,30,1.0,0
147624.33,10,32,75000,3,0,0.989,0
8288.67,12,37,5000,1,0,0.76,0
108049.67,12,58,100000,2,0,0.529,0
14448.67,10,44,240000,2,0,0.044,0
3802.33,12,39,40000,3,0,0.054,0
176778.67,10,31,100000,2,0,0.866,0
35412.67,8,40,25000,2,20,0.749,0
1570.0,12,32,65000,3,0,0.003,1
2443.0,0,28,100000,2,70,0.012,1
64183.67,8,36,85000,1,20,0.488,0
98499.33,12,46,75000,1,0,0.652,0
1174.33,12,35,255000,1,0,0.0,0
2555.33,10,65,135000,2,10,0.0,0
129912.0,10,26,65000,2,20,1.0,1
96184.67,12,57,65000,3,0,0.968,1
22.33,8,34,60000,2,0,0.001,0
1664.33,12,43,70000,1,0,0.013,0
9360.67,6,35,180000,1,0,0.018,0
18714.0,10,24,25000,2,20,0.31,0
179.0,4,31,15000,2,30,0.023,1
9850.0,4,26,15000,3,20,0.0,0
874.67,6,42,75000,1,20,0.003,0
33952.0,4,58,25000,3,0,1.0,0
8926.67,10,22,5000,2,0,0.873,0
56603.33,10,26,30000,3,20,1.0,0
64680.67,12,28,100000,2,0,0.317,0
47858.67,12,46,25000,3,0,1.0,1
10685.0,6,23,5000,2,30,1.0,0
12180.33,12,44,155000,1,0,0.039,0
28678.0,12,29,85000,2,0,0.02,0
44242.33,10,34,155000,2,0,0.206,0
3054.67,4,50,10000,1,0,0.458,1
0.0,0,39,115000,1,10,0.0,1
6957.67,12,31,25000,1,0,0.091,0
43180.0,12,28,130000,1,0,0.15,0
91677.33,12,59,55000,2,20,0.814,0
0.0,0,30,105000,1,10,0.0,1
54309.0,12,31,130000,2,0,0.24,0
356592.33,12,51,200000,3,0,0.934,0
14262.0,6,58,10000,2,20,1.0,0
749.33,12,42,90000,2,0,0.002,0
129480.0,12,26,90000,2,30,0.721,0
29573.0,6,44,15000,3,20,0.943,0
38157.33,12,34,25000,2,0,0.816,0
141512.0,10,26,75000,1,20,0.877,0
29325.0,6,23,15000,1,40,0.998,0
15555.0,10,24,30000,1,0,0.136,0
267981.67,10,40,250000,1,20,0.534,1
436.67,4,37,90000,1,20,0.007,1
71511.0,12,35,90000,3,0,0.621,0
34763.67,12,48,30000,2,0,0.776,1
0.0,2,30,100000,1,10,0.0,0
132850.0,12,25,75000,2,0,0.983,1
139047.0,12,58,95000,2,20,0.711,0
101965.67,12,42,85000,2,0,0.601,0
131237.67,12,29,140000,1,0,0.482,0
924.67,12,43,145000,3,0,0.007,0
20561.33,12,44,120000,2,0,0.09,0
43298.67,10,24,55000,2,20,0.388,0
129697.0,12,27,70000,1,0,0.906,0
34641.33,12,38,125000,2,20,0.271,1
71450.0,12,32,50000,3,20,1.0,0
7162.0,8,54,10000,3,20,0.313,0
52146.0,12,27,60000,2,20,0.427,0
663.33,2,30,60000,1,10,0.0,0
6196.33,8,25,65000,2,20,0.034,0
8411.33,10,24,5000,2,20,0.693,0
28655.33,10,31,50000,1,20,0.272,0
17557.67,12,34,35000,2,20,0.242,1
20151.67,12,37,180000,1,0,0.07,0
0.0,4,26,65000,1,0,0.0,0
143896.0,12,38,120000,2,0,0.55,0
0.0,2,34,10000,2,10,0.0,1
440.0,4,43,30000,1,30,0.008,0
20930.67,2,45,10000,2,40,1.0,0
42828.67,12,29,25000,2,0,0.9,0
21196.33,12,31,115000,1,0,0.089,0
42510.0,10,29,30000,1,20,0.681,0
94745.67,12,42,50000,2,0,1.0,1
11.0,4,49,170000,1,10,0.0,1
15546.67,12,30,130000,1,0,0.054,0
833.33,0,41,110000,1,0,0.011,0
3039.0,8,27,65000,1,0,0.04,0
283044.33,12,29,150000,1,0,0.994,0
60375.67,10,47,25000,3,20,1.0,1
27313.0,8,25,15000,2,20,0.886,0
1169.33,2,32,140000,1,10,0.0,1
23114.67,10,26,25000,3,20,0.452,0
1535.67,10,42,100000,3,20,0.008,0
8427.33,12,32,180000,2,0,0.02,0
49434.67,12,23,25000,2,0,0.941,0
832.67,6,31,140000,1,0,0.006,0
36258.33,12,43,25000,1,0,0.853,0
1119.0,6,31,90000,3,0,0.001,0
545.67,4,37,70000,2,10,0.0,1
19801.67,12,33,60000,1,20,0.155,1
20082.33,12,30,10000,2,0,1.0,0
9527.67,12,30,65000,1,30,0.068,1
60695.67,12,29,30000,2,0,0.916,1
7761.0,8,50,180000,1,0,0.032,0
23676.67,12,32,180000,1,0,0.075,0
136572.33,10,41,130000,3,20,0.529,1
45855.67,12,31,25000,3,0,1.0,0
54.0,2,43,10000,2,0,0.003,1
76474.0,8,34,40000,1,20,0.923,1
2489.33,8,30,105000,1,0,0.009,1
251549.67,8,30,250000,2,0,0.761,0
51264.33,12,31,25000,2,0,1.0,1
10487.0,2,27,15000,2,20,0.994,0
17437.0,12,38,130000,2,0,0.069,0
5713.0,12,40,100000,1,0,0.022,0
4943.33,12,41,145000,2,0,0.024,0
11426.67,12,27,15000,2,0,0.347,0
8000.0,12,38,130000,2,0,0.031,0
88044.0,12,33,250000,2,0,0.178,0
0.0,2,35,90000,2,0,0.0,0
42503.33,12,30,25000,3,20,1.0,1
11843.33,6,40,225000,1,0,0.021,0
45181.0,12,24,55000,3,0,0.713,0
176819.67,12,29,170000,1,0,0.563,0
329.33,8,22,10000,2,20,0.025,0
0.0,0,32,25000,2,10,0.0,1
91141.0,12,35,70000,3,0,0.335,0
3192.0,12,31,200000,1,0,0.014,0
6653.67,2,40,25000,2,0,0.312,0
5133.0,12,53,65000,3,0,0.058,0
30255.0,12,29,35000,2,0,0.492,1
6377.67,0,24,20000,1,0,0.478,0
65901.67,12,29,65000,1,0,0.003,0
44078.33,12,40,35000,2,0,0.615,0
9815.33,12,30,125000,1,0,0.026,0
102123.33,12,25,75000,4,20,1.0,0
291632.0,12,31,150000,2,0,0.95,0
6768.33,8,24,10000,2,0,0.0,0
7826.0,12,23,10000,2,0,0.344,0
15139.0,8,24,10000,1,20,0.738,1
4555.33,12,42,105000,3,10,0.0,1
330.67,12,31,110000,1,0,0.002,0
2220.0,12,32,150000,1,0,0.007,0
37266.0,12,38,60000,1,0,0.435,0
6973.0,10,25,25000,2,20,0.136,1
1519.0,2,42,105000,2,0,0.02,0
1739.33,8,56,85000,2,0,0.028,1
27946.33,12,23,30000,1,0,0.456,0
18234.33,6,41,10000,2,30,0.861,1
37000.67,10,27,25000,2,20,0.839,1
3072.0,4,43,90000,3,10,0.0,0
20223.33,8,28,10000,2,20,1.0,1
108.67,4,32,155000,1,10,0.0,0
11857.67,12,48,65000,3,20,0.092,0
145891.0,12,25,80000,2,0,0.959,0
45842.0,12,33,250000,1,0,0.096,0
19566.33,12,29,10000,2,0,0.946,0
14973.0,12,53,35000,3,0,0.201,0
396.0,10,27,65000,2,0,0.006,0
123161.0,12,40,155000,2,0,0.581,0
9382.0,4,25,10000,3,0,0.627,1
4834.33,6,41,90000,3,0,0.02,0
13163.67,10,43,15000,3,20,0.42,0
12038.33,10,39,25000,2,20,0.219,0
1111.33,10,27,105000,1,0,0.001,0
86874.33,12,42,45000,1,20,0.982,1
19204.0,12,58,10000,2,0,0.985,0
145489.0,12,29,65000,1,20,1.0,1
0.0,6,24,30000,2,10,0.0,0
11364.67,12,35,155000,2,0,0.046,0
69965.0,12,40,40000,2,0,1.0,0
17401.33,8,40,100000,2,0,0.036,0
96736.33,12,27,90000,1,0,0.525,0
0.0,0,34,100000,1,10,0.0,1
448.0,0,63,90000,3,0,0.007,1
9332.0,12,23,5000,2,0,1.0,0
37253.33,12,30,25000,2,0,1.0,0
39828.0,12,33,105000,3,0,0.211,0
17864.33,8,22,10000,4,0,0.879,0
48381.33,6,31,25000,2,0,0.954,0
208500.33,12,43,145000,1,0,0.68,0
18724.67,12,37,180000,1,0,0.046,0
3500.33,12,38,250000,2,0,0.005,0
26519.0,12,41,25000,2,0,0.508,0
5345.33,12,25,90000,2,0,0.024,0
0.0,0,44,100000,2,10,0.0,0
82434.67,10,48,70000,2,0,0.577,0
7821.67,12,46,180000,2,0,0.018,1
59838.0,12,34,30000,2,0,0.988,0
91596.0,12,24,55000,2,0,0.836,0
24674.0,12,28,25000,2,0,0.357,0
390.0,12,27,65000,2,0,0.003,0
10171.33,4,23,10000,1,0,0.435,0
1481.67,8,35,100000,1,20,0.01,1
4758.33,10,41,5000,3,20,0.398,1
27856.33,12,30,165000,1,0,0.015,0
5574.67,6,34,180000,2,0,0.027,0
2571.67,12,46,115000,2,0,0.015,0
1684.67,8,37,70000,2,20,0.015,1
4668.0,12,38,25000,1,0,0.051,0
15826.67,10,31,15000,2,20,0.785,0
0.0,2,29,85000,1,10,0.0,0
48964.0,10,32,25000,2,20,0.987,0
221.0,2,35,145000,1,0,0.002,1
138678.67,12,43,70000,1,0,0.992,1
41452.0,12,39,55000,2,0,0.45,0
130874.33,12,27,85000,1,0,0.752,0
39037.33,10,31,195000,2,0,0.127,0
1019.33,4,47,80000,1,0,0.01,0
19806.67,2,37,10000,2,40,1.0,0
36590.67,10,24,20000,1,20,0.923,0
8250.67,12,37,200000,2,0,0.018,0
2133.33,10,29,130000,2,0,0.017,0
211777.67,12,52,130000,3,0,0.799,0
187896.67,8,48,120000,1,40,0.751,0
8204.67,12,38,115000,2,0,0.055,0
5090.67,6,45,25000,2,0,0.098,0
1221.0,10,37,200000,1,0,0.004,0
29658.33,12,31,15000,2,0,0.976,0
53441.0,12,37,150000,1,0,0.174,0
10244.67,8,24,50000,1,20,0.076,0
62545.33,12,26,65000,1,0,0.034,0
7749.67,10,41,90000,1,0,0.037,0
59110.0,8,24,65000,3,20,0.783,1
0.0,0,25,65000,1,10,0.0,0
149.0,4,57,25000,2,0,0.003,0
17517.67,12,36,115000,2,0,0.001,1
91587.33,2,35,70000,3,0,0.974,0
14106.67,10,30,30000,2,0,0.692,0
390.0,6,23,15000,2,0,0.013,0
36678.0,8,39,20000,3,20,0.859,1
2688.33,4,40,125000,2,20,0.028,0
31154.33,4,53,10000,2,0,1.0,0
106990.0,4,27,60000,2,30,0.918,1
88516.67,12,29,105000,2,0,0.412,0
833.33,0,33,190000,1,0,0.007,1
492.67,10,28,65000,2,0,0.003,0
60932.33,12,49,40000,2,0,0.994,1
3055.0,10,31,40000,2,0,0.045,1
61278.67,10,36,70000,2,20,0.426,0
100067.33,12,50,110000,2,0,0.58,0
7270.67,8,23,10000,2,20,0.311,1
150.0,2,43,100000,2,20,0.001,1
31785.0,12,24,25000,2,0,0.743,0
19445.67,10,30,10000,2,0,1.0,0
37972.33,12,37,115000,3,0,0.159,0
232654.0,10,29,115000,2,20,1.0,1
556.0,10,24,30000,2,10,0.0,0
19934.0,10,54,25000,3,20,0.374,1
2321.67,4,40,65000,3,0,0.023,0
14559.0,8,27,10000,2,20,0.865,0
31328.0,12,31,220000,2,0,0.113,0
6174.0,12,23,75000,1,0,0.002,0
7298.0,10,42,205000,2,0,0.017,0
32086.0,10,32,160000,2,0,0.135,0
25572.67,10,26,15000,2,20,0.9,0
76189.0,12,29,40000,2,20,0.94,0
28088.0,6,47,25000,3,50,0.563,1
49692.0,10,39,25000,2,20,1.0,1
789.33,2,52,70000,1,0,0.01,0
8307.33,12,38,250000,1,0,0.016,0
49952.67,12,48,30000,3,0,0.984,0
1962.67,2,35,75000,1,0,0.039,0
59254.67,12,46,65000,4,20,0.613,0
18554.67,12,41,10000,2,0,0.929,0
3231.33,12,43,155000,2,0,0.016,0
260.0,0,42,45000,2,0,0.009,0
16484.67,10,46,105000,1,0,0.075,1
7638.0,4,22,5000,2,20,0.719,1
26818.67,12,59,15000,3,0,0.976,0
18994.0,8,22,15000,2,20,0.952,1
28172.67,12,24,15000,1,0,0.963,0
4359.67,12,45,110000,2,10,0.0,0
1283.33,2,45,10000,3,20,0.067,1
1178.67,12,30,150000,1,0,0.002,0
4181.67,12,30,80000,2,0,0.033,0
6389.33,12,25,5000,2,0,0.538,0
17651.33,12,23,10000,2,20,0.812,1
16771.33,6,29,10000,1,30,0.816,1
40227.33,12,26,35000,2,0,0.955,1
33374.33,12,30,25000,2,0,0.867,0
9907.67,10,26,65000,1,20,0.079,0
19363.67,10,38,90000,1,0,0.155,0
8995.0,8,28,25000,2,20,0.19,1
35918.33,4,44,250000,1,0,0.072,0
30546.33,12,27,170000,1,0,0.09,0
3593.0,6,25,75000,2,0,0.022,0
12558.33,10,40,75000,2,0,0.214,0
29460.33,10,47,50000,2,0,0.276,0
14107.33,10,28,50000,1,0,0.166,0
26342.0,10,23,15000,1,20,0.85,1
32899.0,10,34,75000,2,20,0.205,0
8308.67,10,23,5000,1,0,0.768,0
79487.67,12,38,95000,1,0,0.409,0
40997.0,12,33,35000,1,0,0.563,0
7428.33,8,48,180000,1,0,0.023,0
74705.67,12,37,250000,2,0,0.143,0
74607.33,12,45,105000,2,0,0.395,0
181397.0,12,37,160000,2,0,0.588,0
40825.33,10,22,25000,2,20,0.797,0
4632.67,10,38,250000,1,0,0.009,0
760.0,10,42,160000,2,0,0.002,0
78293.67,12,26,40000,2,0,0.954,0
338282.67,12,42,125000,1,20,1.0,1
396.0,10,40,125000,1,0,0.002,0
833.33,2,33,110000,1,0,0.0,0
4617.33,10,37,125000,1,0,0.006,0
39165.67,10,24,25000,2,20,0.842,0
3503.67,12,43,180000,1,10,0.0,1
0.0,0,38,130000,1,10,0.0,0
8931.33,6,45,25000,2,0,0.193,0
4313.0,8,25,10000,2,0,0.02,0
4841.67,6,23,5000,2,0,0.207,0
488711.67,10,34,250000,2,20,1.0,0
1452.0,8,33,165000,2,10,0.0,0
113272.33,12,34,85000,2,0,0.666,0
1650.0,0,63,10000,2,40,0.082,0
39555.33,10,29,40000,2,20,0.473,0
5567.33,12,32,120000,2,0,0.017,0
45242.67,12,28,75000,2,0,0.311,0
162164.67,12,34,100000,2,0,0.678,0
4274.0,6,33,150000,1,0,0.005,0
82607.33,10,35,50000,2,40,0.823,1
8652.67,12,33,145000,2,0,0.048,0
11960.33,12,56,50000,3,0,0.109,0
7787.0,12,46,5000,1,0,0.677,1
81996.67,12,41,210000,1,0,0.19,0
19137.0,12,42,10000,2,0,0.959,0
967.33,12,37,150000,1,0,0.002,0
30095.0,12,26,25000,3,0,0.841,0
11266.67,4,44,90000,2,0,0.188,0
6586.0,12,41,210000,2,0,0.04,0
4744.33,12,49,50000,2,0,0.104,0
18686.33,10,38,40000,2,20,0.234,0
95559.33,12,42,105000,1,0,0.494,0
0.0,4,42,40000,3,10,0.0,0
67853.0,12,31,120000,1,20,0.272,0
73620.33,12,45,250000,1,0,0.076,0
8991.67,12,27,50000,2,0,0.105,0
121.0,8,36,305000,1,0,0.001,0
416.0,12,27,85000,2,0,0.002,0
23318.33,12,45,160000,1,0,0.117,0
107251.33,10,38,100000,3,20,0.302,0
336.67,2,35,180000,1,10,0.0,1
62.67,2,34,100000,2,10,0.0,0
0.0,0,39,75000,2,10,0.0,1
16283.33,0,44,50000,1,0,0.488,0
39260.0,12,29,100000,1,0,0.229,0
17.0,8,26,15000,2,0,0.0,0
214430.0,12,36,130000,1,0,0.92,1
1000.0,12,34,150000,2,0,0.003,1
74016.33,12,32,55000,2,0,0.671,0
453.33,4,24,25000,1,0,0.016,0
6576.67,12,44,250000,3,0,0.032,0
25631.67,12,30,30000,1,0,0.407,0
50361.0,12,39,40000,1,0,0.615,1
0.0,0,40,185000,1,10,0.0,0
476.0,10,38,75000,2,20,0.003,0
24.0,0,35,105000,1,10,0.0,0
150030.0,12,34,250000,2,0,0.351,0
158860.0,2,42,75000,1,80,1.0,1
54902.33,12,39,55000,2,0,0.498,0
52652.67,10,49,30000,1,0,1.0,0
549079.0,12,33,240000,1,0,1.0,0
15154.33,8,35,15000,1,20,0.483,0
210548.67,8,28,120000,2,20,0.876,1
1294.0,8,40,175000,1,10,0.0,0
0.0,0,38,120000,2,10,0.0,1
72848.67,10,27,40000,1,0,0.975,0
43845.67,12,43,50000,1,0,0.425,0
5697.67,10,30,15000,2,0,0.106,0
13533.33,10,41,145000,1,0,0.012,0
1854.0,4,34,100000,1,0,0.018,0
20931.33,12,32,180000,1,0,0.11,0
136202.0,12,46,215000,2,0,0.123,1
14544.33,8,44,75000,1,0,0.092,0
41059.67,12,30,100000,2,0,0.242,1
0.0,0,31,25000,3,10,0.0,0
1926.33,10,36,120000,3,20,0.0,0
5836.33,12,24,10000,1,20,0.182,0
3462.33,0,30,75000,1,0,0.07,0
19962.0,12,39,115000,1,0,0.082,0
668.67,8,31,10000,2,0,0.042,1
23671.67,6,33,50000,2,20,0.234,0
73914.33,12,30,140000,2,0,0.256,1
3990.33,12,39,45000,3,0,0.055,0
20340.67,12,29,120000,1,0,0.096,0
15298.33,6,27,40000,3,20,0.511,1
41118.67,12,34,80000,2,0,0.323,0
7475.33,12,37,140000,1,0,0.007,0
159294.33,10,30,85000,1,20,0.934,0
61817.67,8,47,45000,2,20,0.679,1
1917.67,6,29,80000,1,20,0.016,0
92503.33,10,36,210000,3,0,0.0,0
984.0,10,30,140000,2,0,0.002,0
18404.33,6,26,15000,2,20,0.6,1
130551.67,10,34,70000,1,20,0.897,0
12357.33,10,48,110000,1,20,0.007,0
399.0,10,27,130000,1,0,0.002,0
16169.67,12,27,85000,2,10,0.0,0
27107.67,2,33,95000,2,0,0.211,0
41917.0,8,31,25000,2,0,0.815,0
2808.0,6,31,100000,1,0,0.025,0
3366.0,6,44,150000,1,0,0.033,0
7825.33,8,34,115000,1,0,0.015,0
44435.0,12,57,25000,2,0,1.0,0
7498.67,12,25,75000,3,0,0.062,0
95176.0,12,35,75000,3,0,0.597,1
9792.33,12,50,5000,1,0,1.0,0
62520.0,12,43,120000,3,0,0.255,0
41935.0,12,27,115000,2,0,0.207,0
326.0,10,34,85000,2,0,0.002,0
18935.67,12,38,230000,1,0,0.046,0
4179.67,12,46,120000,2,0,0.012,0
24440.0,8,43,40000,2,20,0.308,0
2502.67,12,29,145000,2,0,0.004,0
30437.33,12,22,15000,2,0,1.0,0
227872.33,12,35,120000,2,0,0.948,0
20208.33,12,42,40000,2,0,0.132,0
29556.0,6,33,15000,2,0,0.965,0
48.33,2,52,90000,2,0,0.0,0
260.0,4,26,25000,2,0,0.008,1
27426.67,6,52,15000,3,30,0.883,1
112987.67,8,32,55000,1,20,1.0,1
3041.67,6,33,90000,2,10,0.033,0
22615.67,10,49,25000,2,0,0.934,0
136226.67,12,29,70000,2,0,1.0,0
87966.33,12,38,45000,2,0,1.0,1
26054.33,8,25,45000,2,30,0.263,1
47612.33,2,31,90000,2,0,0.723,0
83220.0,12,29,180000,1,0,0.257,0
13400.0,12,28,70000,2,20,0.09,1
50902.67,12,23,45000,3,0,1.0,0
1194.67,6,27,75000,1,0,0.001,0
188977.33,10,56,100000,2,0,0.977,0
133929.0,12,48,55000,2,0,1.0,0
6340.33,12,25,205000,1,0,0.01,0
26686.67,12,58,25000,3,0,0.625,0
80702.67,12,43,85000,2,0,0.461,0
7415.0,12,39,105000,2,0,0.004,0
252841.0,12,35,145000,1,0,0.853,0
3725.67,12,27,80000,1,0,0.015,0
47343.67,12,27,25000,2,0,0.972,1
41504.33,12,28,25000,2,0,0.662,0
5832.33,6,21,15000,2,0,0.347,0
18597.0,12,24,15000,3,20,0.603,1
57320.33,12,27,40000,2,0,0.696,0
17901.0,12,39,10000,1,20,0.843,1
1460.0,10,39,65000,3,20,0.014,0
4550.67,6,34,40000,1,30,0.053,1
40843.67,12,40,40000,2,0,0.572,0
2351.67,12,39,90000,3,10,0.0,0
39117.33,10,37,75000,1,0,0.327,0
81762.0,8,26,50000,2,0,0.731,0
30333.0,10,47,25000,3,20,0.587,0
1992.0,6,48,145000,2,0,0.003,1
0.0,0,54,245000,1,0,0.0,1
915.0,0,30,65000,1,10,0.0,0
50.0,6,24,10000,1,10,0.0,0
11026.67,8,23,15000,1,20,0.359,1
53605.67,12,25,115000,1,0,0.23,0
388.0,10,52,130000,1,0,0.002,0
833.33,0,38,145000,1,0,0.009,0
2845.67,12,54,110000,2,0,0.012,0
59133.0,10,26,30000,2,30,1.0,1
59731.0,12,45,75000,3,0,0.399,0
13571.33,8,39,40000,2,30,0.171,1
17441.33,8,23,15000,2,20,0.536,1
88105.67,12,34,105000,2,0,0.413,0
28212.67,10,27,25000,3,20,0.547,0
34506.33,12,47,125000,1,0,0.172,0
9762.33,12,34,100000,2,0,0.064,1
143452.0,8,48,75000,2,20,0.966,1
29517.33,10,26,15000,2,20,0.969,0
32602.0,12,23,25000,2,0,0.709,0
81738.67,10,32,105000,1,20,0.594,0
21227.67,12,31,10000,2,0,0.924,0
47228.0,4,56,55000,1,30,0.421,1
76229.33,12,26,70000,1,0,0.605,0
23680.0,12,56,25000,3,0,0.495,0
80824.33,12,27,115000,2,0,0.347,0
187576.67,10,28,100000,1,20,0.923,0
1039.0,6,30,60000,2,0,0.023,0
48257.33,12,46,25000,2,0,0.981,0
104676.67,12,39,70000,3,0,0.772,0
32493.0,12,48,50000,3,0,0.166,0
220425.67,10,43,40000,3,0,1.0,0
93701.33,8,29,50000,2,30,0.87,1
39069.33,12,23,60000,2,0,0.322,0
1665.0,10,50,25000,2,0,0.071,1
1656.0,4,24,15000,2,0,0.026,0
233802.33,12,27,165000,2,0,0.72,0
200921.67,12,53,120000,1,0,0.971,0
234590.33,12,39,145000,2,0,0.787,1
52174.0,10,42,30000,2,20,1.0,0
2625.33,10,29,180000,1,0,0.016,0
266.0,6,39,100000,1,0,0.0,0
63620.67,12,33,225000,1,0,0.149,0
94141.67,6,41,40000,1,20,1.0,0
250.0,4,32,115000,2,0,0.003,0
780.0,6,32,80000,2,0,0.002,0
1320.0,4,53,10000,3,0,0.22,0
1055.67,8,28,100000,3,20,0.001,1
1473.0,12,35,120000,2,0,0.006,1
4429.33,12,39,40000,3,0,0.06,0
10900.67,6,53,10000,2,0,0.614,0
122049.0,12,25,60000,1,0,1.0,0
51606.0,6,24,65000,3,30,0.381,1
78446.67,12,45,100000,3,0,0.49,0
10.0,0,36,165000,1,0,0.0,0
21868.67,8,22,15000,3,40,0.717,1
1050.0,0,25,10000,2,30,0.052,0
6803.67,6,41,85000,1,0,0.062,1
160926.0,12,24,75000,2,20,1.0,0
17677.0,8,25,10000,2,20,0.793,0
5708.33,12,29,80000,1,10,0.0,0
12934.33,8,38,70000,2,20,0.11,0
41252.0,12,27,75000,2,0,0.411,0
120828.33,6,47,60000,3,20,1.0,0
14491.33,8,29,25000,2,20,0.264,1
23097.67,4,32,90000,1,20,0.099,0
20749.67,10,28,30000,1,20,0.317,1
56607.67,10,34,50000,2,20,0.541,1
3542.0,12,28,60000,2,0,0.036,1
0.0,2,24,10000,1,10,0.0,1
45574.0,10,29,35000,1,20,0.637,1
188431.0,10,58,100000,2,20,0.953,0
268051.0,12,48,250000,1,0,0.547,0
45711.33,6,41,230000,1,0,0.178,0
148597.67,12,57,80000,2,0,0.954,0
18928.67,6,27,10000,4,0,0.959,0
4037.67,12,42,150000,2,0,0.004,1
35952.33,12,44,20000,2,0,0.923,0
128813.33,12,26,65000,3,0,1.0,1
8384.33,12,25,60000,1,0,0.095,0
18552.67,12,22,10000,2,0,0.903,0
18164.67,12,47,100000,1,0,0.12,0
18350.67,12,51,10000,2,0,0.916,0
8027.67,10,32,5000,2,20,0.723,0
21778.0,12,28,200000,1,0,0.026,0
58951.0,8,28,90000,1,20,0.361,0
22420.67,12,23,30000,2,0,0.355,0
195014.33,12,28,130000,1,0,0.719,1
26548.33,12,36,25000,3,0,0.736,0
89013.67,10,30,60000,2,20,0.727,1
5000.0,0,47,150000,1,20,0.017,1
6133.33,0,36,10000,2,0,0.92,1
396.0,12,26,90000,2,0,0.002,0
26700.33,12,23,15000,2,0,0.905,0
7669.67,8,31,35000,2,30,0.085,0
24785.0,8,51,110000,1,0,0.094,1
38044.0,10,37,55000,1,0,0.024,1
52071.0,6,33,90000,1,0,0.21,0
5307.33,12,31,40000,1,0,0.072,0
46484.33,8,34,50000,1,20,0.461,0
48665.0,8,45,25000,2,20,0.925,1
56351.0,12,28,25000,2,0,1.0,0
1946.33,2,38,65000,1,0,0.04,1
53405.67,12,49,145000,2,0,0.181,0
127390.67,12,33,120000,1,0,0.517,0
2068.0,2,27,80000,2,10,0.0,0
49793.0,12,34,25000,2,0,0.979,0
1520.0,4,45,15000,2,0,0.113,0
0.0,0,39,30000,2,10,0.0,0
41865.33,12,57,30000,2,0,0.893,0
98108.67,12,51,50000,3,0,0.989,0
488.0,0,27,70000,1,10,0.0,0
127219.0,12,35,75000,2,0,0.834,0
48250.67,12,28,250000,2,0,0.095,0
5425.67,12,33,10000,2,0,0.206,1
166.67,0,37,120000,2,0,0.002,0
13036.33,12,34,45000,3,0,0.377,0
211.0,6,69,80000,1,20,0.003,0
1864.0,10,33,140000,2,0,0.001,1
21244.67,12,27,130000,2,0,0.098,0
69967.33,12,44,65000,4,0,0.581,1
8444.33,12,50,250000,3,0,0.011,0
919.0,12,39,60000,2,20,0.004,0
2798.67,12,30,105000,1,0,0.005,0
45068.0,12,46,25000,2,0,0.978,0
3269.33,6,36,105000,2,0,0.005,0
9454.67,6,27,5000,2,20,0.894,1
62380.0,10,34,35000,2,20,0.927,0
14143.0,10,31,75000,2,20,0.059,0
16623.0,12,57,30000,3,0,0.26,0
2909.33,2,29,60000,2,20,0.046,1
47421.33,12,30,40000,1,0,0.6,0
3789.33,8,36,245000,1,0,0.011,0
13372.33,12,44,225000,1,0,0.071,0
17476.0,6,23,10000,4,0,0.819,0
4799.33,6,23,5000,1,50,0.304,0
538.67,12,44,10000,3,0,0.042,0
7150.67,8,27,25000,2,0,0.122,0
8907.67,10,51,150000,1,0,0.063,1
1508.67,12,27,40000,1,0,0.026,0
30473.0,8,39,155000,1,20,0.001,0
49325.33,12,41,25000,3,0,0.968,0
11146.33,12,39,250000,2,0,0.048,0
15169.0,6,40,40000,3,0,0.284,0
29349.67,10,26,15000,3,20,1.0,1
9023.33,12,42,5000,2,20,0.998,1
52763.67,12,39,195000,1,0,0.082,0
474.33,12,44,145000,2,0,0.001,1
50635.33,12,33,60000,2,0,0.389,0
27369.33,8,27,25000,1,0,0.568,0
2604.0,8,36,140000,1,0,0.009,0
19003.67,8,24,10000,1,0,0.928,0
2764.0,8,22,10000,2,0,0.42,0
28568.67,10,27,45000,1,20,0.305,1
59867.67,10,30,45000,2,20,0.722,0
184.67,8,35,60000,2,10,0.0,0
10518.33,12,40,40000,3,0,0.152,1
129616.0,12,68,90000,2,0,0.711,0
3194.33,12,32,100000,1,0,0.002,1
22002.0,10,55,25000,3,20,0.926,0
6149.67,8,30,180000,1,0,0.04,0
23093.33,10,27,15000,2,0,0.771,0
44596.67,8,24,25000,2,0,1.0,0
803.67,10,37,40000,2,0,0.017,0
47377.67,8,34,60000,2,30,0.381,1
5813.33,12,29,15000,1,0,0.278,0
201.33,12,30,130000,2,0,0.001,0
50329.67,12,62,25000,2,0,1.0,0
28442.67,4,23,15000,2,20,0.893,0
17133.33,0,59,25000,3,0,1.0,0
177595.33,12,40,170000,3,0,0.539,0
3409.33,10,36,85000,2,20,0.015,0
19200.67,12,25,10000,2,20,1.0,0
2937.67,12,35,115000,1,0,0.005,0
420521.0,12,28,230000,1,0,1.0,0
18384.0,10,56,10000,2,20,0.891,0
0.0,0,30,105000,1,10,0.0,1
30569.67,8,25,15000,2,20,0.996,0
47246.0,10,30,25000,2,30,0.953,1
1935.33,8,26,65000,1,20,0.0,0
15561.67,4,24,15000,3,30,0.511,1
11640.67,8,35,30000,2,20,0.176,1
1242.67,10,28,80000,2,20,0.009,0
56390.67,12,32,90000,2,0,0.304,0
93757.33,12,32,230000,3,0,0.195,0
36135.33,12,53,15000,3,20,1.0,0
47883.33,0,36,140000,2,0,0.513,0
0.0,6,33,50000,2,10,0.0,0
32015.67,2,29,15000,2,60,1.0,1
47181.67,8,29,75000,1,0,0.261,0
8186.0,10,47,100000,2,0,0.057,0
49972.67,12,28,75000,1,0,0.825,0
223191.67,10,45,185000,2,20,0.439,0
4661.33,4,34,100000,1,0,0.013,0
12422.33,12,32,100000,1,0,0.054,0
1800.0,0,24,15000,1,60,0.06,0
469.0,6,27,105000,2,0,0.001,0
120768.0,12,42,60000,2,0,0.785,0
224735.0,12,35,235000,2,0,0.465,0
1714.33,8,39,30000,4,0,0.003,0
1113.67,6,53,130000,1,30,0.005,0
390.0,12,28,40000,2,0,0.005,1
47137.33,10,47,50000,3,0,0.461,0
284.67,4,38,100000,1,10,0.0,0
197560.0,4,34,180000,3,10,0.77,0
33611.67,10,27,35000,2,20,0.449,1
519614.0,12,45,210000,3,20,1.0,0
2990.0,2,32,75000,1,20,0.031,0
7531.33,8,44,120000,2,0,0.035,0
11138.33,10,43,180000,1,10,0.0,0
99196.0,12,30,195000,2,0,0.254,0
4295.67,12,27,90000,2,0,0.064,0
1922.67,6,25,25000,1,0,0.041,0
90752.67,12,26,90000,2,0,0.494,1
68784.33,10,41,100000,2,20,0.35,0
0.0,4,36,25000,2,10,0.0,0
3276.67,4,29,140000,2,0,0.001,0
46141.67,12,40,45000,2,0,0.107,0
430341.67,10,46,210000,1,20,1.0,0
6161.33,4,37,35000,2,20,0.103,0
1162.0,8,34,85000,2,0,0.011,0
0.0,4,48,105000,1,10,0.0,1
65572.33,10,33,40000,1,0,0.945,0
63650.0,12,48,35000,1,0,0.89,0
86111.67,10,29,50000,2,30,0.828,0
32888.67,10,31,30000,3,20,0.514,0
37447.67,12,29,175000,2,0,0.103,0
0.0,4,36,90000,2,10,0.0,0
67671.67,12,30,100000,2,0,0.339,0
74817.33,12,26,60000,1,0,0.563,0
13842.0,12,24,35000,2,0,0.234,0
58917.0,10,29,100000,1,20,0.107,0
12244.0,12,39,100000,1,0,0.051,0
22832.67,12,38,25000,1,0,0.438,0
13356.67,12,49,145000,1,0,0.016,0
77748.67,12,26,60000,2,0,0.624,0
4048.67,12,37,110000,2,0,0.009,0
28878.67,2,50,25000,3,0,0.863,0
1806.33,4,35,180000,1,20,0.0,0
29880.0,12,45,70000,2,0,0.263,0
0.0,0,22,15000,2,0,0.0,0
45.33,0,23,65000,2,0,0.001,0
2188.0,8,35,70000,1,20,0.02,0
2728.0,6,37,130000,2,20,0.014,0
23159.67,12,54,25000,3,0,0.443,0
57080.33,12,32,30000,2,0,0.937,0
4978.33,2,36,10000,1,0,0.354,0
184538.0,12,26,125000,3,0,0.754,0
26070.33,10,27,10000,3,20,1.0,0
1724.67,12,29,100000,3,0,0.01,0
6505.0,12,25,25000,3,0,0.139,0
0.0,0,35,105000,2,10,0.0,0
0.0,4,29,55000,1,10,0.0,0
2560.33,4,28,10000,2,20,0.101,0
49095.33,12,30,125000,1,0,0.245,0
3300.0,0,21,5000,2,0,0.99,1
5163.67,12,30,70000,1,0,0.034,0
90651.33,10,25,50000,2,20,0.874,1
19385.0,6,43,65000,3,30,0.147,1
26225.67,10,23,40000,1,0,0.979,0
1389.67,12,38,175000,3,0,0.001,0
517.67,0,45,70000,3,0,0.011,0
0.0,2,33,60000,2,10,0.0,0
287324.0,12,46,240000,3,20,0.579,0
5011.33,8,24,10000,2,30,0.199,1
24678.0,12,43,15000,2,0,0.821,0
183021.33,12,48,250000,2,0,0.371,0
17760.33,10,55,180000,3,0,0.065,0
699.33,4,34,45000,2,10,0.0,0
93191.33,12,44,45000,3,0,1.0,0
400.33,0,33,75000,1,0,0.005,0
6664.0,10,49,65000,3,20,0.0,0
6221.33,4,26,5000,1,20,1.0,0
31185.0,12,35,35000,2,0,0.464,0
213292.0,12,32,110000,1,0,0.943,0
15587.67,8,29,75000,1,0,0.156,0
66729.67,12,47,70000,3,0,0.542,0
158645.0,10,34,80000,2,20,1.0,0
1464.0,6,27,40000,1,0,0.01,0
14858.0,0,39,25000,3,0,0.891,0
11853.0,10,32,10000,2,20,0.481,0
7944.67,6,21,5000,4,0,0.769,0
7501.67,10,34,160000,2,0,0.024,0
550.0,10,40,145000,1,0,0.002,0
43325.67,10,43,25000,1,20,0.988,0
1841.67,4,51,70000,2,0,0.035,0
135796.0,12,36,70000,1,0,0.947,0
17390.33,12,49,25000,2,0,0.063,0
675.67,4,34,180000,1,20,0.0,1
136881.67,12,43,70000,3,0,0.996,1
20314.33,12,48,140000,2,0,0.034,0
64411.0,12,37,205000,1,0,0.146,0
125.0,12,26,15000,1,0,0.004,0
2870.67,0,50,25000,3,20,0.089,0
56366.0,12,26,30000,2,0,0.953,0
45358.67,12,29,85000,2,0,0.281,0
651.0,10,28,115000,2,0,0.003,0
29472.0,8,25,15000,2,20,0.996,1
4097.0,10,42,180000,1,0,0.016,0
63215.33,12,30,180000,1,0,0.272,0
340454.67,4,38,75000,1,0,1.0,0
1932.33,6,36,55000,3,0,0.021,0
32805.33,10,32,140000,1,0,0.115,0
7975.0,12,37,100000,1,0,0.014,1
0.0,2,33,25000,3,10,0.0,0
74003.0,12,28,75000,2,0,0.53,1
223419.33,10,36,180000,1,0,0.92,0
114274.33,12,49,65000,3,0,0.919,0
16178.0,8,48,115000,3,0,0.002,0
2372.33,12,48,240000,2,0,0.005,0
29369.0,12,35,15000,3,20,0.962,1
80475.67,12,42,75000,2,0,0.596,0
53332.0,12,42,250000,1,0,0.059,0
0.0,0,43,110000,2,10,0.0,1
226.0,6,56,180000,1,0,0.001,1
168599.0,12,42,80000,2,0,1.0,1
7429.33,2,42,135000,2,0,0.045,0
273813.67,12,35,305000,1,0,0.442,0
6341.0,12,29,10000,3,0,0.223,0
8902.67,6,28,35000,2,30,0.131,1
58331.67,12,35,130000,1,0,0.197,0
5095.33,12,47,15000,2,0,0.026,1
20085.67,10,34,10000,2,20,1.0,1
3635.0,10,25,80000,3,0,0.001,0
17585.33,12,23,10000,2,0,0.829,0
11722.33,12,61,165000,1,0,0.045,0
40125.0,8,25,35000,2,20,0.717,0
0.0,0,27,150000,1,0,0.0,0
246142.67,10,30,140000,2,20,0.908,0
48830.33,12,33,90000,2,0,0.261,0
40124.0,12,50,25000,1,0,1.0,0
94081.67,10,30,115000,3,20,0.532,1
24792.67,10,51,100000,2,0,0.049,1
5808.67,8,30,125000,2,20,0.023,0
104077.33,12,31,50000,1,20,1.0,0
846.0,12,30,235000,1,0,0.004,1
4733.67,8,26,40000,1,0,0.049,0
22445.67,12,39,125000,2,0,0.082,0
1050.0,0,36,10000,3,30,0.052,1
0.0,8,32,180000,1,10,0.0,0
31762.0,10,26,40000,2,0,0.449,0
3383.0,12,27,50000,2,10,0.039,0
0.0,2,40,25000,1,10,0.0,0
176089.67,12,39,310000,1,0,0.56,0
30896.33,10,28,50000,3,20,0.298,0
23129.33,8,22,15000,1,30,0.627,0
2334.0,12,28,90000,1,0,0.015,1
1012.0,10,36,165000,1,20,0.009,0
25647.33,10,34,45000,2,20,0.559,0
2178.0,12,41,140000,1,0,0.003,0
23384.0,4,30,10000,2,20,0.912,1
622.33,10,37,60000,1,20,0.01,0
172242.33,12,27,120000,1,0,0.737,0
570.0,6,53,40000,3,10,0.0,1
4864.33,4,35,15000,2,30,0.0,0
24617.67,6,28,35000,1,0,0.294,0
19341.33,6,46,10000,2,20,0.993,1
180154.33,12,38,90000,1,20,1.0,1
135059.67,12,62,70000,2,0,1.0,0
18185.33,12,24,10000,1,0,0.857,0
0.0,0,31,115000,1,0,0.0,1
84074.33,8,39,45000,2,20,0.915,0
301.33,8,33,85000,2,0,0.002,0
63785.33,12,30,40000,2,0,0.999,0
24946.33,10,36,40000,2,0,0.114,0
69887.33,12,37,40000,1,0,0.857,0
80498.33,8,36,50000,2,20,0.797,1
3659.0,4,26,60000,2,0,0.04,0
12765.33,10,47,25000,2,20,0.22,1
2500.0,0,64,130000,2,20,0.01,1
160397.67,12,35,90000,1,0,0.945,0
28150.0,12,23,15000,2,0,0.905,0
10284.67,6,52,40000,3,20,0.171,1
15270.0,10,36,25000,2,20,0.293,0
12693.0,12,41,25000,3,0,0.277,0
48496.67,10,28,45000,2,20,0.535,1
105615.67,12,35,90000,3,0,0.743,0
19210.0,12,52,10000,2,0,0.989,1
17200.67,10,39,230000,2,20,0.035,0
59815.0,12,31,40000,1,20,0.766,0
40807.0,10,35,25000,2,20,0.812,1
43949.0,12,37,25000,2,0,1.0,1
18.0,0,39,120000,1,10,0.0,0
4196.0,12,43,180000,2,0,0.017,0
25052.67,12,23,75000,4,0,0.182,0
18963.33,4,24,10000,2,0,0.909,0
2646.0,0,44,15000,3,70,0.088,0
0.0,8,44,100000,1,0,0.0,0
8253.0,12,51,40000,4,0,0.122,0
143581.67,12,28,130000,2,0,0.594,0
8738.33,12,49,10000,2,20,0.391,1
125897.67,12,39,120000,1,0,0.515,0
28356.0,8,44,60000,1,20,0.229,0
19479.67,8,22,10000,2,0,1.0,0
10836.67,2,52,10000,3,20,0.47,0
8542.67,12,37,215000,1,0,0.004,0
64067.33,12,46,40000,2,0,0.953,0
42170.33,12,25,25000,2,0,0.956,0
50532.67,12,35,70000,3,20,0.339,0
50793.0,10,31,25000,2,20,1.0,0
46127.0,12,25,25000,1,0,0.902,0
5122.33,10,37,40000,3,0,0.088,0
17679.33,8,26,25000,2,20,0.338,0
40783.0,12,37,40000,2,0,0.498,0
43324.67,12,55,25000,3,20,0.843,1
451.0,10,60,40000,2,10,0.0,1
6187.67,12,52,180000,1,0,0.021,0
59978.67,12,41,30000,2,0,1.0,0
28153.0,4,31,145000,1,0,0.004,0
48273.33,12,56,25000,1,0,0.942,0
100802.0,8,28,180000,4,0,0.675,0
2095.67,12,40,220000,2,0,0.007,0
6889.67,12,36,250000,1,0,0.001,0
0.0,0,27,120000,2,10,0.0,0
23673.0,12,31,50000,2,0,0.213,0
1881.33,8,47,100000,1,20,0.023,0
2654.0,12,43,130000,1,20,0.0,0
54526.0,10,53,35000,3,20,0.775,1
18877.0,12,53,10000,3,20,0.881,1
125401.0,10,38,90000,1,20,0.69,1
32395.33,12,44,40000,2,0,0.589,0
124190.0,12,41,70000,1,0,1.0,1
22551.67,8,26,25000,2,20,0.458,0
93710.0,10,36,60000,1,20,0.979,1
167514.33,12,42,160000,1,0,0.617,0
7337.0,12,39,35000,2,0,0.087,0
499.0,10,42,60000,2,0,0.004,0
101354.67,12,25,75000,2,0,0.668,0
2015.33,8,32,115000,2,0,0.007,0
20623.0,6,46,15000,3,20,0.671,0
63498.67,12,34,145000,2,0,0.131,0
1594.0,0,36,25000,2,0,0.096,0
14406.0,12,34,180000,1,0,0.041,0
2208.67,4,56,80000,3,0,0.019,0
2708.0,8,42,15000,2,30,0.074,1
22415.67,10,27,30000,1,20,0.356,1
219249.33,12,34,210000,2,0,0.538,1
46027.33,12,42,25000,1,0,0.998,0
0.0,0,34,180000,2,10,0.0,0
45219.33,12,46,125000,3,0,0.224,0
88711.33,10,32,80000,1,30,0.515,0
51621.0,10,30,25000,2,20,1.0,0
7032.33,10,29,80000,1,10,0.0,0
6610.0,10,31,110000,1,0,0.024,0
26967.67,10,43,35000,3,20,0.374,0
6550.67,10,43,25000,3,0,0.218,0
29796.67,12,29,60000,1,0,0.213,0
48231.67,12,55,25000,3,20,0.941,0
132304.0,12,32,105000,2,0,0.629,0
5599.67,6,28,60000,1,20,0.005,0
136117.67,12,40,130000,2,0,0.533,0
40005.0,10,41,60000,2,20,0.33,0
0.0,6,30,125000,1,10,0.0,0
30218.0,8,33,15000,2,0,0.999,0
10972.0,12,28,25000,2,0,0.057,0
16623.0,10,23,35000,3,20,0.23,0
167917.67,12,59,100000,1,0,0.904,0
49333.33,12,29,50000,2,0,0.481,0
4670.0,12,36,100000,2,0,0.023,1
3526.0,12,29,140000,1,0,0.011,0
8423.67,12,54,210000,1,0,0.029,0
30448.67,12,32,200000,1,0,0.088,0
24722.0,12,27,90000,2,0,0.161,0
181044.33,12,29,170000,1,0,0.537,0
15106.0,12,38,250000,1,0,0.006,0
18101.67,12,37,210000,2,10,0.015,0
4252.33,4,32,90000,1,0,0.061,0
100555.33,12,46,60000,3,0,0.791,0
46233.33,10,49,25000,2,20,0.97,0
34450.0,12,26,75000,2,0,0.242,0
11321.0,8,22,10000,1,20,0.554,0
188235.33,12,27,75000,3,20,1.0,0
41105.0,4,27,20000,2,60,1.0,1
122838.67,12,30,90000,1,0,0.646,0
122248.0,10,43,60000,2,20,1.0,1
142493.67,12,42,210000,1,0,0.371,0
6516.67,8,29,10000,1,20,0.317,0
29981.67,12,24,60000,2,0,0.243,0
26256.67,12,27,115000,2,0,0.113,0
49760.0,12,46,25000,2,0,0.996,1
50931.0,12,36,25000,2,0,1.0,0
131728.0,12,40,160000,1,0,0.473,0
69094.0,10,23,35000,2,20,0.987,1
164333.67,12,27,140000,1,0,0.575,0
65746.67,12,48,90000,1,0,0.367,0
2959.0,12,29,25000,1,0,0.04,0
0.0,8,25,170000,2,10,0.0,0
29119.33,10,25,100000,2,0,0.207,0
11590.67,12,28,90000,2,0,0.058,0
44510.67,12,25,25000,1,0,0.841,1
116419.33,12,31,60000,2,0,0.963,0
0.0,2,46,180000,3,0,0.0,0
419.0,12,50,120000,2,0,0.002,0
29763.33,8,25,35000,2,40,0.436,1
1767.67,12,41,10000,3,0,0.14,0
13464.0,8,32,95000,2,20,0.069,0
390.0,10,38,100000,2,0,0.004,0
3531.0,10,45,205000,2,0,0.001,0
35100.0,12,27,55000,1,0,0.312,0
86559.67,12,27,105000,2,0,0.419,0
32887.0,8,42,150000,1,20,0.109,0
279365.67,12,29,195000,1,0,0.728,0
28715.33,6,51,15000,2,0,0.964,1
3082.33,10,24,10000,2,0,0.1,1
2915.67,12,23,35000,2,0,0.026,0
73521.33,8,35,35000,1,40,1.0,0
978.0,2,25,25000,1,30,0.026,1
26250.33,10,51,15000,3,20,0.845,0
37776.67,8,33,65000,1,20,0.282,0
792.67,4,39,65000,2,0,0.01,0
0.0,0,38,10000,2,10,0.0,1
661.67,8,34,15000,2,20,0.014,0
30311.33,12,26,85000,2,0,0.176,0
55874.0,12,31,60000,2,20,0.447,1
44534.0,10,42,25000,1,20,0.887,0
130796.67,12,41,65000,3,0,1.0,0
45094.67,12,32,55000,3,0,0.458,0
56494.33,12,28,40000,1,0,0.666,0
40373.67,10,32,250000,2,20,0.068,0
4784.33,8,46,90000,2,0,0.0,0
742.67,6,58,60000,3,10,0.0,1
6256.33,8,23,10000,2,0,0.716,0
9368.67,12,30,185000,2,0,0.069,1
42508.67,12,22,25000,2,0,0.991,0
94812.67,12,51,75000,1,0,0.618,0
7247.33,4,29,40000,1,0,0.02,1
16177.67,8,28,230000,1,0,0.036,0
46229.33,8,53,25000,3,20,0.917,1
40092.33,12,25,40000,2,0,0.778,0
86334.67,12,35,130000,1,0,0.344,0
5619.33,12,32,160000,1,0,0.002,0
45351.0,12,46,25000,2,0,0.896,0
15002.0,12,55,180000,1,0,0.006,0
24255.33,12,50,25000,2,0,0.4,0
6327.0,12,30,75000,2,0,0.062,0
64109.67,12,32,35000,2,0,0.963,0
5805.33,12,27,75000,1,0,0.037,0
43059.67,12,42,25000,2,0,0.977,0
6952.0,8,23,45000,2,0,0.153,0
60662.0,10,30,50000,2,0,0.58,1
6101.33,8,34,220000,1,0,0.007,0
2661.33,8,35,125000,1,0,0.011,0
420.0,2,55,5000,3,40,0.042,1
54994.67,8,37,40000,2,20,0.695,0
262.67,6,54,110000,1,10,0.0,0
7542.67,8,25,20000,1,0,0.049,1
141539.0,12,28,75000,2,20,0.987,0
17365.33,4,35,10000,2,40,0.897,1
135863.33,10,41,120000,2,20,0.572,1
164189.67,12,29,100000,1,0,0.854,0
12527.0,12,23,25000,1,0,0.096,0
61550.0,2,41,90000,2,0,1.0,0
23060.33,8,25,25000,2,20,0.428,1
680.33,8,31,10000,1,0,0.063,0
35160.33,12,39,105000,1,0,0.17,0
4809.67,10,43,250000,1,0,0.008,0
1764.0,0,30,120000,1,10,0.038,1
19888.67,4,36,15000,2,50,0.627,0
6333.0,10,42,95000,1,0,0.041,0
6432.0,10,45,5000,2,0,0.049,0
3851.33,10,34,180000,2,0,0.005,0
38856.33,12,39,40000,2,0,0.58,0
20055.33,12,40,30000,2,0,0.315,1
1211.33,12,45,50000,3,0,0.015,0
1752.33,12,28,50000,1,0,0.006,0
7820.0,6,46,5000,3,0,0.717,0
180923.67,12,24,90000,2,0,1.0,0
190532.33,10,39,140000,2,30,0.667,1
46837.33,10,37,25000,2,20,0.982,0
136691.0,12,55,190000,1,0,0.334,0
25500.33,12,42,25000,2,0,0.558,0
143097.0,12,35,75000,1,0,0.983,0
35832.67,10,35,105000,1,0,0.21,0
27792.67,10,36,15000,1,30,0.895,1
70661.33,12,43,35000,3,0,1.0,1
77241.0,12,28,40000,2,30,0.993,1
20153.33,12,44,25000,2,0,0.382,0
238708.0,12,35,240000,2,0,0.473,0
35550.67,12,38,250000,2,0,0.02,0
21419.67,12,26,85000,1,0,0.13,0
12240.0,12,29,165000,1,0,0.03,0
21333.33,8,37,15000,2,20,0.654,0
326.0,8,36,60000,2,0,0.003,0
58499.33,12,25,40000,1,0,0.83,0
36193.0,10,31,80000,2,20,0.343,0
86130.67,10,30,55000,2,20,0.917,1
17412.33,8,36,10000,2,20,0.882,1
98364.0,12,49,70000,1,20,0.972,1
37163.33,8,30,25000,1,40,0.751,0
6593.67,6,22,10000,2,0,0.6,1
173998.67,12,29,100000,2,0,0.855,1
271825.67,12,50,160000,2,20,0.848,0
13384.0,12,42,200000,3,0,0.025,0
219389.33,12,35,125000,2,0,0.967,0
43856.33,12,34,275000,1,0,0.077,1
103497.0,12,38,150000,1,0,0.353,0
47367.67,12,34,25000,2,0,0.927,0
3430.67,12,34,80000,1,0,0.007,0
21734.33,12,25,40000,1,0,0.259,0
234639.33,12,38,140000,3,0,0.686,0
1792.67,12,35,250000,3,0,0.004,1
53292.67,12,39,170000,2,0,0.276,0
0.0,0,42,80000,2,0,0.0,0
704.0,10,26,60000,1,20,0.008,0
36785.0,12,28,75000,1,0,0.189,0
11890.33,12,34,55000,1,20,0.145,0
1406.0,8,28,60000,2,20,0.017,1
133550.33,12,36,55000,1,0,1.0,0
20.0,0,36,160000,2,0,0.0,0
23551.33,12,42,25000,3,0,0.584,0
1226.0,12,38,25000,2,0,0.025,0
38069.0,6,23,45000,2,40,0.418,0
32811.33,12,40,135000,1,0,0.073,0
19300.0,8,25,25000,2,20,0.389,0
27020.0,12,47,25000,2,20,0.543,0
0.0,0,28,180000,2,10,0.0,0
4946.67,12,26,60000,2,0,0.036,0
396.0,12,37,145000,3,0,0.001,0
7711.67,12,36,100000,3,0,0.027,0
109978.67,12,25,55000,2,20,0.999,1
19142.67,12,39,25000,2,0,0.471,0
1274.0,6,42,75000,1,0,0.018,0
10583.67,10,32,140000,1,0,0.048,0
41502.33,12,29,155000,1,0,0.144,0
4481.33,4,32,225000,2,0,0.0,0
33546.0,10,23,20000,2,20,0.833,1
61299.33,12,38,25000,2,0,0.834,0
19341.67,12,35,145000,2,0,0.06,0
29998.33,12,39,30000,3,0,0.606,0
8713.33,8,47,10000,3,20,0.369,1
891.67,8,27,40000,2,0,0.025,0
10248.67,4,36,50000,2,40,0.097,0
47449.0,10,37,25000,1,20,0.974,1
4499.67,10,36,125000,2,10,0.0,0
12168.0,10,34,105000,1,0,0.006,1
3701.0,10,35,140000,1,0,0.023,0
121187.0,12,35,55000,2,0,1.0,0
76035.67,10,36,30000,2,20,1.0,0
331.33,4,40,100000,1,0,0.003,0
23629.0,2,35,15000,2,20,0.753,0
79137.0,12,26,40000,1,0,0.995,0
17289.0,12,39,25000,2,0,0.354,0
1328.67,8,39,80000,1,10,0.0,0
117030.0,10,26,65000,2,0,0.853,1
32743.0,12,35,115000,2,0,0.012,0
209.67,12,35,130000,2,0,0.001,0
181464.33,12,54,100000,2,0,0.888,0
31622.33,12,32,210000,1,0,0.107,1
38191.33,12,22,50000,1,20,0.369,1
153.33,8,25,50000,1,10,0.0,0
2316.67,8,34,195000,1,0,0.013,0
213.67,6,28,40000,2,0,0.0,0
45071.0,6,45,25000,3,20,0.923,0
5472.0,2,38,45000,3,20,0.09,1
141316.33,12,56,120000,2,20,0.578,0
12617.0,12,47,25000,3,0,0.256,0
7903.67,10,21,15000,2,0,0.01,0
30378.0,6,39,100000,2,0,0.127,0
300268.67,8,40,160000,3,20,0.932,1
21515.33,12,35,45000,2,0,0.252,0
18377.67,12,23,10000,3,0,0.879,1
28454.33,12,23,40000,1,0,0.303,0
62519.0,12,36,190000,2,0,0.139,0
4134.0,10,37,150000,1,0,0.0,0
57470.67,12,51,55000,2,0,0.632,0
46920.0,12,29,50000,2,0,0.538,0
2899.67,12,39,125000,1,20,0.004,0
12016.67,12,33,125000,1,0,0.091,0
89393.33,12,30,110000,1,0,0.398,0
17291.33,8,27,10000,1,30,0.837,1
2831.33,10,34,120000,4,0,0.007,0
135033.0,10,40,105000,1,20,0.623,0
109978.33,10,26,100000,2,20,0.527,0
4054.0,4,25,60000,2,10,0.0,1
17370.33,10,26,70000,3,0,0.133,0
29585.33,12,24,15000,1,0,0.95,0
17153.67,12,52,25000,3,0,0.321,0
136363.33,12,28,120000,1,0,0.555,0
0.0,0,46,100000,2,10,0.0,0
351175.33,12,57,245000,1,0,0.724,0
3957.0,10,36,30000,1,20,0.036,1
151914.33,12,37,150000,2,20,0.0,0
562.33,6,36,155000,1,10,0.0,0
359.33,8,43,180000,2,0,0.0,0
75693.67,12,23,30000,2,0,1.0,1
390.0,10,27,60000,1,0,0.003,0
181468.67,12,26,105000,2,0,0.984,0
21950.33,12,38,25000,2,0,0.444,0
11060.0,12,34,255000,4,0,0.021,0
7785.0,12,24,5000,1,0,0.671,0
28297.33,10,36,125000,1,0,0.026,0
3925.33,12,26,105000,1,0,0.016,0
164040.0,6,46,80000,4,0,1.0,0
2426.0,2,24,40000,2,0,0.041,0
29470.0,12,28,115000,1,0,0.127,0
18576.33,6,53,15000,2,30,0.622,1
48907.67,12,29,25000,2,30,1.0,1
163095.0,10,28,95000,1,20,0.839,1
83485.67,2,46,65000,2,0,0.966,0
131059.33,12,46,70000,3,0,0.947,0
90321.67,12,29,55000,2,0,1.0,0
12937.67,2,21,10000,2,0,0.952,0
249588.0,12,32,125000,1,0,1.0,0
47224.67,12,35,180000,2,0,0.294,1
29841.67,4,21,15000,1,20,1.0,0
40826.33,12,54,25000,3,0,0.862,0
49354.33,12,29,50000,2,0,0.497,0
236295.67,12,33,75000,4,0,1.0,0
8063.33,6,30,75000,1,0,0.083,0
5609.33,12,41,100000,1,0,0.023,0
14604.0,12,40,10000,1,0,0.682,0
1788.33,10,37,155000,2,0,0.0,0
95021.67,8,26,50000,1,20,0.933,0
42788.67,6,32,25000,2,20,0.822,1
37879.67,12,24,65000,2,0,0.375,0
1455.67,8,47,50000,3,20,0.008,0
5986.0,12,28,140000,1,0,0.016,0
148723.33,12,37,100000,1,0,0.869,0
55664.0,12,34,45000,1,20,0.61,1
6306.0,12,41,75000,2,0,0.013,0
18368.33,8,42,10000,2,20,0.908,1
3932.33,10,30,180000,1,0,0.031,0
24331.67,8,28,20000,2,20,0.694,1
76900.67,10,55,120000,2,20,0.309,0
15378.0,12,36,250000,1,0,0.015,0
11218.33,10,39,10000,2,40,0.578,1
87201.0,12,44,70000,2,0,0.608,1
97971.0,10,27,50000,2,0,1.0,0
18710.67,12,32,60000,1,0,0.158,0
78773.33,10,44,50000,2,20,0.976,0
4880.0,12,33,70000,2,0,0.035,0
45365.67,10,27,105000,1,0,0.472,0
10800.67,12,35,250000,1,10,0.0,1
760.0,2,27,55000,1,0,0.021,0
3344.33,12,30,170000,1,0,0.009,0
323757.0,12,27,165000,1,20,0.977,1
34829.33,12,34,25000,2,0,0.91,0
3332.0,6,39,5000,1,20,0.0,1
27800.0,12,42,35000,3,20,0.379,0
1555.33,10,37,225000,2,0,0.003,1
13188.33,12,33,15000,2,0,0.402,0
77709.0,4,32,75000,2,50,0.53,0
72712.0,10,37,115000,2,20,0.315,1
27912.67,8,47,15000,3,20,0.936,1
29028.0,12,30,15000,1,0,0.999,0
16391.0,10,45,10000,3,20,0.787,1
25473.0,12,51,35000,3,0,0.464,0
8452.67,12,45,25000,2,0,0.052,0
6035.67,10,46,180000,1,10,0.002,0
73464.67,10,29,200000,1,20,0.195,0
1963.0,12,36,65000,3,0,0.018,0
1984.67,4,27,65000,1,20,0.017,0
45598.0,12,40,170000,1,0,0.005,0
23302.33,12,40,135000,2,0,0.097,1
17371.0,12,38,30000,2,0,0.219,1
55676.33,12,31,65000,2,0,0.619,0
9324.0,8,22,5000,3,0,0.924,0
133260.0,10,33,80000,1,20,0.828,1
16503.33,8,33,135000,1,0,0.084,0
45535.33,10,30,40000,2,20,0.48,1
3002.67,12,39,170000,1,0,0.014,0
14274.33,10,52,180000,1,0,0.04,0
1913.33,0,43,120000,1,0,0.024,0
1983.33,2,26,25000,2,0,0.07,0
9154.33,4,23,25000,3,0,0.267,0
1123.33,12,28,90000,2,0,0.007,0
154732.33,12,31,185000,1,0,0.0,0
11042.67,6,27,30000,2,20,0.173,1
1365.33,12,25,25000,2,0,0.027,0
23649.33,12,52,25000,3,20,0.0,0
45110.0,12,29,65000,1,0,0.317,0
9499.0,12,49,250000,1,0,0.008,0
3724.67,8,27,150000,1,10,0.0,0
72682.33,4,25,60000,2,0,0.633,0
102600.33,8,25,55000,2,20,0.935,0
19232.0,12,30,110000,3,0,0.16,0
5243.33,12,26,70000,2,0,0.058,0
21134.0,12,24,15000,2,0,0.669,0
5313.0,8,35,100000,2,0,0.057,0
2704.67,12,33,175000,1,0,0.004,0
2132.67,2,42,75000,2,0,0.043,0
1650.0,0,24,10000,2,40,0.082,1
17000.33,12,56,100000,1,0,0.078,0
1650.0,0,24,10000,2,40,0.082,0
1065.0,4,35,160000,1,0,0.008,0
27355.0,12,29,50000,1,0,0.002,0
4208.33,12,28,140000,1,0,0.026,1
14626.33,10,47,25000,1,0,0.221,0
19354.33,12,23,10000,1,0,0.916,0
3228.67,12,33,80000,1,0,0.033,0
15930.67,12,23,30000,3,0,0.26,0
35643.67,12,49,75000,3,0,0.219,0
371785.67,12,34,230000,1,0,0.789,0
1099.0,12,51,250000,3,0,0.005,0
22999.0,10,34,160000,2,0,0.044,0
0.0,0,29,100000,1,10,0.0,1
22553.0,12,28,215000,2,0,0.06,0
3406.33,12,58,75000,2,0,0.03,0
90640.0,12,28,50000,2,20,0.952,0
14560.0,12,30,15000,1,20,0.441,0
6666.67,2,31,130000,3,0,0.077,0
32230.0,10,24,20000,1,20,0.745,1
1508.0,6,34,145000,2,10,0.0,1
517.33,10,27,70000,1,0,0.006,0
50924.0,10,22,30000,2,20,0.869,1
22958.67,2,41,105000,1,0,0.296,0
0.0,0,28,85000,1,10,0.0,0
0.0,0,37,185000,3,0,0.0,1
29625.33,12,23,15000,1,0,1.0,0
833.33,0,32,180000,1,0,0.007,0
97998.33,10,43,145000,2,0,0.429,0
11000.0,12,36,25000,3,0,0.271,0
336.0,4,27,105000,3,10,0.0,0
189271.33,12,31,85000,3,20,1.0,0
59759.67,12,40,180000,1,20,0.213,0
3745.0,10,25,45000,1,0,0.104,0
12526.0,0,44,105000,3,20,0.091,1
3321.0,12,50,80000,2,0,0.022,0
12764.33,8,22,15000,2,20,0.336,0
70688.0,10,23,40000,2,20,0.894,0
129674.67,12,36,125000,2,0,0.507,0
7892.67,10,27,30000,1,20,0.119,0
130335.0,8,30,65000,1,20,0.979,0
140982.33,12,30,90000,1,0,0.968,0
9185.67,12,27,100000,1,0,0.026,0
156880.67,12,28,105000,1,0,0.594,0
7268.0,10,30,120000,1,0,0.054,0
316500.33,12,46,230000,2,0,0.665,0
12749.33,12,38,200000,1,0,0.04,0
14631.67,12,25,10000,3,0,0.685,0
60301.33,12,37,30000,2,0,1.0,0
85669.33,12,34,55000,2,0,0.846,0
43315.67,8,26,40000,3,20,0.52,1
390.0,12,30,25000,1,0,0.008,0
2776.0,12,28,180000,1,0,0.007,0
49331.0,12,24,35000,2,0,0.702,0
17060.0,10,22,10000,2,20,0.804,0
141595.33,12,50,100000,3,0,0.709,0
2066.33,12,46,45000,3,0,0.018,0
606.33,6,36,15000,1,20,0.037,0
2116.33,6,44,130000,1,0,0.011,1
8916.0,12,34,25000,2,0,0.158,1
30556.67,8,25,15000,2,20,1.0,0
3522.0,12,33,10000,3,0,0.145,0
33699.0,10,33,15000,2,20,1.0,1
176743.0,12,29,145000,1,0,0.764,1
1188.0,10,26,25000,1,20,0.049,1
1525.33,6,31,30000,1,20,0.06,0
164442.33,8,34,100000,1,20,0.782,1
21953.67,10,48,25000,3,0,0.912,0
177913.33,12,29,95000,1,0,0.992,0
31047.33,12,38,35000,2,20,0.431,0
8798.67,10,31,150000,1,10,0.0,0
61014.33,8,27,200000,1,20,0.147,0
3122.33,4,46,100000,1,10,0.047,1
150158.33,12,43,280000,2,0,0.3,0
43872.0,12,37,75000,2,0,0.271,0
1575.33,4,36,150000,1,0,0.007,0
51434.33,10,24,40000,2,20,0.607,0
2582.33,12,52,75000,1,30,0.023,1
9465.0,6,29,10000,2,0,0.431,0
35449.33,12,27,25000,2,0,0.872,0
40766.67,10,23,75000,2,20,0.276,0
1443.67,8,34,70000,1,10,0.0,0
1016.0,2,52,250000,1,0,0.003,0
83482.33,12,29,45000,2,0,0.99,0
25939.67,8,28,15000,2,0,0.912,1
41103.67,10,50,25000,3,20,0.948,1
0.0,0,32,140000,2,0,0.0,0
104505.0,12,26,195000,1,20,0.288,1
97083.67,10,27,50000,2,30,0.972,1
196125.0,10,33,100000,1,20,0.986,1
37854.67,12,41,115000,2,0,0.169,0
14363.0,8,48,10000,2,20,0.575,0
90261.33,8,40,90000,1,0,0.687,0
4750.67,6,23,5000,2,30,0.426,0
337744.67,12,42,163840,3,0,1.0,1
5585.0,12,42,50000,2,0,0.01,1
0.0,0,41,40000,2,0,0.0,0
13750.33,12,37,125000,1,0,0.054,0
15746.0,12,34,220000,1,0,0.01,0
67931.33,12,24,70000,1,0,0.096,0
4696.67,8,50,10000,2,0,0.255,0
43201.33,10,29,25000,2,20,0.924,0
1757.0,6,29,15000,2,0,0.08,0
120689.67,12,34,105000,2,0,0.668,0
8404.33,8,28,10000,2,20,0.343,0
4159.67,10,24,75000,3,0,0.043,1
40872.0,10,23,25000,1,20,1.0,0
19047.33,12,47,105000,2,0,0.085,0
421.33,10,49,125000,3,0,0.003,1
86791.0,12,37,65000,1,0,0.841,0
305459.33,10,38,145000,1,20,1.0,1
12198.33,12,29,75000,2,0,0.127,0
77251.33,12,28,40000,3,0,0.968,0
12475.0,12,39,25000,2,0,0.233,0
2479.0,6,49,120000,2,0,0.019,0
36230.67,8,27,45000,2,20,0.225,0
4655.67,8,38,110000,1,20,0.033,0
831.33,10,33,85000,2,0,0.013,0
0.0,2,26,35000,1,10,0.0,0
1963.67,6,53,80000,1,20,0.008,1
11584.67,12,29,125000,1,0,0.072,0
71286.67,12,42,35000,1,0,1.0,1
1823.67,10,27,45000,2,0,0.006,1
44060.0,12,23,25000,2,0,0.982,0
142479.33,12,30,75000,1,0,1.0,1
96.33,2,21,10000,2,10,0.0,1
17773.67,12,23,10000,1,0,0.842,0
75902.33,12,29,25000,4,0,1.0,0
167089.33,12,31,100000,1,0,0.895,0
2596.33,10,25,100000,3,0,0.008,0
158749.67,12,52,60000,2,0,0.998,0
922.33,8,37,135000,3,0,0.001,1
5477.33,8,31,150000,1,0,0.037,0
42168.33,12,29,200000,2,0,0.103,1
46824.0,2,24,60000,3,0,0.66,0
6383.33,6,25,65000,2,0,0.037,0
88750.33,12,30,75000,2,0,0.779,0
0.0,0,40,100000,1,10,0.0,1
121003.33,12,49,65000,2,0,1.0,0
1026.0,12,27,60000,1,0,0.009,0
1412.33,10,32,115000,2,0,0.005,0
7685.33,12,26,25000,1,0,0.231,0
358.0,4,49,5000,3,20,0.003,1
12718.0,12,28,180000,1,0,0.04,0
93424.67,12,24,70000,1,0,0.891,0
49255.0,10,25,25000,2,30,0.982,1
17428.0,12,44,60000,2,0,0.137,0
50699.0,12,56,250000,1,0,0.046,0
46540.67,12,33,250000,1,0,0.1,0
8529.33,10,25,5000,2,20,0.779,0
42225.0,12,39,80000,3,0,0.256,0
768.0,10,31,30000,2,20,0.005,0
17045.67,12,40,30000,2,0,0.419,0
121.67,6,40,80000,2,10,0.0,0
8290.33,12,40,250000,1,0,0.01,0
151887.67,8,41,180000,1,0,0.695,0
8190.33,8,27,5000,2,20,0.674,1
34343.0,10,44,15000,3,20,1.0,1
11386.33,12,26,30000,2,0,0.062,0
1567.0,12,44,40000,2,0,0.021,0
7713.33,12,37,205000,2,0,0.011,0
70242.33,8,27,35000,2,30,1.0,1
696.0,12,47,30000,3,0,0.012,1
11159.67,12,41,40000,2,0,0.16,0
15114.0,12,38,15000,3,0,0.47,0
52955.0,12,49,55000,3,0,0.48,0
928.0,10,30,75000,2,20,0.005,1
8502.67,8,38,15000,2,20,0.301,0
39496.67,12,38,75000,3,0,0.27,0
43766.67,8,55,25000,3,20,0.841,0
38669.67,12,41,20000,2,0,0.982,0
34931.67,12,23,35000,2,0,0.778,0
88991.0,12,46,50000,1,20,0.985,1
9037.33,8,22,5000,3,20,0.885,0
7405.67,10,29,30000,3,0,0.071,0
1661.33,6,27,50000,1,0,0.029,1
9537.67,12,29,25000,2,0,0.195,0
390.0,2,30,5000,2,0,0.039,1
38661.67,10,54,25000,1,20,0.959,1
6091.33,12,36,5000,3,0,0.494,0
77054.67,12,36,40000,2,0,0.942,0
36720.33,12,47,25000,2,0,0.75,0
7239.0,10,27,235000,1,0,0.009,0
383508.33,12,39,265000,2,0,0.752,0
24621.33,12,34,100000,1,0,0.062,1
7563.33,12,23,10000,1,0,0.903,0
80438.67,12,24,40000,3,0,1.0,0
3473.0,8,38,75000,2,0,0.035,0
23133.0,10,41,15000,2,20,0.853,1
5739.0,8,37,85000,4,0,0.004,0
182435.33,12,30,115000,3,0,0.83,0
140713.67,8,37,85000,2,20,0.797,1
400.0,2,47,145000,3,0,0.004,0
66071.33,12,27,85000,2,0,0.378,0
102359.67,12,26,100000,1,0,0.591,0
82276.33,12,55,40000,3,0,1.0,0
833.33,2,32,170000,2,0,0.0,1
186616.67,10,28,55000,1,20,1.0,0
7982.0,12,36,5000,2,20,0.667,0
45680.33,12,27,40000,2,0,0.807,0
22876.0,12,28,30000,2,0,0.576,0
9619.0,12,27,170000,2,0,0.043,0
13210.33,12,54,10000,1,0,0.531,0
58994.33,10,49,250000,2,0,0.01,0
250058.33,12,53,125000,1,0,1.0,0
17133.33,10,24,25000,2,10,0.0,0
814.67,8,48,50000,1,0,0.005,1
718.0,8,31,140000,1,0,0.008,1
498617.0,12,41,250000,1,0,1.0,0
17895.67,12,24,10000,2,0,0.84,0
55.67,8,24,70000,2,20,0.0,0
40406.0,10,30,125000,2,0,0.175,0
0.0,0,27,25000,1,0,0.0,0
41697.67,12,33,35000,2,20,0.704,1
225123.67,12,27,115000,2,0,0.995,0
19173.0,12,31,250000,3,0,0.001,0
210648.33,12,40,140000,1,0,0.759,0
0.0,0,40,80000,2,10,0.0,0
176.67,10,32,25000,2,10,0.0,0
103697.0,12,38,250000,1,0,0.211,0
221481.33,12,24,145000,2,0,0.793,0
35747.33,8,29,50000,3,0,0.479,0
93661.0,12,61,240000,1,0,0.191,0
74456.0,12,33,55000,3,0,1.0,0
85541.33,8,24,175000,1,20,0.247,1
43882.33,10,34,35000,2,0,0.841,0
101002.33,12,38,145000,2,0,0.41,0
8331.67,6,34,105000,2,0,0.032,0
7796.33,10,38,120000,1,0,0.02,0
0.0,0,49,130000,2,10,0.0,0
34493.0,12,27,40000,2,0,0.478,0
40028.67,12,38,25000,2,0,1.0,0
4230.67,12,28,5000,3,20,0.63,1
48628.67,12,45,25000,4,0,0.98,0
4296.0,6,39,100000,2,10,0.0,0
53598.33,12,39,200000,2,0,0.228,0
25799.33,12,37,105000,1,0,0.117,1
0.0,0,42,250000,1,0,0.0,1
0.0,0,55,30000,3,0,0.0,0
150709.67,12,25,75000,2,0,1.0,0
17102.0,12,26,30000,1,10,0.0,0
215561.67,12,35,225000,4,0,0.566,0
295483.33,8,42,215000,2,20,0.673,1
2305.0,8,30,25000,2,0,0.028,0
1112.0,10,23,40000,2,0,0.0,0
26880.33,8,36,100000,3,20,0.127,1
19578.0,12,25,30000,2,0,0.305,0
50248.67,12,48,25000,2,20,0.998,0
43389.0,8,35,75000,1,0,0.257,0
2466.0,8,26,100000,1,0,0.005,0
77083.67,12,29,40000,2,0,0.978,1
10600.0,12,41,15000,2,10,0.275,0
29256.0,4,33,100000,2,0,0.236,0
30146.0,12,30,85000,1,0,0.18,0
87187.33,8,52,65000,2,20,0.634,0
106992.0,12,28,90000,2,0,0.573,0
5467.0,10,27,80000,1,0,0.075,0
683.67,10,29,10000,3,20,0.048,0
255482.0,12,42,125000,1,0,1.0,0
2245.0,2,28,75000,1,0,0.002,0
455.0,12,35,90000,1,0,0.003,0
47466.0,12,27,60000,1,0,0.501,0
1304.0,10,42,215000,1,0,0.004,0
191247.67,12,38,100000,1,20,0.971,0
10483.33,8,38,10000,3,20,0.61,0
242827.33,12,42,185000,1,0,0.734,0
25008.67,8,25,15000,3,0,0.846,0
6786.67,8,25,90000,1,20,0.039,0
4518.0,8,48,180000,1,0,0.015,0
221330.67,12,33,130000,1,0,0.954,0
192882.0,12,25,100000,1,0,0.951,0
29633.0,12,39,25000,2,0,0.601,0
49853.0,12,22,25000,2,30,1.0,1
11008.33,12,33,135000,1,0,0.036,0
8521.0,10,22,5000,2,20,0.758,1
11273.0,12,38,195000,1,0,0.025,0
27075.33,12,50,175000,1,0,0.144,0
23433.33,12,40,175000,1,0,0.181,0
299594.0,12,33,150000,2,0,1.0,0
29959.67,12,38,25000,2,0,0.857,0
80482.0,12,35,125000,1,0,0.353,0
6056.0,8,33,180000,1,20,0.017,0
0.0,2,42,90000,1,10,0.0,0
72464.67,12,41,75000,4,0,0.522,0
197872.67,8,35,125000,2,20,0.785,0
20921.67,10,29,100000,3,0,0.206,0
441.0,12,46,130000,1,0,0.002,1
138047.67,12,52,75000,1,0,0.903,1
30549.0,12,36,200000,1,0,0.099,0
12031.33,12,32,10000,2,0,0.733,0
44688.0,10,25,45000,3,20,0.484,0
111903.67,8,34,100000,3,20,0.367,0
62566.33,12,27,35000,1,20,0.877,0
7172.67,12,49,40000,2,0,0.074,0
77462.33,12,43,120000,1,0,0.306,0
4472.33,10,28,100000,1,0,0.002,0
106197.33,12,29,135000,1,0,0.463,0
0.0,0,32,105000,1,10,0.0,0
7377.0,12,24,70000,2,0,0.117,1
32074.67,12,36,60000,3,0,0.26,0
72964.33,10,36,65000,1,20,0.506,1
16789.67,6,34,35000,3,20,0.234,0
30459.0,8,24,40000,2,0,0.449,0
0.0,0,38,85000,1,10,0.0,1
837.33,2,33,150000,1,0,0.003,0
7096.0,6,37,190000,1,0,0.04,0
52200.33,12,26,55000,1,0,0.534,0
25095.0,2,24,40000,1,0,0.387,0
20154.67,8,30,10000,2,0,1.0,0
323.33,6,28,100000,1,0,0.005,0
237639.67,10,62,180000,3,20,0.652,0
4229.33,8,50,85000,2,0,0.059,0
116480.33,12,46,250000,1,0,0.057,0
33676.33,12,24,25000,2,0,0.322,0
39311.33,10,52,25000,3,40,0.751,0
37680.67,12,26,40000,3,0,0.585,0
49934.33,10,31,25000,1,0,1.0,0
28423.0,12,23,15000,2,0,0.947,1
9266.33,8,41,15000,2,0,0.18,0
14180.33,6,23,10000,3,30,0.702,1
438154.33,12,29,250000,1,0,0.999,0
552.0,10,42,85000,3,0,0.003,0
561.33,12,23,10000,1,10,0.0,0
69429.33,12,50,45000,3,0,0.85,0
1151.33,0,35,115000,1,0,0.015,1
202986.67,12,35,105000,2,0,0.999,0
24887.33,12,23,10000,2,0,0.886,0
8051.0,10,48,30000,2,0,0.15,0
2106.0,10,29,150000,2,0,0.006,0
46708.33,6,30,25000,1,20,0.891,0
32108.33,12,35,25000,2,0,1.0,1
21936.33,12,61,250000,1,0,0.023,0
253299.33,12,30,245000,1,0,0.512,0
87476.67,8,29,55000,3,20,0.997,0
4482.33,12,27,180000,2,0,0.018,1
17815.0,10,42,40000,2,0,0.538,0
152370.33,10,27,90000,1,20,0.851,1
2486.67,12,27,90000,1,0,0.003,0
47842.67,12,22,35000,2,0,0.132,0
73230.33,12,26,70000,2,0,0.757,0
19429.33,12,30,170000,1,0,0.072,0
1818.0,6,36,35000,2,20,0.017,1
275471.0,12,34,150000,1,0,0.906,1
19189.67,4,23,10000,2,40,0.925,1
415.0,12,42,85000,2,0,0.002,0
148709.0,12,44,140000,1,0,0.523,0
85845.33,12,50,45000,3,0,0.933,0
139.33,2,27,80000,2,10,0.0,1
0.0,0,46,150000,1,10,0.0,1
49356.33,8,38,30000,1,20,0.83,1
18561.0,12,46,105000,1,0,0.014,0
131159.67,12,29,65000,2,0,1.0,0
3402.67,0,35,80000,1,0,0.075,0
3466.67,4,37,10000,1,0,0.42,1
5422.33,12,40,120000,2,0,0.019,0
47710.0,12,38,170000,1,0,0.044,0
143463.67,10,42,75000,1,20,0.91,0
68158.67,2,46,90000,1,0,0.793,0
51305.67,12,26,150000,1,0,0.162,0
1110.0,12,44,90000,2,0,0.006,0
45769.33,10,22,25000,2,0,0.886,0
45221.0,10,55,25000,3,20,0.935,0
14083.67,12,37,170000,1,0,0.025,0
59.67,8,31,95000,1,0,0.0,1
6412.67,12,43,90000,1,0,0.027,0
5812.33,10,28,10000,3,20,0.283,1
51838.67,12,29,225000,2,0,0.115,0
102746.33,10,30,50000,1,20,1.0,0
38431.67,12,26,40000,2,0,0.852,0
7429.67,10,36,5000,3,20,0.647,1
5899.0,12,22,10000,2,0,0.255,0
124325.67,8,53,130000,2,20,0.454,1
90653.33,12,52,75000,3,0,0.592,1
33333.0,10,34,250000,1,0,0.039,0
3822.0,12,46,55000,1,0,0.007,0
95246.33,12,32,80000,2,0,0.582,0
122252.67,12,36,100000,2,0,0.658,0
75169.0,10,45,95000,1,20,0.399,0
11492.33,8,28,90000,1,0,0.046,1
27396.33,6,25,25000,1,30,0.556,1
59463.33,6,54,50000,3,50,0.46,0
127080.33,10,29,65000,2,30,0.993,1
396.0,12,58,60000,2,0,0.003,0
275796.67,12,37,170000,3,0,0.853,0
19516.0,8,22,10000,2,0,0.992,0
27880.67,12,34,15000,2,0,0.963,1
12811.33,6,44,125000,2,0,0.018,0
52254.0,10,25,35000,2,20,1.0,0
38204.67,10,47,25000,2,20,0.746,0
328.0,8,60,140000,1,0,0.003,0
37623.67,12,46,250000,2,0,0.002,0
138450.33,12,50,70000,2,20,0.973,0
188727.67,12,31,100000,2,0,0.963,0
2400.0,0,36,25000,2,70,0.048,1
464.0,6,58,160000,1,20,0.001,0
44651.33,10,59,25000,3,20,0.9,0
14140.33,12,49,15000,2,0,0.431,0
33333.33,2,25,50000,1,20,1.0,0
331050.67,12,44,170000,2,0,0.962,1
12212.67,12,38,175000,2,0,0.022,0
5714.0,8,24,10000,2,20,0.206,1
111228.33,12,26,55000,1,0,1.0,0
263269.33,12,29,145000,2,0,0.914,0
11606.0,6,26,20000,2,20,0.283,1
100493.33,12,39,60000,4,20,0.955,1
7910.0,10,55,95000,1,0,0.031,0
109990.0,12,23,75000,2,0,0.768,0
5584.67,4,42,150000,1,0,0.021,0
27691.67,12,32,120000,2,0,0.222,0
58892.33,10,33,30000,2,20,1.0,1
59276.67,12,29,75000,2,0,0.344,0
198191.33,8,47,40000,3,0,1.0,0
2131.0,12,43,80000,2,0,0.035,0
143164.0,12,30,100000,1,0,0.912,0
95314.33,10,42,45000,2,20,1.0,0
0.0,0,38,180000,2,10,0.0,0
4596.33,12,38,175000,2,0,0.013,0
18953.33,12,51,15000,3,0,0.582,0
15881.33,6,23,20000,3,0,0.376,0
5158.67,8,24,80000,2,0,0.028,0
17743.33,10,40,100000,2,20,0.084,0
157170.0,12,33,165000,1,0,0.677,0
9271.67,4,47,250000,1,20,0.014,0
47885.67,12,28,250000,2,0,0.136,0
11872.33,12,54,230000,1,0,0.017,0
6713.0,10,27,60000,1,20,0.055,0
990.0,12,45,65000,2,20,0.008,0
9675.0,12,22,10000,1,0,0.363,0
97198.0,12,41,85000,1,0,0.882,0
49473.33,12,29,25000,1,0,0.966,0
4644.67,12,36,25000,2,0,0.072,1
17732.0,12,43,25000,3,0,0.342,0
6225.33,10,36,110000,1,20,0.059,0
23047.33,12,38,130000,3,0,0.119,0
432856.67,12,54,250000,1,0,0.858,0
19010.33,12,25,10000,2,0,1.0,0
7322.67,4,40,10000,3,20,0.297,1
30336.33,8,25,40000,2,0,0.564,0
1687.67,12,35,250000,2,0,0.005,0
55.0,0,27,80000,1,0,0.001,1
11039.0,4,27,100000,2,0,0.04,0
44093.0,12,34,25000,1,0,0.86,0
18390.0,10,25,10000,2,0,0.99,1
141281.33,12,38,85000,2,0,0.862,0
520.0,4,23,5000,1,20,0.078,1
22017.0,2,28,10000,3,60,0.955,1
4646.0,8,29,75000,2,20,0.017,0
449405.67,10,47,235000,1,20,0.951,0
28252.33,12,32,100000,1,0,0.181,0
28335.67,10,27,65000,1,0,0.207,0
14077.0,12,40,35000,3,20,0.185,0
163338.67,12,34,135000,2,0,0.593,0
57487.0,12,27,75000,3,20,0.383,1
7638.0,2,41,120000,1,20,0.037,0
132.0,10,60,50000,2,0,0.0,0
5870.33,12,40,100000,1,0,0.034,1
24318.67,12,33,110000,1,0,0.103,0
11592.0,10,69,35000,3,20,0.165,1
71399.0,12,44,130000,2,0,0.381,0
133711.0,12,29,90000,1,0,0.749,0
3655.33,10,35,105000,3,0,0.009,0
97477.67,10,36,65000,2,20,0.757,0
139064.67,12,39,160000,2,0,0.461,0
2472.33,10,27,15000,2,20,0.049,1
50016.33,12,25,25000,2,0,1.0,0
91539.67,10,27,190000,2,0,0.012,0
7864.0,8,22,10000,2,30,0.332,1
35980.67,8,31,25000,2,20,0.996,0
17265.67,4,28,70000,1,0,0.061,0
0.0,0,46,75000,3,10,0.0,1
303955.67,12,36,185000,1,0,0.805,1
29165.67,8,41,50000,1,0,0.968,0
88003.67,12,27,50000,3,0,0.987,0
32959.67,12,29,25000,2,30,0.655,1
4200.33,8,33,200000,1,20,0.001,0
48333.67,4,43,125000,1,0,0.137,0
7859.67,12,45,75000,3,10,0.0,0
119394.67,8,37,60000,3,20,0.981,1
120172.67,12,31,130000,1,0,0.451,0
31341.67,12,23,45000,2,0,0.895,0
390.0,12,39,65000,1,20,0.003,0
46938.67,8,29,25000,2,20,0.928,1
123039.67,10,29,60000,2,20,1.0,1
1411.33,8,33,70000,3,0,0.003,0
145343.33,12,34,85000,1,0,1.0,0
14153.33,10,31,165000,3,0,0.017,0
35556.33,10,33,105000,2,0,0.0,1
21715.67,8,39,150000,1,20,0.092,1
91217.0,12,39,65000,2,0,0.722,0
21006.0,6,29,180000,1,0,0.076,0
29457.33,10,26,75000,2,20,0.251,0
60999.0,6,33,45000,2,20,0.682,1
1474.0,4,61,130000,1,10,0.0,0
31311.33,2,21,15000,3,40,1.0,1
80636.67,12,45,40000,2,0,0.994,0
2424.67,10,33,250000,1,0,0.001,0
12686.67,6,33,10000,2,0,0.693,0
27292.0,12,36,30000,3,0,0.573,0
16654.0,12,37,105000,2,0,0.074,0
31457.33,8,24,25000,1,20,0.592,1
212877.33,12,32,175000,2,0,0.651,0
0.0,0,37,100000,2,10,0.0,0
47156.67,8,28,140000,1,0,0.184,0
7205.33,12,41,115000,1,0,0.007,0
231080.33,12,35,100000,1,20,0.977,1
204096.33,8,32,110000,1,20,0.922,0
4178.33,10,30,80000,2,0,0.004,0
158339.33,12,29,100000,2,0,0.9,0
39119.67,12,45,30000,2,0,0.949,0
54892.67,12,33,30000,3,0,0.959,0
21474.67,12,36,190000,1,0,0.074,0
0.0,2,38,120000,1,10,0.0,0
12889.0,12,30,35000,2,0,0.282,0
166058.67,12,33,90000,3,0,0.945,0
23456.0,4,42,75000,2,0,0.019,0
129245.67,12,34,70000,1,20,0.89,1
108589.67,12,25,100000,2,0,0.535,1
129347.67,12,24,65000,1,20,0.976,1
6011.0,12,30,90000,2,0,0.026,0
2825.67,12,30,25000,2,0,0.083,0
0.0,0,24,40000,2,10,0.0,0
31974.33,8,23,20000,2,30,0.794,0
55.67,0,36,105000,1,0,0.001,0
466.33,8,29,75000,1,0,0.004,0
2500.0,0,62,140000,1,20,0.009,1
85268.67,12,28,50000,2,0,1.0,0
67807.33,12,33,50000,2,20,0.664,1
11447.67,12,23,25000,3,20,0.235,1
26871.33,12,25,75000,3,0,0.199,0
19636.33,8,40,10000,1,0,1.0,0
2487.0,10,50,135000,1,0,0.005,0
390.0,10,28,10000,2,20,0.02,1
35086.33,12,28,25000,1,20,0.68,1
189505.33,10,53,125000,2,20,0.71,0
50368.33,12,33,40000,1,0,0.752,0
397674.33,6,40,200000,2,70,1.0,1
20016.0,12,35,25000,1,20,0.412,0
6743.0,12,53,25000,2,0,0.141,0
44905.33,10,34,25000,1,20,0.983,0
254231.0,12,44,140000,2,0,1.0,0
271.67,8,29,120000,1,0,0.0,1
19912.33,10,27,15000,2,20,0.64,1
1240.67,12,29,125000,1,0,0.002,0
439.67,10,55,75000,1,20,0.002,0
28802.0,12,23,30000,2,0,0.473,0
595.0,4,35,25000,2,10,0.0,0
106072.67,10,33,80000,2,20,0.639,0
9304.67,4,44,50000,2,20,0.111,0
68495.67,12,31,35000,1,20,0.961,0
1594.67,4,35,100000,2,0,0.009,0
363.67,10,51,250000,1,0,0.0,0
4689.0,12,28,90000,1,20,0.021,0
20048.67,12,31,15000,1,0,0.947,0
344107.0,12,51,180000,1,0,0.981,0
97276.67,10,36,75000,1,0,0.638,0
79831.33,12,26,40000,2,20,1.0,1
26673.33,6,25,75000,1,0,0.17,0
8756.67,2,50,115000,2,0,0.094,0
4123.0,6,36,50000,2,0,0.149,0
60116.67,6,36,30000,3,20,0.955,1
19256.67,12,23,25000,1,0,0.595,0
14040.0,8,22,10000,2,30,0.628,1
374.33,6,30,145000,1,0,0.002,0
109284.0,12,29,55000,1,0,0.993,0
22446.0,12,22,25000,2,0,0.449,0
227379.0,12,43,115000,2,20,0.969,1
200.0,2,30,25000,2,20,0.004,1
6142.67,6,26,75000,2,0,0.061,0
687.33,12,40,10000,2,0,0.042,1
80239.67,10,45,45000,3,20,0.931,1
108.0,10,26,30000,1,0,0.0,0
37333.67,6,26,40000,1,0,0.84,0
52076.33,12,25,140000,2,0,0.014,0
1080.0,0,36,115000,1,0,0.014,0
44568.67,12,58,50000,3,0,0.434,0
614.33,12,24,40000,1,0,0.005,0
55690.33,12,41,30000,2,0,1.0,0
68922.33,12,35,35000,2,0,1.0,0
97825.33,12,49,55000,2,0,1.0,0
1147.0,8,26,30000,2,20,0.023,0
35907.0,10,26,55000,2,20,0.318,0
526.67,8,54,60000,3,30,0.005,0
2564.0,8,43,140000,2,20,0.015,0
42145.33,12,23,25000,2,0,0.952,0
3674.33,10,22,10000,1,0,0.133,0
7004.33,4,30,120000,1,0,0.002,0
21600.0,12,22,25000,2,0,0.452,0
49100.67,12,27,100000,2,0,0.327,0
8246.0,10,28,160000,2,0,0.036,0
18018.0,4,56,10000,2,30,0.887,1
46759.0,12,44,25000,2,0,0.95,1
1335.0,12,41,90000,2,0,0.005,1
26143.0,0,28,40000,1,0,0.98,0
348.67,8,48,120000,2,0,0.0,1
7166.67,12,28,130000,2,0,0.002,0
766.67,8,40,40000,1,10,0.0,0
63599.67,12,40,40000,2,0,0.802,1
69138.67,8,47,50000,2,20,0.665,0
264.0,8,64,10000,2,0,0.026,1
99899.33,12,31,65000,2,0,0.75,0
0.0,0,28,60000,2,10,0.0,0
82391.67,12,35,45000,2,0,0.941,0
5038.67,10,25,90000,2,0,0.018,0
60946.33,12,32,40000,1,0,0.757,0
390.0,10,45,65000,2,0,0.003,1
11084.33,12,26,115000,1,0,0.076,0
3911.0,12,26,65000,1,0,0.028,1
168154.67,12,33,95000,2,0,0.926,0
186841.33,12,31,105000,1,0,0.869,0
12594.33,6,52,10000,3,30,0.564,0
16386.33,12,23,10000,1,0,0.76,0
44106.67,8,30,140000,2,0,0.219,0
12040.67,10,47,250000,1,20,0.026,0
1851.33,8,39,115000,1,0,0.006,1
128643.67,10,31,65000,2,20,1.0,1
122941.0,10,40,330000,1,20,0.216,0
25138.33,12,50,175000,3,0,0.117,0
39627.0,12,24,20000,3,20,0.979,1
50494.67,10,33,25000,3,20,1.0,1
19409.0,12,43,10000,2,20,0.945,1
25659.33,0,35,40000,2,0,0.962,0
43284.0,12,23,25000,2,0,0.982,0
277570.33,12,40,145000,2,20,0.942,0
3017.33,6,27,40000,1,20,0.014,0
236700.67,10,29,115000,3,20,1.0,0
27279.33,12,29,15000,2,20,0.88,0
4487.67,6,29,100000,1,0,0.014,0
27511.67,10,26,25000,2,20,0.52,1
49967.0,4,57,25000,2,40,1.0,0
6867.67,12,48,100000,1,0,0.04,0
12306.67,6,23,10000,2,20,0.891,0
33020.0,12,48,25000,3,0,0.903,0
77076.33,12,31,45000,1,0,0.882,1
24034.0,10,23,15000,2,20,0.751,0
78850.33,12,30,40000,2,0,0.99,0
122.67,8,31,10000,2,20,0.0,0
28546.33,10,30,25000,1,20,0.399,0
86835.0,12,33,50000,1,0,0.846,0
26569.67,6,28,105000,1,0,0.089,0
777.0,4,38,250000,1,10,0.0,0
8747.0,8,25,15000,2,20,0.251,1
23746.67,4,41,80000,2,20,0.154,1
123208.67,8,28,90000,1,0,0.935,0
129652.0,12,37,245000,1,0,0.075,0
23827.0,12,29,25000,1,0,0.023,0
89487.0,12,27,65000,1,0,0.674,0
133.33,6,34,25000,2,10,0.0,1
3984.33,8,58,100000,1,0,0.001,0
40796.33,10,27,25000,1,20,0.855,1
22670.33,8,33,90000,1,0,0.101,0
2266.67,10,39,250000,1,0,0.004,1
3799.67,10,46,105000,2,0,0.015,1
10746.67,8,35,10000,1,30,0.511,1
102.0,2,29,95000,2,10,0.0,0
142170.33,12,29,70000,3,0,1.0,0
20696.33,2,51,10000,3,0,1.0,1
109118.33,12,29,210000,1,0,0.137,0
11089.33,12,29,90000,1,0,0.058,0
221117.67,12,28,145000,2,0,0.83,0
80754.0,12,40,95000,1,0,0.413,0
1198.67,8,39,180000,1,20,0.003,0
16712.0,12,53,10000,2,20,0.79,1
158461.0,12,32,130000,2,0,0.771,0
19755.67,10,55,10000,3,20,0.971,0
19889.0,12,52,25000,3,0,0.389,0
0.0,2,55,125000,1,10,0.0,0
2252.0,8,26,15000,2,0,0.0,0
340497.33,12,30,230000,2,0,0.861,0
79292.67,12,26,40000,2,0,1.0,0
5913.0,4,35,30000,2,30,0.093,0
69020.33,12,26,40000,2,0,0.847,0
10434.33,12,28,45000,2,0,0.122,1
25135.67,12,34,25000,2,0,0.542,0
42246.33,12,50,25000,3,0,1.0,0
35.0,8,41,180000,1,10,0.0,1
0.0,0,49,180000,1,10,0.0,0
69878.0,10,29,115000,1,0,0.465,0
26645.33,12,39,120000,2,0,0.038,0
75554.33,12,27,55000,2,0,0.743,0
1003.33,12,28,105000,2,0,0.007,1
3551.67,10,28,150000,1,0,0.015,0
165009.33,12,65,100000,3,0,0.918,0
222902.67,12,29,110000,2,0,1.0,0
1698.33,10,45,45000,3,0,0.029,0
83482.0,12,44,105000,2,0,0.427,0
40773.33,12,31,250000,1,0,0.163,0
6077.67,12,33,80000,1,0,0.038,0
135108.33,12,47,70000,1,0,1.0,0
16453.0,12,42,60000,1,0,0.194,0
45311.33,12,46,40000,2,0,0.554,0
23308.33,2,38,120000,2,0,0.235,0
50122.0,12,30,85000,1,0,0.29,0
21219.33,12,38,15000,2,0,0.894,0
21052.67,10,31,130000,1,20,0.031,0
0.0,0,34,200000,1,0,0.0,0
18030.0,12,31,250000,2,0,0.042,0
325.0,10,32,50000,1,10,0.0,1
226765.0,12,39,120000,1,0,0.984,0
6527.33,10,53,5000,3,0,0.177,0
4377.33,12,36,40000,2,0,0.034,0
56717.67,12,28,30000,2,0,0.929,0
0.0,0,38,100000,1,0,0.0,0
253550.33,12,41,130000,2,0,0.971,1
213730.33,10,39,130000,2,0,0.983,1
661.33,10,30,130000,1,0,0.002,0
5126.33,8,34,150000,1,0,0.004,0
38197.33,12,27,155000,2,0,0.145,0
99967.0,12,32,70000,1,0,0.924,0
1469.33,4,50,100000,2,0,0.023,1
326.0,12,39,115000,2,0,0.001,0
62229.67,12,27,25000,2,0,1.0,0
2478.33,12,29,90000,2,0,0.021,0
50136.33,12,26,50000,1,0,0.508,0
1000.67,8,49,40000,2,20,0.028,1
5200.67,12,39,175000,1,0,0.011,0
2045.67,6,32,70000,2,0,0.021,1
109202.33,12,29,180000,1,0,0.413,0
5589.33,8,47,5000,4,0,0.797,0
27095.67,10,25,65000,1,0,0.285,0
300007.67,12,41,160000,1,0,1.0,0
144455.33,8,34,90000,2,20,0.789,1
37245.0,4,39,90000,1,0,0.242,0
153414.0,8,39,75000,2,20,1.0,1
0.0,8,27,40000,2,10,0.0,0
41236.33,12,50,35000,1,0,0.808,0
167862.67,12,66,75000,2,0,1.0,0
13226.33,12,36,240000,3,0,0.04,0
17133.33,0,45,25000,3,0,1.0,0
0.0,2,28,50000,1,10,0.0,1
26312.33,12,26,25000,3,0,0.534,0
131282.33,12,28,140000,1,0,0.499,0
650.0,6,48,10000,2,20,0.039,0
3382.0,2,50,15000,3,20,0.12,1
34174.0,8,38,35000,2,0,0.575,0
29055.67,8,59,15000,3,0,0.946,0
0.0,2,64,100000,1,10,0.0,0
570.0,4,30,105000,1,20,0.0,0
135674.0,12,66,105000,1,0,0.632,0
67597.33,12,39,235000,1,0,0.169,0
46885.67,12,38,25000,2,0,0.892,0
63685.33,12,37,120000,2,0,0.052,0
27240.67,8,38,30000,3,20,0.537,1
96347.33,12,33,50000,2,20,0.965,0
174117.33,12,25,100000,2,0,0.971,0
108951.0,8,58,65000,1,0,1.0,0
50553.67,12,24,25000,2,0,1.0,0
2500.0,0,34,150000,1,20,0.008,1
1836.0,4,32,105000,1,20,0.014,0
70694.0,12,27,35000,1,0,1.0,0
89438.0,12,49,50000,3,0,0.854,0
19172.33,10,25,15000,2,0,0.625,0
2465.33,12,30,100000,1,0,0.008,0
6703.33,10,36,180000,2,0,0.019,0
18533.33,10,24,10000,2,30,0.929,1
14911.33,12,32,75000,1,10,0.0,1
140052.67,12,28,375000,1,10,0.013,0
93916.67,12,24,50000,2,0,0.916,0
55943.0,10,36,150000,2,20,0.183,1
60327.0,12,55,45000,2,0,0.921,0
25688.0,10,28,25000,2,0,0.43,0
76265.0,12,48,60000,2,0,0.653,0
36743.0,8,39,60000,2,0,0.372,0
19943.0,10,42,15000,2,20,0.619,1
84324.33,12,43,110000,2,0,0.384,0
0.0,0,31,90000,2,10,0.0,1
14078.67,8,52,10000,3,20,0.702,1
135735.33,12,26,70000,2,20,0.966,0
25311.33,12,46,200000,2,0,0.075,0
9132.33,12,27,90000,1,0,0.062,0
0.0,6,36,170000,2,10,0.0,0
187595.0,12,46,125000,3,0,0.978,0
9457.0,12,50,25000,2,0,0.178,0
53054.0,12,24,110000,1,0,0.236,0
3684.0,8,35,200000,2,0,0.028,0
6830.0,12,37,160000,1,0,0.045,0
301.33,12,40,130000,2,0,0.001,0
1453.0,10,42,175000,1,0,0.003,0
29206.67,12,34,15000,2,0,0.95,0
12327.33,10,24,5000,2,20,1.0,1
1987.0,2,23,25000,2,0,0.119,0
28238.0,10,23,15000,3,20,0.876,0
17822.33,12,35,175000,1,20,0.0,0
3605.33,12,37,205000,1,0,0.014,0
64210.0,12,35,65000,3,0,0.506,0
70627.33,12,28,40000,3,0,0.877,0
0.0,6,51,190000,2,10,0.0,0
321351.67,12,42,160000,1,20,0.996,0
4271.0,8,23,10000,1,20,0.16,1
43704.33,12,32,25000,2,0,0.971,0
19547.33,12,25,15000,2,0,0.665,0
42517.33,12,24,25000,2,20,0.839,0
32099.33,12,41,25000,2,0,0.814,0
49516.33,12,51,25000,2,0,0.982,0
6590.33,12,27,100000,1,0,0.024,0
50285.33,12,29,40000,2,0,0.634,0
10452.33,12,53,10000,3,0,0.484,0
1117.33,4,28,90000,2,0,0.012,0
213294.33,12,33,115000,1,0,0.994,0
3099.67,10,33,90000,2,0,0.035,0
44278.67,12,23,45000,2,0,0.468,1
2400.0,0,23,10000,2,70,0.12,1
0.0,0,32,50000,2,10,0.0,1
51517.67,12,44,30000,3,0,0.962,0
44082.33,12,35,65000,2,20,0.33,1
38973.0,10,55,25000,2,20,0.76,1
10052.67,12,23,35000,1,0,0.127,0
2646.67,12,53,180000,2,0,0.016,0
19810.0,10,22,10000,1,20,0.972,1
650.0,2,34,10000,3,20,0.02,1
5218.33,12,36,220000,3,0,0.018,0
1354.33,12,41,200000,1,0,0.004,0
84911.33,12,29,85000,1,0,0.532,0
5159.0,2,32,100000,2,20,0.049,0
19863.33,12,41,110000,1,0,0.137,0
210337.33,12,31,140000,2,0,0.743,0
83048.0,12,29,180000,1,0,0.25,0
17607.0,12,51,10000,2,20,0.923,0
533.33,12,44,145000,1,0,0.001,0
10861.0,12,33,190000,2,10,0.0,0
1932.33,10,28,90000,1,20,0.014,0
5202.67,8,26,60000,1,0,0.011,0
166389.33,12,27,25000,2,0,1.0,0
14232.67,10,48,10000,1,20,0.712,1
11975.33,4,25,10000,2,50,0.526,0
163694.67,12,29,85000,2,0,0.95,0
28503.33,10,24,90000,2,0,0.302,0
0.0,4,36,100000,1,10,0.0,0
182344.33,8,55,100000,2,20,0.907,1
4060.33,12,26,180000,1,0,0.0,1
7361.33,12,26,5000,2,0,0.635,0
68005.0,0,60,30000,2,80,1.0,0
27580.0,8,24,20000,2,20,0.64,1
4670.33,12,39,50000,2,0,0.045,0
40543.67,10,23,25000,2,20,0.767,0
9244.33,8,29,150000,1,0,0.075,0
68262.33,12,29,55000,3,20,0.585,1
17832.33,12,37,60000,1,0,0.158,0
52719.0,8,45,75000,2,20,0.432,0
3111.33,10,30,115000,2,0,0.005,0
14566.67,12,35,90000,2,0,0.239,0
16036.0,12,33,160000,2,0,0.023,0
789.67,6,23,40000,1,20,0.0,0
2947.33,12,29,80000,1,0,0.008,0
35922.33,12,23,25000,2,0,0.7,1
441.33,12,26,90000,2,0,0.002,0
34598.0,12,26,55000,3,0,0.401,0
3719.33,10,32,75000,1,20,0.007,0
82059.0,12,52,105000,3,0,0.311,0
638.67,8,43,5000,2,20,0.065,1
823.0,8,22,15000,2,20,0.0,0
2211.0,8,36,225000,1,0,0.009,1
59583.67,12,25,55000,1,20,0.55,0
102480.33,12,37,135000,2,0,0.41,0
49398.33,10,46,25000,3,20,1.0,0
63502.33,12,43,50000,3,0,0.623,0
833.33,0,30,180000,2,0,0.007,0
74825.33,10,32,55000,2,20,0.686,1
71568.33,12,55,90000,3,0,0.038,0
195071.67,12,34,115000,1,20,0.829,0
8712.33,8,41,10000,3,20,0.374,0
46665.33,8,22,25000,1,20,0.921,1
5627.0,12,31,5000,3,0,0.506,0
6735.67,12,46,160000,1,0,0.01,0
36240.33,12,26,140000,1,0,0.13,0
19143.0,12,28,10000,2,0,0.927,0
53514.0,12,36,35000,2,0,0.956,0
49078.67,10,36,40000,2,20,0.594,0
30800.0,6,25,100000,1,0,0.462,0
28315.0,10,24,15000,2,0,0.91,0
51005.0,4,41,50000,2,30,0.513,1
60531.67,12,26,55000,1,0,0.589,0
2314.0,10,33,150000,1,0,0.001,0
91409.0,12,31,150000,2,0,0.297,0
56055.67,12,29,170000,1,0,0.243,0
528.0,10,37,135000,1,0,0.001,1
48299.0,12,26,50000,2,0,0.801,0
45995.67,6,33,25000,1,20,0.935,0
325262.33,12,40,180000,2,0,0.979,0
68966.33,12,49,45000,2,0,1.0,0
104299.33,12,42,70000,2,0,0.914,0
1595.33,8,28,75000,1,20,0.008,0
18223.0,12,34,25000,3,0,0.342,0
27461.67,8,26,15000,3,30,0.94,1
293.33,4,54,115000,2,0,0.0,0
0.0,2,40,120000,2,0,0.0,1
21840.0,4,44,100000,1,0,0.328,0
85353.67,12,42,165000,2,0,0.359,0
50353.33,12,29,55000,1,0,0.468,0
115685.33,12,54,100000,3,0,0.573,0
44600.67,12,46,25000,2,0,0.882,0
69040.67,12,27,35000,1,0,1.0,0
0.0,0,59,180000,2,10,0.0,1
6489.0,12,54,25000,2,0,0.092,1
2360.0,2,28,40000,3,0,0.054,0
103585.0,12,69,100000,2,0,0.534,0
47583.0,12,27,25000,2,0,0.945,1
18209.0,8,27,15000,1,0,0.608,0
228194.67,12,31,195000,1,0,0.646,1
326.0,10,42,190000,1,20,0.001,1
17318.67,10,46,10000,2,30,0.815,1
26026.0,12,31,40000,2,0,0.352,1
49043.0,12,49,25000,2,0,0.953,0
12047.67,10,25,25000,1,20,0.226,0
721.33,10,44,100000,2,0,0.003,0
91478.67,12,28,50000,3,0,1.0,1
184.33,4,31,90000,1,0,0.002,0
2891.0,10,27,60000,2,20,0.009,0
18152.33,10,31,195000,2,20,0.053,0
28670.67,12,37,125000,2,0,0.101,0
294824.67,8,47,175000,2,20,0.862,1
71738.0,12,30,35000,2,0,1.0,0
0.0,0,33,105000,1,0,0.0,0
95618.33,12,29,90000,1,0,0.473,0
390.0,12,25,40000,1,0,0.005,1
896.0,12,26,60000,3,0,0.012,0
0.0,8,23,105000,1,0,0.0,1
19292.67,10,38,10000,2,0,0.933,0
250.0,4,38,75000,1,0,0.005,1
31781.67,12,38,195000,1,0,0.079,0
7112.33,12,36,155000,1,0,0.021,0
12115.67,12,27,115000,1,0,0.048,0
12007.0,12,51,45000,2,0,0.142,0
13976.67,8,29,70000,1,20,0.084,0
100449.0,12,28,75000,1,0,0.7,0
51231.0,2,27,65000,2,0,0.708,0
2551.0,8,27,105000,1,0,0.007,0
1157.67,4,25,50000,1,10,0.0,0
163627.67,12,36,75000,4,0,1.0,0
1387.67,12,29,100000,1,0,0.007,0
81437.33,10,27,40000,2,20,0.983,0
5122.0,12,27,115000,1,0,0.025,0
47378.67,12,37,25000,2,0,0.993,0
88279.67,12,33,130000,2,0,0.016,0
45442.0,10,23,55000,2,20,0.391,0
14839.0,12,56,10000,3,20,0.712,0
2271.67,8,42,180000,2,10,0.0,0
50910.0,8,36,80000,1,0,0.424,0
8857.67,12,35,5000,2,0,0.886,0
150497.33,8,31,75000,1,20,1.0,1
0.0,0,35,250000,1,0,0.0,1
2374.33,12,69,250000,1,0,0.002,0
47173.33,10,28,180000,2,0,0.176,0
45441.0,10,28,25000,1,20,0.975,0
131308.0,12,35,135000,1,20,0.476,0
8585.67,12,58,5000,3,0,0.757,0
11008.33,12,29,15000,2,0,0.515,0
1064.33,2,30,40000,3,20,0.0,0
494.0,10,27,180000,2,0,0.002,0
106822.67,12,26,60000,1,0,0.94,0
185126.0,12,35,200000,2,0,0.275,1
57295.67,12,26,250000,2,0,0.118,0
1330.0,12,54,70000,3,0,0.007,0
31559.67,12,27,55000,2,0,0.27,0
28127.0,12,34,15000,2,0,0.998,0
108933.67,12,56,70000,1,0,0.989,0
111630.67,12,39,75000,3,0,0.725,0
275840.67,12,37,140000,3,0,0.969,1
6969.0,8,45,10000,3,20,0.279,0
1414.67,8,36,170000,3,20,0.008,0
24539.0,12,25,30000,2,20,0.602,1
15286.0,8,62,10000,1,0,0.88,0
22252.67,12,25,25000,1,0,0.476,0
73471.67,12,35,100000,2,0,0.358,0
44973.67,12,30,90000,1,0,0.224,0
42514.67,12,34,120000,1,0,0.173,0
26295.67,12,32,180000,2,20,0.092,0
37103.0,10,26,25000,2,0,0.995,0
96698.0,12,50,50000,3,0,0.959,0
0.0,0,26,40000,3,10,0.0,1
46712.67,8,32,25000,3,20,0.927,1
38268.0,12,27,210000,3,0,0.004,1
58327.67,12,35,95000,1,0,0.005,0
2321.33,12,33,90000,2,10,0.0,0
35700.33,8,22,20000,1,0,0.863,1
44677.67,8,43,25000,2,20,0.887,1
2400.0,0,23,5000,2,70,0.24,1
149216.0,12,39,100000,1,0,0.778,0
16364.0,8,39,60000,3,0,0.065,0
43827.67,10,48,50000,2,20,0.44,0
32497.33,2,24,50000,1,0,0.934,0
87602.67,4,29,180000,1,0,0.639,0
316.0,10,28,50000,2,0,0.003,1
2771.33,12,49,145000,2,0,0.018,1
29263.67,12,34,120000,1,20,0.168,0
47988.33,12,37,145000,2,0,0.169,0
37907.67,12,33,250000,2,0,0.022,0
15087.0,6,32,25000,2,30,0.299,1
22093.33,12,30,110000,2,0,0.085,0
17936.33,12,44,10000,2,0,0.872,1
164227.67,12,36,210000,2,0,0.443,0
75341.0,8,29,50000,1,20,0.74,0
3625.33,10,43,115000,1,30,0.014,1
47832.0,8,53,25000,2,20,0.939,1
125098.67,12,42,35000,1,20,1.0,0
907.0,12,31,90000,1,0,0.005,0
3920.33,12,27,45000,1,0,0.038,0
39460.0,12,24,25000,2,0,0.884,0
48093.67,12,22,25000,3,20,0.854,0
179.67,10,26,30000,1,10,0.0,0
23858.33,12,41,25000,3,20,0.464,1
1369.33,6,58,150000,1,0,0.004,0
15586.67,6,36,15000,1,20,0.475,1
7468.0,12,25,5000,1,0,0.95,0
24371.0,4,30,35000,1,0,0.517,0
24019.67,12,32,80000,2,0,0.141,0
443599.33,12,30,130000,2,0,1.0,0
162389.67,12,39,180000,1,0,0.453,0
16348.33,12,30,30000,3,20,0.257,0
35225.67,8,39,90000,2,0,0.319,0
34122.67,8,23,20000,2,20,0.842,1
1114.67,10,36,80000,2,0,0.005,0
390087.0,12,35,305000,1,0,0.638,0
11015.33,12,35,25000,3,0,0.2,0
211898.0,10,48,160000,1,20,0.631,1
122080.0,12,29,75000,1,0,0.725,0
2015.0,12,36,85000,1,0,0.012,0
17839.67,12,53,250000,2,0,0.076,0
520.0,8,57,100000,2,0,0.004,0
107119.33,12,27,145000,1,0,0.381,0
14719.33,8,53,20000,2,30,0.355,0
5995.33,10,30,150000,1,0,0.02,0
41517.0,12,32,25000,3,20,0.81,1
11342.67,10,29,10000,2,20,0.516,0
29497.0,10,22,15000,2,20,0.964,0
97362.33,10,34,70000,2,20,0.673,0
3151.67,12,32,40000,2,0,0.016,0
0.0,8,35,130000,2,10,0.0,0
10094.0,4,27,65000,1,10,0.0,1
62126.33,12,39,190000,3,0,0.145,0
0.0,2,36,100000,2,10,0.0,0
18897.33,12,46,25000,3,0,0.429,0
41603.33,12,25,25000,1,0,0.993,0
48014.33,10,26,45000,2,0,0.524,0
0.0,2,25,10000,1,10,0.0,1
73499.67,8,26,70000,2,20,0.538,0
23116.67,8,45,15000,3,20,0.711,0
8346.0,10,28,115000,1,20,0.027,0
10843.67,10,36,50000,3,20,0.087,1
152.0,6,46,120000,1,20,0.002,0
0.0,0,36,100000,1,0,0.0,1
74604.33,12,26,40000,1,0,1.0,0
364.67,6,56,180000,1,0,0.003,0
63288.0,12,37,75000,2,0,0.476,0
30102.33,12,27,65000,2,0,0.224,0
13081.0,8,56,15000,2,20,0.385,0
22727.33,12,33,125000,1,0,0.113,0
19220.33,12,42,250000,1,0,0.077,1
15986.33,10,43,15000,2,20,0.496,1
168785.67,8,41,195000,1,20,0.43,1
81095.67,12,27,195000,1,0,0.201,0
323.33,8,37,180000,2,10,0.0,0
51341.33,12,25,45000,2,0,0.643,0
48877.33,12,35,50000,3,0,0.478,0
390.0,6,31,15000,3,20,0.013,0
10466.67,0,25,80000,3,0,0.196,0
11002.33,10,26,10000,1,20,0.77,0
5887.33,12,36,120000,1,0,0.03,0
62425.33,12,26,40000,1,30,0.773,1
29493.33,12,22,15000,2,0,0.989,0
49650.67,12,45,75000,2,0,0.299,0
88248.67,12,28,80000,2,0,0.529,0
18448.0,10,58,10000,1,0,0.862,0
27594.0,12,45,115000,1,0,0.113,0
81360.67,12,46,50000,2,0,0.982,0
201867.33,12,39,210000,2,0,0.488,0
45247.0,12,37,240000,2,0,0.052,0
519.67,8,37,5000,3,0,0.068,1
99992.67,10,41,90000,3,20,0.556,1
65975.33,12,32,100000,1,0,0.236,0
45416.0,10,36,70000,2,20,0.318,1
11867.67,12,23,10000,1,0,0.593,0
1526.33,10,39,40000,1,0,0.0,0
8307.0,12,29,5000,2,0,0.717,1
15375.33,10,35,25000,2,20,0.312,1
694.0,12,38,170000,3,0,0.002,0
139042.0,12,39,165000,2,0,0.475,0
4113.33,6,47,115000,1,0,0.003,0
0.0,0,40,180000,1,10,0.0,0
19237.33,8,48,15000,3,20,0.613,0
428087.33,12,42,250000,1,20,0.839,1
2442.67,10,42,100000,1,0,0.018,0
42400.0,12,55,25000,2,0,0.835,1
222870.33,12,36,120000,3,0,0.984,1
432.0,6,45,145000,1,0,0.002,0
1492.33,4,24,10000,3,10,0.0,1
26119.33,10,49,30000,3,20,0.479,0
74430.67,12,24,80000,2,0,0.475,0
1712.0,8,31,100000,1,0,0.005,0
34115.33,12,33,35000,2,0,0.628,0
18155.67,12,35,70000,1,0,0.074,0
56585.0,12,44,230000,1,0,0.033,0
4397.0,10,36,80000,2,0,0.019,0
3850.67,2,40,100000,2,0,0.033,0
68762.33,12,55,40000,3,0,0.975,0
5826.0,12,47,155000,1,0,0.017,0
63262.0,10,29,145000,2,20,0.22,1
12202.0,10,27,60000,1,20,0.096,0
14680.67,6,31,10000,3,20,0.667,0
140.0,8,29,45000,1,0,0.002,0
1206.67,12,60,30000,1,0,0.006,0
112855.0,12,39,130000,2,20,0.425,1
170569.67,12,30,90000,2,0,0.931,0
13429.0,12,41,25000,3,0,0.31,0
25042.33,12,40,25000,3,0,0.692,0
46952.33,12,53,25000,3,0,0.96,0
17326.0,12,32,100000,1,0,0.071,0
8528.67,12,35,85000,2,0,0.024,0
47303.67,12,22,25000,1,0,0.982,0
33545.67,12,47,220000,3,0,0.223,1
3333.33,0,28,50000,2,0,0.1,0
27614.33,10,49,25000,3,20,0.522,1
74783.33,12,47,110000,1,0,0.387,0
4856.0,8,43,75000,3,0,0.011,0
0.0,6,28,10000,1,10,0.0,0
23544.0,0,39,80000,2,20,0.254,0
37144.0,8,28,25000,1,0,0.89,0
34216.67,0,40,65000,3,0,0.79,0
17767.33,8,36,10000,2,0,0.76,1
13573.0,8,34,100000,2,0,0.142,0
451.0,12,22,10000,1,0,0.024,0
581.67,4,39,150000,1,0,0.004,0
106811.67,12,25,60000,1,20,0.876,1
58833.67,10,27,180000,1,0,0.003,0
122444.0,12,59,70000,1,0,1.0,0
68754.33,12,25,105000,2,0,0.378,1
0.0,0,30,100000,1,0,0.0,0
30767.33,12,28,65000,1,0,0.241,1
33.67,0,48,120000,2,0,0.0,1
17145.67,8,65,40000,3,0,0.313,0
0.0,0,36,250000,1,10,0.0,1
334132.33,6,46,160000,1,40,1.0,1
75724.33,2,56,105000,1,0,0.97,0
0.0,0,42,100000,2,0,0.0,1
15607.67,10,37,25000,1,20,0.231,0
9672.33,10,38,170000,1,0,0.013,0
3186.0,8,62,120000,2,20,0.008,0
37799.67,12,28,120000,1,0,0.195,0
43610.0,12,40,25000,2,0,0.604,0
18353.33,12,55,25000,3,20,0.381,0
6455.67,8,45,10000,2,20,0.676,1
2151.33,8,35,255000,1,0,0.0,0
866.0,10,25,110000,1,10,0.0,0
3056.33,8,30,110000,2,0,0.003,0
35427.33,12,37,30000,1,0,0.706,0
8390.0,8,26,20000,2,20,0.142,1
28377.0,12,64,25000,1,0,0.927,0
1778.67,2,46,180000,1,20,0.002,1
554.67,4,51,60000,1,10,0.0,1
12053.33,8,23,10000,3,0,0.85,0
23304.67,4,33,15000,2,0,1.0,0
316.0,12,29,55000,1,0,0.003,0
150521.0,12,31,85000,2,0,0.976,0
612.67,0,48,90000,2,20,0.005,0
43059.33,8,23,25000,2,20,0.852,0
19079.33,12,28,90000,1,0,0.266,0
28854.67,10,50,40000,2,0,0.708,0
7111.33,12,34,10000,1,0,0.252,0
18897.33,10,57,15000,3,0,0.593,0
58154.67,12,28,40000,2,0,0.13,0
1919.33,10,53,100000,1,0,0.003,0
117004.67,12,42,60000,2,0,0.975,0
207162.33,12,52,80000,4,0,1.0,0
23288.67,8,44,250000,1,0,0.001,0
39047.67,10,22,25000,2,20,0.914,0
44949.0,12,39,25000,2,0,0.874,0
22033.33,8,41,100000,1,20,0.124,0
8482.0,10,25,15000,2,20,0.243,1
2833.33,0,33,95000,2,10,0.0,0
11625.33,8,41,60000,2,20,0.123,0
20979.67,8,39,15000,3,0,0.926,0
6274.0,10,27,15000,3,0,0.178,0
50065.67,12,33,155000,1,20,0.152,0
29430.0,10,31,15000,2,0,0.947,1
417861.67,12,52,220000,1,20,0.965,1
34126.0,12,27,25000,1,30,0.664,1
48940.33,12,38,35000,2,0,1.0,0
151508.67,12,31,130000,1,0,0.696,0
34403.33,12,46,160000,1,0,0.034,0
108451.33,12,34,105000,2,0,0.612,0
60665.67,12,29,140000,1,0,0.208,0
79890.33,12,32,70000,1,0,0.598,0
13976.0,8,22,10000,3,0,0.711,0
288383.33,12,25,170000,1,0,0.705,1
25746.67,12,39,35000,3,0,0.489,0
5426.67,4,50,60000,1,10,0.0,0
37035.0,10,24,30000,2,0,0.963,0
29269.67,12,29,15000,3,0,0.952,0
13119.0,12,29,15000,2,0,0.406,0
51244.33,10,25,40000,1,20,0.606,1
23024.33,12,49,25000,2,0,0.576,0
18597.0,12,37,50000,3,0,0.201,0
58963.67,12,35,30000,2,0,1.0,0
4002.67,2,23,5000,2,50,0.42,1
15265.67,10,41,140000,1,0,0.003,0
11592.67,8,47,125000,3,0,0.029,0
836.0,8,48,20000,2,0,0.042,0
30054.33,10,25,15000,1,20,0.988,0
29928.33,12,57,25000,1,0,0.852,0
59572.0,12,29,35000,3,0,1.0,0
83211.67,12,28,65000,2,0,0.669,0
59954.0,12,24,30000,2,0,1.0,0
82020.33,12,29,100000,2,0,0.408,0
94158.0,10,33,50000,1,20,0.908,0
192455.33,12,30,95000,2,0,1.0,1
23741.67,0,36,10000,3,80,1.0,1
380.0,12,42,115000,1,0,0.002,1
90141.0,10,26,45000,2,20,0.973,0
197476.67,12,29,120000,1,0,0.796,0
13116.0,10,23,10000,2,20,0.6,1
19090.33,4,22,10000,3,20,0.97,1
3772.67,12,24,25000,1,0,0.055,0
70773.0,12,40,115000,2,0,0.316,0
13268.0,8,41,215000,2,0,0.007,0
47572.67,12,34,25000,2,0,0.98,0
131460.0,12,32,115000,2,0,0.623,0
800.33,4,36,120000,4,20,0.0,0
220.0,4,30,60000,1,20,0.003,1
244397.33,12,26,140000,2,0,0.916,0
11401.67,12,29,250000,1,0,0.018,0
1.0,0,53,130000,2,0,0.0,0
702.0,12,31,70000,1,0,0.005,0
172301.0,12,28,155000,3,0,0.712,0
46292.67,10,36,25000,3,20,0.911,0
39448.0,12,35,25000,3,0,0.977,0
16834.0,10,29,15000,3,20,0.502,1
147884.0,10,43,100000,1,20,0.711,0
75075.67,12,33,40000,3,0,0.914,0
4343.0,12,36,155000,3,0,0.02,0
142793.0,12,26,110000,2,0,0.26,0
11999.0,4,26,40000,2,0,0.45,0
57948.33,12,38,250000,1,0,0.112,0
71363.33,12,37,50000,1,0,0.701,0
2851.67,8,37,100000,1,0,0.02,1
9990.0,4,39,10000,2,0,0.44,0
66563.67,12,28,10000,2,0,1.0,0
55942.67,12,38,40000,2,0,0.685,0
13766.67,0,29,55000,2,0,0.375,0
99206.67,12,38,50000,2,0,0.997,0
1233.33,12,30,200000,4,0,0.009,0
430.0,12,40,160000,1,0,0.001,0
132865.33,12,28,90000,2,0,0.773,0
5765.33,10,27,90000,2,20,0.03,0
29393.33,10,22,15000,2,0,1.0,1
13805.67,6,35,15000,2,30,0.477,1
235320.33,12,42,120000,1,0,0.992,0
71835.33,12,24,50000,1,20,0.768,0
86243.67,12,50,45000,2,0,0.947,0
19796.33,6,22,10000,2,0,0.968,0
39561.67,8,28,30000,2,20,0.63,1
28898.67,10,38,45000,3,20,0.32,0
5576.0,12,40,40000,2,0,0.064,0
135722.0,12,34,250000,1,0,0.348,0
92011.0,12,34,215000,1,0,0.191,0
339.0,12,27,65000,1,0,0.003,0
2820.33,10,66,250000,2,0,0.007,0
1538.67,12,38,175000,2,0,0.001,0
1744.0,12,34,160000,1,0,0.002,0
145750.33,12,24,80000,2,0,0.889,0
99411.33,10,25,55000,1,20,0.999,1
48723.67,12,53,30000,3,0,0.96,0
22786.0,12,33,130000,4,0,0.071,0
51582.33,12,47,25000,1,0,0.991,0
269413.0,12,44,135000,2,0,1.0,0
40935.67,12,52,105000,1,0,0.214,0
18085.0,8,29,10000,2,30,0.81,0
29067.0,6,49,15000,2,20,0.962,0
10620.0,12,56,250000,1,0,0.002,0
11488.33,12,31,180000,1,0,0.068,0
1772.67,12,30,45000,2,0,0.029,0
8785.0,12,28,5000,2,0,0.78,0
92864.33,12,36,100000,2,0,0.469,0
651.0,4,37,30000,2,10,0.0,0
3922.33,12,40,40000,2,0,0.073,0
23314.0,12,32,250000,1,0,0.022,0
47821.0,12,21,25000,2,0,0.946,0
41212.67,12,24,25000,2,0,0.908,0
6449.67,10,30,100000,1,0,0.023,0
264364.33,12,45,235000,2,0,0.624,0
7862.67,12,41,90000,3,0,0.034,0
19335.33,8,33,120000,2,0,0.098,0
2500.0,0,30,100000,1,20,0.012,1
20393.0,2,40,10000,2,80,1.0,1
13272.33,12,32,40000,2,20,0.145,1
12402.67,8,54,15000,2,20,0.352,0
272.0,2,35,100000,1,0,0.004,0
45383.67,10,38,50000,2,20,0.665,0
57335.33,12,30,35000,3,20,0.806,1
0.0,0,30,70000,2,10,0.0,0
27462.33,12,27,15000,2,40,0.888,0
96888.0,10,27,50000,2,20,0.962,1
41864.0,12,38,30000,2,0,0.703,0
4511.0,10,23,25000,1,20,0.164,0
0.0,4,35,60000,1,0,0.0,0
17010.0,12,23,25000,3,0,0.856,0
295912.33,12,28,150000,2,0,0.978,0
4628.33,6,36,180000,1,0,0.007,0
25875.33,10,36,20000,2,0,0.606,0
12344.67,2,40,95000,2,0,0.096,0
10563.0,12,23,15000,1,0,0.476,0
1361.33,8,47,140000,3,20,0.006,1
27362.67,12,23,15000,2,0,0.843,0
65330.67,10,32,250000,1,0,0.371,0
2859.0,12,32,130000,1,0,0.007,0
21378.0,10,46,30000,2,0,0.339,0
30043.33,10,36,35000,3,20,0.407,1
27586.33,8,27,15000,2,20,0.849,0
3708.0,12,37,150000,3,0,0.016,0
26842.33,10,22,15000,2,20,0.872,0
2400.0,0,43,20000,3,70,0.06,1
58931.33,12,25,40000,1,0,0.822,0
28531.33,12,35,25000,1,0,0.965,1
11325.67,12,38,45000,1,0,0.026,0
2497.0,0,29,130000,1,20,0.01,1
28083.67,6,58,50000,1,20,0.27,1
0.0,0,34,140000,1,10,0.0,0
16341.33,4,22,40000,2,0,0.214,0
146245.0,10,27,75000,2,0,0.957,0
3826.0,12,39,45000,2,0,0.029,0
11099.33,12,33,65000,1,20,0.082,0
9398.67,10,36,105000,2,0,0.026,0
1826.33,12,44,210000,1,0,0.001,0
107830.33,10,39,250000,1,0,0.256,0
364.67,8,30,90000,1,10,0.0,1
143002.33,12,36,75000,2,20,0.943,0
52621.0,12,30,220000,1,0,0.115,0
45799.0,12,27,25000,1,0,0.982,0
2558.0,4,29,70000,2,0,0.024,1
114909.0,12,29,75000,1,0,0.797,0
264.33,4,27,75000,2,20,0.004,0
2391.33,0,49,240000,4,0,0.015,0
91567.0,12,35,50000,1,0,0.99,0
69231.33,12,33,155000,1,0,0.232,0
49726.33,12,27,140000,1,0,0.201,0
11322.67,12,51,30000,2,0,0.172,1
200.0,6,31,80000,1,10,0.0,0
51947.0,12,48,45000,2,0,0.574,0
1537.67,12,28,25000,1,0,0.059,0
46964.67,12,26,100000,2,0,0.227,0
482859.67,12,67,120000,2,0,1.0,0
951.33,10,32,100000,1,0,0.004,0
94755.67,12,23,50000,2,0,1.0,1
34093.67,12,29,25000,1,20,0.907,1
2113.0,12,30,120000,1,0,0.007,0
3458.33,6,25,150000,1,10,0.0,0
24684.67,10,43,175000,3,20,0.04,0
42064.0,10,26,25000,3,20,0.968,1
38006.67,12,36,25000,2,0,0.936,0
24829.67,12,25,15000,2,20,0.801,1
0.0,12,47,25000,2,0,0.0,0
8068.0,8,34,10000,2,30,0.341,1
261080.67,12,30,135000,2,0,1.0,0
372703.33,12,49,190000,1,20,1.0,1
8268.67,4,22,5000,2,50,0.854,1
6985.67,12,29,40000,2,0,0.098,0
33301.0,10,35,120000,2,20,0.135,1
177232.33,12,35,140000,1,0,0.756,0
43860.0,10,41,80000,1,20,0.268,0
89059.0,12,25,90000,1,0,0.624,0
5764.33,10,35,25000,2,20,0.091,0
30295.67,12,37,25000,2,0,0.662,0
14318.67,8,22,10000,2,20,0.719,0
18874.0,8,33,10000,2,0,0.918,0
67517.33,12,27,70000,1,0,0.516,0
0.0,6,28,180000,2,0,0.0,0
9326.67,10,49,90000,2,0,0.148,0
3052.0,12,36,195000,1,0,0.01,1
37826.33,10,33,15000,3,20,1.0,0
1268.33,0,35,105000,1,0,0.018,0
7627.0,8,24,10000,2,20,0.306,0
333.33,0,43,225000,1,20,0.002,0
0.0,0,24,25000,3,10,0.0,0
48897.0,10,46,25000,3,20,0.984,1
19600.67,10,39,10000,2,20,0.976,1
8968.0,12,39,100000,1,0,0.037,0
63604.33,12,27,115000,1,0,0.306,0
48750.0,12,41,25000,2,20,0.979,1
46569.0,10,26,25000,2,20,0.898,0
50253.67,12,57,25000,1,0,1.0,0
13753.33,10,23,10000,2,20,0.491,0
12263.67,8,47,20000,1,20,0.277,0
488.33,8,26,50000,1,0,0.006,0
155226.33,12,43,75000,2,0,1.0,0
15771.33,10,36,120000,1,20,0.061,0
1953.0,4,37,180000,2,0,0.0,0
131826.33,12,43,65000,1,0,1.0,0
16191.0,10,23,25000,2,20,0.212,0
19178.0,12,60,80000,2,0,0.113,0
68642.33,10,32,170000,2,0,0.101,0
2979.67,8,23,10000,3,0,0.117,1
23572.33,12,52,30000,3,0,0.374,0
225445.67,12,35,110000,2,0,1.0,0
4966.0,12,32,140000,1,0,0.005,1
57947.33,12,30,30000,2,0,0.982,0
181382.0,12,42,115000,1,20,0.965,1
1102.33,8,41,60000,3,0,0.028,0
17045.67,8,30,120000,1,0,0.001,0
2640.33,12,29,210000,1,0,0.007,0
15968.67,8,31,115000,2,0,0.208,0
29912.33,10,26,15000,1,20,1.0,1
135387.67,12,30,105000,2,0,0.641,0
52529.67,12,29,125000,1,0,0.205,0
55278.33,12,34,35000,2,0,0.829,0
20297.0,12,43,10000,2,0,1.0,0
121622.67,12,44,65000,3,0,0.952,0
318954.33,12,41,230000,1,0,0.7,0
1718.33,0,29,85000,2,0,0.03,0
6202.33,12,31,100000,2,0,0.036,0
32941.33,10,43,35000,3,60,0.454,1
146.67,8,32,100000,1,20,0.001,1
0.0,0,30,10000,2,10,0.0,1
184869.0,12,55,100000,3,0,0.978,0
239817.33,12,45,125000,2,20,0.95,1
29420.67,12,34,25000,2,0,0.754,0
26937.67,12,25,15000,2,20,0.855,0
50068.33,12,44,25000,1,0,1.0,0
14601.33,12,45,45000,3,0,0.149,0
833.33,0,34,180000,1,20,0.007,0
27.67,8,45,145000,2,20,0.0,0
166720.0,10,24,85000,1,20,0.999,0
12305.67,10,52,145000,1,0,0.116,0
27848.0,10,39,15000,3,20,0.931,1
11627.33,10,25,125000,1,0,0.019,0
106227.0,12,32,105000,3,0,0.498,0
0.0,0,30,180000,1,10,0.0,1
55563.67,12,37,60000,2,0,0.652,0
0.0,0,28,85000,1,0,0.0,1
2956.33,2,55,10000,3,30,0.171,0
68605.33,12,25,40000,2,0,0.965,0
1476.67,12,43,100000,2,0,0.009,0
35939.33,12,32,75000,1,20,0.237,0
50347.33,12,44,55000,3,0,0.121,1
2009.33,12,26,90000,2,0,0.002,0
131825.0,12,41,260000,3,0,0.014,0
13602.33,10,44,10000,3,20,0.622,1
7349.67,12,44,90000,2,0,0.041,0
1146.0,8,36,15000,3,0,0.05,0
226269.0,10,31,190000,1,20,0.594,0
1660.0,0,42,80000,1,0,0.031,0
6221.0,10,32,110000,1,0,0.081,0
103559.33,12,29,125000,1,0,0.498,0
1888.67,12,53,165000,1,10,0.0,0
41237.0,10,26,25000,2,20,0.494,0
20413.33,12,35,170000,1,0,0.001,0
99582.0,12,41,90000,2,0,0.555,0
27799.33,10,35,15000,1,0,0.899,1
8716.0,8,45,5000,3,20,0.95,0
396.0,12,37,60000,2,0,0.003,0
0.0,0,38,125000,2,10,0.0,1
10495.33,12,39,100000,1,0,0.011,0
303695.33,12,32,250000,1,0,0.598,1
9571.67,10,29,45000,1,20,0.104,1
9189.67,10,38,40000,3,0,0.097,0
3530.33,12,35,370000,2,20,0.001,1
0.0,0,34,150000,1,10,0.0,1
1058.33,12,44,105000,3,0,0.007,0
13080.33,12,37,115000,1,0,0.013,0
120052.33,12,51,135000,3,0,0.567,0
56070.67,12,32,135000,1,0,0.203,0
1127.33,12,30,90000,1,0,0.0,0
4609.33,10,30,140000,2,0,0.005,0
25764.67,12,46,25000,2,0,0.585,0
19473.0,10,26,10000,2,20,0.951,1
135592.67,12,54,85000,3,0,0.819,0
148534.0,12,39,150000,2,0,0.484,0
1008.33,6,50,10000,2,20,0.053,1
3251.0,10,31,55000,2,20,0.013,1
46882.0,8,54,40000,2,30,0.592,0
65480.0,12,23,40000,1,0,0.87,0
50896.33,12,48,30000,2,0,0.98,0
17014.0,12,27,15000,2,0,0.632,0
20464.67,10,26,20000,1,20,0.993,0
1033.33,12,43,90000,3,10,0.0,1
0.0,0,50,145000,2,10,0.0,0
27468.0,12,26,25000,1,30,0.541,1
9621.0,10,32,75000,1,0,0.011,0
50314.0,12,41,25000,2,0,1.0,0
21172.33,10,36,10000,2,0,1.0,0
161186.67,12,28,90000,1,20,0.879,0
12548.0,12,30,180000,1,0,0.085,0
86593.33,12,33,45000,3,0,0.966,1
46177.0,12,48,225000,1,0,0.047,0
0.0,0,29,70000,1,10,0.0,0
1181.0,12,27,200000,1,0,0.007,0
2840.33,6,30,25000,2,20,0.099,0
409952.33,12,50,210000,2,0,0.966,0
244754.0,12,35,195000,1,0,0.631,1
30268.0,12,40,100000,2,0,0.2,0
106170.67,12,29,65000,1,0,0.85,0
1643.67,12,36,180000,1,0,0.004,0
178879.0,12,46,145000,2,0,0.678,0
113734.0,10,24,60000,2,20,0.936,0
35923.33,10,24,20000,1,20,0.881,1
26163.67,12,42,250000,1,0,0.01,0
16872.33,12,36,75000,1,0,0.108,0
1760.67,10,26,120000,1,20,0.007,1
11069.33,10,44,40000,3,0,0.129,0
2544.33,12,48,110000,1,0,0.016,0
0.0,6,31,55000,1,0,0.0,0
49874.0,12,52,110000,2,0,0.239,0
510.33,6,34,50000,2,10,0.0,0
9013.33,12,42,35000,3,0,0.093,0
15617.67,6,27,25000,2,20,0.307,0
16347.0,12,32,100000,1,0,0.172,0
370.0,10,42,110000,3,0,0.001,0
202363.0,12,42,100000,3,20,1.0,0
8955.33,12,43,175000,1,0,0.018,0
55547.33,12,24,40000,3,20,0.736,0
38742.67,12,56,25000,2,0,0.966,0
396.0,12,32,100000,1,0,0.002,0
24168.33,12,31,30000,3,0,0.456,0
33860.0,2,49,25000,3,0,1.0,1
2610.33,6,33,180000,1,0,0.022,0
992.67,4,50,15000,3,20,0.006,1
77083.0,10,32,45000,2,30,0.849,0
0.0,0,32,100000,1,10,0.0,0
99496.0,12,51,50000,4,20,1.0,0
202966.0,10,49,100000,3,20,0.981,0
2655.33,10,26,150000,1,0,0.006,1
10069.33,8,30,5000,3,30,0.832,0
7457.33,12,44,200000,2,0,0.017,0
128952.33,10,34,65000,3,20,0.975,1
776.0,10,50,90000,2,0,0.006,0
127946.33,12,27,185000,3,0,0.171,0
23063.33,10,46,30000,1,20,0.501,0
199390.33,12,29,105000,1,0,0.977,0
12438.67,8,46,35000,3,20,0.162,1
16299.0,6,33,10000,1,30,0.809,0
89821.67,12,35,100000,1,0,0.496,0
20727.33,8,30,65000,2,0,0.169,0
114702.67,4,38,60000,2,20,0.97,0
20459.67,12,34,165000,1,0,0.065,0
25193.33,8,54,15000,3,20,0.783,1
487191.33,12,39,240000,2,0,1.0,0
1371.33,10,39,50000,1,0,0.014,0
1504.0,12,43,135000,1,0,0.006,0
2400.0,0,55,20000,3,70,0.06,1
177253.33,10,34,90000,2,20,1.0,0
175419.0,12,25,120000,2,20,0.745,1
11366.67,12,38,105000,1,0,0.023,0
26389.33,12,23,25000,2,20,0.0,0
3897.0,12,44,115000,3,0,0.006,0
891.67,0,24,25000,2,0,0.054,1
3964.67,4,41,125000,1,30,0.019,0
0.0,0,45,60000,3,0,0.0,0
3720.33,10,35,80000,2,0,0.011,0
3971.0,12,29,105000,2,0,0.008,0
196241.0,12,29,130000,1,0,0.784,0
76226.33,12,32,155000,2,0,0.237,0
48511.0,10,42,25000,3,0,1.0,1
771.33,8,30,180000,1,0,0.002,0
47000.67,12,24,25000,1,0,0.983,0
201809.67,12,44,120000,2,0,0.831,0
51917.33,12,49,250000,3,0,0.15,0
151825.67,12,40,75000,1,0,1.0,0
316.0,12,38,80000,2,0,0.002,0
26098.0,12,42,205000,2,0,0.091,0
50871.33,8,63,25000,3,20,1.0,0
44208.0,12,38,25000,3,0,0.947,0
83228.0,12,29,85000,1,0,0.678,0
7656.67,0,47,50000,1,0,0.23,0
196817.0,10,46,115000,1,20,0.84,1
18000.33,8,30,10000,2,20,0.891,1
3736.67,12,50,85000,1,0,0.023,0
454.67,4,36,80000,1,30,0.004,1
50.33,6,35,200000,3,0,0.0,0
79512.0,12,29,170000,1,0,0.244,0
66879.67,8,31,45000,3,50,0.703,1
7401.67,12,32,70000,1,0,0.0,0
2161.33,10,27,140000,2,0,0.003,0
371.33,10,40,90000,2,20,0.004,0
3548.67,8,53,250000,1,10,0.014,0
8877.33,6,34,180000,1,0,0.025,0
8965.33,12,23,25000,1,0,0.16,0
594.0,8,55,110000,1,0,0.008,0
120843.67,10,35,250000,1,20,0.288,0
260.0,0,41,50000,2,0,0.008,0
444.33,8,29,10000,1,0,0.171,1
69969.33,12,26,40000,3,0,0.951,0
827.0,12,38,80000,1,0,0.005,0
416.67,6,39,120000,2,10,0.0,0
183.33,0,36,225000,3,0,0.001,0
18069.67,10,39,25000,3,20,0.688,0
28499.0,12,37,75000,2,0,0.185,1
130439.33,12,36,145000,2,0,0.532,0
16343.0,12,22,25000,2,0,0.593,0
1268.33,6,38,40000,3,20,0.002,0
27790.33,4,45,25000,2,40,0.517,1
12077.0,12,30,25000,2,0,0.281,0
133007.0,12,42,250000,2,0,0.229,0
6086.67,10,39,250000,1,0,0.006,1
43957.33,10,40,100000,3,20,0.223,0
29885.67,12,22,15000,3,20,1.0,0
5867.0,10,51,40000,3,0,0.005,0
49365.33,10,50,25000,1,20,1.0,0
43927.0,8,31,25000,2,20,0.843,1
96264.33,12,38,140000,2,0,0.337,0
0.0,0,48,130000,2,10,0.0,0
13167.0,12,22,15000,2,10,0.0,0
0.0,0,28,105000,1,10,0.0,0
46855.0,10,31,25000,2,20,0.901,1
10755.33,12,29,10000,2,0,0.537,0
129515.0,10,47,155000,1,20,0.424,0
0.0,8,42,50000,2,10,0.0,0
155788.33,10,36,90000,2,20,0.895,1
17362.67,10,26,50000,1,0,0.19,0
8287.33,4,25,10000,2,30,0.583,1
131688.33,12,46,120000,2,0,0.534,0
193013.0,12,45,100000,2,0,1.0,0
1013.33,8,24,15000,2,20,0.037,0
6609.67,8,38,250000,2,0,0.037,0
1527.67,12,43,115000,3,0,0.005,0
29771.67,10,27,55000,3,20,0.261,1
28716.67,12,34,115000,1,10,0.005,0
73606.33,8,45,40000,1,20,0.926,1
0.0,0,33,100000,1,10,0.0,0
77709.0,12,51,40000,3,0,0.969,0
151227.0,12,30,85000,2,0,0.886,0
2324.33,4,31,60000,1,20,0.003,0
1740.0,2,45,50000,1,10,0.0,1
101042.67,8,34,105000,1,0,1.0,0
2196.33,10,26,150000,1,0,0.013,0
517.33,10,49,35000,2,0,0.006,0
340.67,4,40,15000,2,0,0.031,0
11892.0,12,51,15000,2,0,0.362,0
79730.33,12,30,40000,2,0,1.0,0
17943.0,12,37,90000,1,0,0.162,0
178466.67,6,28,180000,1,0,0.458,0
44039.33,12,46,25000,2,0,0.978,0
89664.0,12,35,85000,4,0,0.536,0
0.0,4,40,115000,2,0,0.0,0
18718.0,12,44,250000,1,0,0.013,0
12568.67,8,26,15000,2,30,0.43,1
1316.0,12,31,60000,1,0,0.011,1
1485.67,10,38,100000,1,0,0.017,1
24811.67,12,38,30000,3,0,0.443,0
144559.33,10,39,70000,2,20,1.0,0
36028.67,6,44,25000,3,0,0.803,0
5437.0,12,35,45000,2,0,0.073,0
1064.33,4,28,75000,1,0,0.006,0
544.33,10,29,125000,3,0,0.003,0
20022.67,8,24,50000,2,20,0.179,1
26309.0,4,43,160000,1,0,0.058,1
38142.0,12,31,25000,3,0,0.988,0
58908.0,10,28,45000,1,20,0.632,1
217963.33,12,42,125000,2,0,0.851,0
101788.0,12,27,60000,2,0,0.922,0
120897.33,12,24,70000,3,0,0.904,0
13896.0,8,34,165000,1,0,0.001,0
3646.67,8,33,250000,1,0,0.004,0
1452.33,10,24,15000,2,20,0.09,0
82187.33,10,41,40000,1,20,0.999,1
1400.33,6,40,160000,1,10,0.0,0
230941.0,12,50,300000,2,0,0.375,1
76990.67,8,36,100000,2,20,0.382,1
187204.67,10,39,120000,2,20,0.953,0
8405.67,8,54,15000,2,30,0.218,0
8428.67,12,33,10000,2,0,0.738,0
120028.0,10,32,65000,1,20,1.0,0
97369.0,12,38,95000,3,0,0.5,0
47524.0,10,46,235000,1,20,0.091,0
17084.67,10,29,25000,1,20,0.308,0
4845.33,12,33,125000,2,0,0.015,0
207201.33,12,45,250000,1,0,0.386,0
185518.0,12,28,250000,1,20,0.433,0
16949.0,12,25,30000,1,0,0.267,0
13258.0,6,61,10000,2,30,0.648,1
12250.0,2,50,25000,2,10,0.735,0
20457.0,12,45,10000,2,20,1.0,1
11367.33,12,27,70000,1,0,0.056,0
32359.33,12,53,40000,2,0,0.392,0
107435.33,10,29,55000,2,20,0.966,0
15467.67,12,39,180000,1,0,0.009,0
3820.0,12,21,25000,4,0,0.024,0
1424.67,6,52,190000,1,10,0.0,0
16679.33,10,38,25000,2,20,0.375,0
2298.0,8,49,150000,2,0,0.001,0
51201.0,10,29,180000,1,0,0.153,0
28623.0,10,23,30000,2,20,0.452,0
4730.67,10,29,15000,2,0,0.266,0
14187.0,10,28,60000,1,20,0.078,0
763.33,10,26,25000,1,0,0.028,0
8965.33,12,40,75000,2,0,0.027,0
1446.0,4,23,25000,2,20,0.087,1
50491.0,12,23,25000,2,0,1.0,0
390.0,12,39,25000,2,0,0.008,1
251787.0,12,28,275000,1,0,0.468,0
48140.67,4,37,95000,2,20,0.261,0
43790.0,12,37,155000,2,0,0.145,0
112367.33,12,49,55000,3,0,1.0,0
70938.67,12,27,80000,2,0,0.542,0
212521.33,12,32,100000,1,20,1.0,0
696.0,12,29,150000,1,0,0.002,0
87711.67,12,28,75000,2,0,0.579,0
0.0,2,57,45000,4,0,0.0,0
24572.33,12,26,105000,1,0,0.031,0
10581.67,12,33,180000,1,0,0.029,0
6365.33,6,28,75000,1,0,0.04,1
354.67,6,34,50000,2,20,0.003,0
4124.33,8,26,90000,1,0,0.024,0
113165.67,12,39,135000,2,0,0.411,0
57348.67,12,53,30000,2,0,0.946,0
210920.67,10,33,110000,2,20,1.0,1
15693.0,10,60,100000,1,0,0.064,0
17661.0,12,54,60000,2,0,0.168,0
64766.33,12,43,250000,1,0,0.075,0
0.0,0,26,25000,4,10,0.0,0
9520.0,2,38,15000,4,0,1.0,0
44148.33,12,35,25000,2,0,0.98,0
520.0,6,50,10000,2,20,0.02,1
26818.33,10,27,120000,1,20,0.089,0
11498.67,10,28,15000,1,20,0.349,1
69457.33,12,45,35000,3,0,0.998,0
47411.67,12,25,25000,3,20,0.996,1
104094.33,10,28,250000,1,20,0.197,1
49295.67,12,41,85000,1,0,0.334,0
260.0,4,22,10000,3,0,0.02,0
91257.0,12,27,50000,2,0,0.947,0
18144.67,8,23,10000,1,20,0.928,0
23281.0,10,27,105000,3,0,0.107,0
44415.0,10,41,25000,1,20,0.961,1
2900.33,6,43,10000,3,20,0.205,0
60161.67,12,36,95000,2,0,0.306,0
3545.0,12,35,10000,2,0,0.248,0
78071.33,12,31,110000,1,0,0.343,0
390.0,10,34,10000,2,0,0.039,0
56605.0,12,32,70000,3,0,0.635,0
22085.0,12,27,10000,2,0,0.776,0
90.0,10,50,105000,1,0,0.0,1
5402.0,12,36,110000,1,0,0.024,1
1993.33,6,38,60000,1,0,0.008,1
10358.0,4,25,25000,2,30,0.214,1
18962.33,8,24,115000,1,20,0.091,0
15016.0,8,23,10000,3,0,0.476,0
126563.33,12,31,105000,1,0,0.671,0
209824.0,12,26,105000,1,0,0.975,0
5119.33,8,38,5000,1,0,0.819,0
1099.67,12,28,50000,2,0,0.012,1
28155.0,12,23,15000,2,0,0.901,0
4740.67,0,40,150000,1,20,0.024,0
62394.0,12,29,70000,1,0,0.434,0
34404.33,12,35,25000,2,0,0.099,1
41417.33,12,40,100000,2,0,0.006,0
607.67,6,33,130000,1,0,0.004,0
31611.0,8,52,125000,2,20,0.116,1
85684.33,12,52,250000,1,0,0.289,0
30414.33,12,44,30000,3,20,0.537,1
442.0,12,25,180000,2,0,0.001,0
7969.33,0,41,45000,2,10,0.318,1
102211.33,12,23,75000,2,0,1.0,1
2081.33,10,54,65000,1,10,0.0,0
124629.0,12,52,60000,2,0,1.0,1
123832.67,12,29,80000,2,0,0.805,0
90781.67,12,37,250000,3,0,0.179,0
12053.33,4,28,65000,1,0,0.004,0
23336.67,10,29,180000,1,10,0.0,0
117994.67,10,51,60000,2,20,0.965,1
14580.0,12,41,120000,2,10,0.0,0
30487.0,12,35,25000,2,0,0.839,0
12431.0,12,27,15000,2,0,0.498,0
20394.33,10,25,25000,1,20,0.389,0
1036.0,8,38,40000,1,20,0.005,1
7480.67,12,27,115000,1,0,0.033,0
46984.33,12,41,25000,1,0,0.933,0
355359.0,12,42,170000,1,0,1.0,1
740.0,12,30,85000,1,0,0.004,1
15423.67,10,32,225000,2,0,0.032,0
6851.0,8,36,175000,1,0,0.002,0
39595.0,12,50,25000,2,0,0.381,0
30174.0,10,25,105000,2,0,0.002,0
18420.0,10,26,145000,2,20,0.062,0
150311.67,10,30,90000,1,20,0.971,1
14996.33,10,34,115000,1,0,0.08,0
120942.67,12,27,70000,2,0,0.895,1
2815.0,4,24,15000,1,20,0.096,1
137662.67,12,26,70000,1,0,0.973,0
17370.33,10,46,25000,2,20,0.304,0
1913.33,10,22,40000,2,0,0.024,0
37334.0,12,28,60000,1,0,0.294,0
13839.0,12,37,200000,2,0,0.022,0
85028.0,10,43,35000,2,0,1.0,0
63090.67,10,39,95000,2,20,0.371,1
47133.33,12,40,30000,2,0,0.95,0
8437.0,10,38,10000,3,0,0.056,0
221.67,0,50,15000,3,0,0.022,1
186.67,2,41,225000,1,0,0.001,0
66461.33,10,38,35000,1,20,0.926,1
65022.0,12,38,80000,2,0,0.387,0
2290.67,12,30,70000,2,0,0.016,0
8868.67,12,26,65000,1,0,0.06,1
45659.67,8,42,35000,2,20,0.638,1
8353.0,12,34,5000,3,0,0.716,0
29061.0,8,54,15000,2,20,0.974,0
11286.67,6,42,10000,1,0,0.78,0
4822.0,12,44,180000,2,0,0.029,0
1050.0,0,29,25000,3,30,0.021,1
16882.33,8,24,10000,2,20,0.849,1
5417.67,12,29,55000,2,0,0.099,0
122.67,6,40,75000,1,0,0.0,0
19009.67,12,30,70000,2,0,0.154,0
69032.0,12,47,35000,3,0,1.0,1
80213.33,12,28,40000,4,20,1.0,0
10569.33,8,32,40000,1,0,0.187,0
51532.33,10,24,25000,2,20,1.0,0
23912.0,12,27,50000,1,0,0.147,0
1306.0,2,35,65000,2,0,0.015,0
64548.33,12,32,200000,1,0,0.18,0
2414.67,12,41,250000,1,0,0.001,1
33778.67,12,26,225000,1,0,0.046,0
20514.33,12,26,40000,1,0,0.249,0
9744.0,12,45,250000,1,0,0.02,0
1866.67,10,32,105000,1,0,0.007,0
64552.33,12,28,220000,1,0,0.154,0
31663.0,12,27,140000,1,0,0.142,0
2400.0,0,50,5000,2,70,0.24,1
104241.0,12,36,105000,2,0,0.591,0
97652.67,10,26,50000,1,20,0.966,0
2103.0,0,33,105000,1,0,0.03,1
5509.67,12,37,250000,1,0,0.002,0
64424.67,12,39,75000,1,0,0.438,0
156454.67,12,40,195000,1,10,0.078,0
81002.0,12,26,50000,2,20,0.974,1
4054.67,12,45,150000,1,0,0.017,0
73950.33,12,46,40000,2,0,0.996,0
41712.33,12,22,25000,2,20,1.0,0
33960.0,12,34,100000,2,0,0.154,0
6807.33,12,42,190000,1,0,0.019,0
60683.67,12,25,45000,3,0,0.831,0
6607.67,6,27,25000,1,20,0.126,1
383.33,4,51,15000,3,0,0.026,0
19016.0,12,44,150000,1,0,0.072,0
390.0,8,57,10000,3,0,0.02,1
390.0,8,47,25000,1,0,0.008,0
10361.67,12,28,25000,1,0,0.375,0
67864.67,12,42,35000,2,0,0.993,0
110219.0,12,34,115000,1,0,0.543,0
276346.33,12,37,145000,2,0,0.957,0
167.0,4,49,120000,1,0,0.002,0
927.0,4,32,165000,1,20,0.006,0
67779.67,12,38,150000,1,0,0.29,0
326.0,10,40,80000,1,0,0.002,1
31044.67,12,36,180000,1,0,0.079,0
61010.0,12,49,30000,2,20,0.998,1
168038.33,10,42,100000,1,20,0.817,0
221354.0,6,50,110000,1,0,0.983,0
404390.67,12,42,250000,2,0,0.862,0
8305.33,12,38,5000,2,0,0.796,1
17905.33,10,47,10000,2,20,0.881,0
25507.0,8,33,25000,4,20,0.498,1
735.0,10,27,110000,2,0,0.005,1
123227.0,10,38,70000,3,20,0.791,1
43546.33,10,27,40000,1,20,0.53,0
70016.67,10,24,35000,1,0,0.986,0
22161.33,12,32,195000,1,0,0.004,0
9007.33,12,47,5000,2,0,0.888,0
19690.0,12,36,145000,1,0,0.078,0
3593.0,12,47,140000,3,0,0.009,0
129918.0,12,29,125000,2,0,0.72,0
34477.33,10,45,40000,2,30,0.429,1
206576.0,12,37,250000,2,0,0.414,0
48627.33,12,26,25000,2,0,0.959,0
4969.67,12,23,10000,3,0,0.085,0
8527.33,10,23,25000,2,20,0.332,1
0.0,0,47,80000,2,10,0.0,1
1650.0,0,24,10000,2,40,0.082,1
1192.67,10,25,40000,3,20,0.007,0
280871.33,10,27,145000,2,0,0.98,0
16613.33,12,25,10000,3,0,0.785,0
27925.0,10,37,15000,2,20,0.872,0
68642.67,8,32,85000,1,20,0.406,0
389394.0,12,36,350000,1,0,0.644,0
46941.0,12,58,25000,3,0,0.924,0
16769.0,10,31,100000,1,10,0.0,0
11660.33,8,27,10000,2,30,0.33,0
67110.67,12,41,30000,2,0,1.0,0
376.0,4,42,80000,3,10,0.0,0
6630.33,12,34,185000,2,0,0.037,0
208797.67,12,49,250000,3,0,0.415,0
89664.33,12,40,250000,2,0,0.482,0
32682.67,12,22,25000,1,0,0.902,1
74733.33,12,36,70000,1,0,0.518,0
390.0,12,50,105000,2,0,0.002,1
0.0,0,56,150000,1,10,0.0,1
55673.33,12,23,30000,2,0,0.929,1
49439.67,12,60,40000,2,20,0.606,1
50600.33,12,48,25000,3,0,1.0,0
18261.0,12,44,120000,2,0,0.089,0
4086.33,12,27,180000,1,20,0.006,0
20329.67,12,24,70000,1,0,0.179,0
176556.67,12,37,155000,1,0,0.615,0
15799.0,10,22,10000,2,20,0.721,0
39672.33,10,29,70000,2,0,0.333,0
6806.33,10,62,220000,1,20,0.033,0
17867.67,12,34,165000,2,0,0.053,0
30799.33,12,26,30000,1,0,0.498,0
38507.67,12,23,60000,2,0,0.324,0
3918.0,10,34,145000,2,0,0.03,0
15148.0,8,26,10000,2,20,0.722,0
770.0,12,64,250000,2,10,0.001,1
150.0,2,25,10000,2,20,0.008,0
11545.33,10,46,75000,3,20,0.074,1
17534.33,12,42,245000,2,0,0.032,0
78295.33,12,24,85000,2,0,0.64,0
2391.33,6,27,25000,1,20,0.045,1
97973.0,10,40,75000,2,0,0.709,0
3840.33,12,41,195000,1,0,0.017,0
80836.67,12,33,190000,1,0,0.208,0
33063.33,2,34,85000,2,10,0.0,0
42404.67,12,26,85000,2,0,0.327,0
109.67,10,36,195000,1,10,0.0,1
20534.33,10,28,15000,2,20,0.674,0
297.33,6,48,150000,2,0,0.001,0
15714.67,6,25,90000,1,0,0.133,0
247166.0,12,27,180000,2,0,0.671,0
6332.33,10,42,115000,2,20,0.025,0
27310.0,10,28,15000,3,20,0.852,1
12367.0,12,45,200000,2,0,0.023,0
19636.67,12,47,10000,2,20,0.97,1
3300.67,12,26,50000,2,0,0.015,0
15.0,0,43,170000,2,10,0.0,1
28765.0,10,22,15000,2,0,0.928,0
1033.33,12,38,220000,3,20,0.002,1
383.33,6,46,50000,2,20,0.004,0
25197.33,10,28,15000,3,0,0.845,0
19809.0,8,43,10000,2,20,1.0,1
266867.33,10,40,100000,2,20,1.0,0
159779.67,12,34,90000,2,0,0.931,0
16904.33,8,34,25000,2,0,0.465,0
126522.0,12,27,105000,2,0,0.55,0
96721.0,12,24,105000,2,0,0.451,0
197207.0,10,36,110000,1,20,0.867,0
187614.33,10,36,120000,1,20,0.764,0
4085.33,12,33,100000,2,0,0.031,1
13350.33,2,46,10000,2,0,0.97,1
12812.0,12,33,90000,1,20,0.078,0
87992.0,12,26,45000,1,20,0.995,1
388.0,8,56,65000,3,0,0.004,1
92028.67,12,51,50000,1,20,0.876,1
1679.0,6,54,225000,1,10,0.0,0
112475.0,12,42,105000,2,0,0.421,0
99428.33,12,28,190000,2,0,0.326,0
25168.67,10,39,10000,2,20,1.0,0
49956.33,10,27,25000,1,20,1.0,0
801.0,8,24,25000,1,0,0.027,1
45492.67,8,42,80000,3,20,0.273,0
1063.67,10,27,225000,1,10,0.0,0
20729.0,6,47,15000,3,20,0.638,0
177688.33,12,31,155000,3,0,0.691,0
43469.0,8,26,25000,3,20,0.837,1
39413.33,12,35,80000,3,0,0.241,0
1235.67,12,31,85000,1,0,0.006,0
17824.67,12,28,115000,1,0,0.068,0
2541.67,12,25,10000,3,0,0.178,0
41053.33,12,22,25000,2,0,1.0,0
42739.33,12,25,70000,3,0,0.549,0
48039.33,10,43,25000,2,20,0.976,0
9720.33,4,31,140000,2,0,0.009,0
93.67,6,31,180000,1,0,0.001,0
35928.67,12,22,25000,3,0,0.916,0
18929.33,12,21,10000,2,0,0.987,0
52211.33,12,34,155000,2,0,0.283,0
4640.0,10,33,130000,3,0,0.029,0
8384.0,8,41,40000,1,30,0.098,1
13346.67,10,42,15000,3,20,0.445,1
112543.67,12,29,170000,2,0,0.399,0
13532.67,10,27,130000,1,0,0.142,0
37057.33,12,40,210000,2,20,0.08,0
14417.33,10,54,40000,1,20,0.161,1
49476.0,12,36,200000,1,0,0.112,0
21264.67,8,50,230000,1,0,0.067,0
31978.67,12,39,100000,2,0,0.156,0
520.0,8,52,80000,2,20,0.002,0
7109.33,12,26,35000,1,0,0.087,1
156329.0,12,43,145000,3,0,0.589,0
42707.67,6,29,60000,1,0,0.418,0
25618.0,10,26,50000,1,20,0.245,0
27784.67,6,55,15000,3,0,0.913,0
15666.0,12,23,15000,1,20,0.485,1
35162.67,12,23,25000,1,0,0.679,0
3249.67,12,39,105000,1,0,0.021,1
5790.67,8,24,5000,3,30,0.553,1
8805.0,12,50,125000,1,0,0.074,0
2121.33,12,31,115000,2,10,0.0,0
0.0,0,26,75000,1,0,0.0,0
21650.0,6,22,10000,1,20,1.0,1
76582.0,12,41,75000,2,0,0.536,0
6776.0,10,48,10000,3,20,0.293,0
3997.0,12,30,200000,1,0,0.005,0
19807.0,6,40,10000,2,40,0.888,0
199.0,6,45,220000,2,30,0.001,1
1030.0,12,26,10000,2,0,0.072,0
316.0,12,26,160000,1,0,0.001,0
13666.67,0,37,150000,1,0,0.137,0
20447.67,12,24,25000,3,20,0.379,0
114569.33,10,27,105000,1,20,0.527,0
8147.67,10,33,175000,1,0,0.007,0
1319.0,12,33,235000,1,0,0.003,0
0.0,0,28,150000,1,0,0.0,0
1050.0,0,25,15000,2,30,0.035,1
178637.0,12,28,105000,2,0,0.857,0
8813.33,12,37,15000,1,0,0.277,0
130026.33,12,27,100000,2,0,0.639,0
92752.0,10,41,70000,2,0,0.588,0
41622.67,8,26,25000,1,0,0.909,0
8651.0,4,32,5000,2,20,0.9,1
120054.0,12,28,195000,2,0,0.299,0
35005.33,12,50,25000,3,0,0.963,0
18262.67,12,25,25000,2,0,0.324,1
5253.67,6,31,15000,3,0,0.183,0
28925.67,4,31,25000,1,50,0.543,1
4164.33,6,33,25000,1,10,0.0,0
253379.67,12,41,130000,1,0,0.976,0
0.0,4,34,25000,1,10,0.0,0
3872.33,12,28,70000,1,0,0.005,0
415230.33,12,28,245000,1,0,0.862,0
57827.67,12,24,30000,2,20,1.0,1
64753.0,10,39,40000,1,20,0.779,1
47533.67,12,26,40000,1,0,0.644,0
153811.0,12,28,145000,1,0,0.559,0
103651.0,12,28,140000,2,0,0.373,0
109736.0,10,29,65000,2,20,0.859,0
1360.67,12,52,10000,3,0,0.146,0
41874.33,10,31,25000,2,20,0.971,1
328.33,2,28,165000,1,20,0.003,0
33093.0,8,40,75000,3,0,0.64,1
98486.33,12,26,75000,2,0,0.645,0
82693.33,12,27,105000,2,0,0.388,0
6741.33,12,28,5000,2,0,0.576,1
14890.67,6,32,150000,3,0,0.05,0
119360.67,12,35,70000,2,0,1.0,0
0.0,2,26,25000,2,10,0.0,0
917.67,8,30,70000,1,0,0.012,0
45021.0,12,32,25000,2,0,0.932,0
9310.33,10,35,250000,1,0,0.003,0
68113.67,12,36,250000,3,0,0.14,0
1031.0,10,38,10000,2,20,0.072,0
11726.0,12,47,210000,1,0,0.025,0
24338.0,10,37,30000,2,40,0.367,1
34243.33,10,37,30000,2,20,0.5,0
122425.33,12,35,95000,2,0,0.833,0
1666.67,0,48,110000,1,30,0.011,1
88377.0,10,28,55000,2,20,0.789,1
600.0,10,33,145000,2,0,0.004,0
50298.33,12,25,25000,2,20,1.0,0
139617.0,12,39,55000,2,0,1.0,0
2398.33,12,35,115000,2,0,0.009,0
5413.33,0,42,125000,1,0,0.065,0
8466.67,12,26,50000,1,0,0.071,0
28969.0,8,23,15000,1,20,0.969,0
0.0,0,47,115000,1,10,0.0,0
47512.0,12,29,25000,2,0,0.993,1
2106.33,2,33,210000,1,10,0.0,0
29787.33,12,33,15000,2,0,1.0,0
8160.0,10,34,10000,1,20,0.442,1
199749.33,12,43,100000,1,0,1.0,0
17649.33,6,27,45000,1,20,0.193,0
46768.67,12,45,55000,3,0,0.607,0
54623.67,10,26,30000,2,20,0.974,0
40454.0,12,35,40000,1,0,0.471,0
77998.67,12,41,25000,3,20,1.0,0
0.0,6,28,90000,1,10,0.0,0
110920.67,12,39,55000,2,0,0.993,0
91440.67,12,33,75000,1,0,0.335,0
97260.33,12,30,60000,2,0,0.873,0
149008.33,12,40,75000,1,0,1.0,0
12437.0,12,42,180000,3,0,0.025,0
26590.67,12,56,30000,2,0,0.439,1
70236.67,12,40,240000,2,0,0.144,0
163480.67,12,25,200000,2,0,0.983,0
46728.33,10,24,30000,2,30,0.737,0
205310.33,10,29,120000,2,20,0.826,1
2581.67,4,27,15000,1,0,0.114,0
108406.67,12,38,120000,1,0,0.576,0
14602.67,10,23,25000,2,20,0.327,1
75528.67,12,27,65000,1,0,0.704,0
24725.67,8,49,15000,2,20,0.793,0
9628.33,12,35,5000,2,0,0.916,0
21684.67,12,27,90000,2,0,0.288,0
15347.33,12,26,115000,3,0,0.062,0
28156.67,8,27,15000,1,20,0.956,0
8357.33,8,52,25000,3,20,0.157,0
75935.33,12,30,250000,1,0,0.002,0
666.67,2,30,180000,2,20,0.0,0
298158.0,12,43,230000,1,0,0.703,0
9186.0,10,32,5000,2,0,0.851,0
48679.0,12,32,135000,1,0,0.178,0
44404.33,12,43,40000,2,0,0.547,0
86040.0,12,32,50000,1,0,0.876,0
5710.33,2,42,10000,3,20,0.653,1
1181.33,8,38,150000,2,0,0.001,1
11722.0,12,44,15000,2,0,0.081,0
872.67,4,33,80000,1,20,0.0,1
7251.67,10,25,15000,2,20,0.24,0
9856.67,12,31,80000,1,0,0.026,0
184.0,10,31,190000,1,0,0.001,0
168371.67,12,43,90000,2,0,0.912,0
74124.0,12,45,50000,1,0,0.996,0
340.67,12,38,130000,1,20,0.001,0
101899.0,12,25,90000,3,0,0.67,0
222147.33,12,38,120000,3,0,0.959,0
9333.33,12,44,15000,2,0,0.21,1
21717.67,12,26,25000,2,0,0.407,0
6446.67,10,43,90000,2,0,0.043,0
9106.67,8,24,10000,2,0,0.03,0
44084.67,8,31,65000,2,20,0.374,1
167.0,4,36,120000,1,0,0.001,0
0.0,0,35,80000,4,10,0.0,0
5528.0,10,29,30000,3,0,0.075,1
89829.33,12,35,50000,3,0,0.965,0
809.33,8,28,160000,2,10,0.0,0
29915.0,12,62,55000,2,0,0.305,0
51732.67,8,31,25000,1,30,0.978,1
29057.67,12,38,25000,2,20,0.554,1
139122.33,12,39,70000,2,0,0.993,0
80251.0,10,46,40000,2,0,1.0,1
38493.67,12,23,25000,2,0,0.948,0
128350.33,6,35,70000,2,20,0.93,1
6024.33,10,52,105000,2,0,0.027,0
6297.33,6,35,65000,2,0,0.062,0
2052.67,12,31,100000,1,0,0.021,1
5290.0,10,40,55000,2,0,0.038,0
105373.67,8,27,70000,2,20,0.766,0
390.0,10,43,10000,2,0,0.02,0
554313.67,12,30,225000,2,0,1.0,1
73190.0,12,36,85000,2,0,0.512,0
146865.67,12,36,85000,2,0,0.933,0
176215.33,12,29,90000,2,0,0.977,0
217184.67,10,39,100000,1,20,1.0,0
25034.67,12,27,40000,2,0,0.318,0
16372.33,12,41,75000,2,0,0.106,0
157342.33,12,31,80000,1,0,0.983,1
1493.67,10,38,30000,3,0,0.051,0
46703.67,6,39,120000,2,40,0.199,1
10241.0,4,24,10000,2,20,0.627,1
454981.0,12,30,250000,1,0,0.899,0
9172.67,12,50,140000,2,0,0.033,0
178068.0,12,50,100000,1,30,0.88,1
11151.33,12,29,145000,1,0,0.023,0
75459.33,10,34,40000,1,20,0.944,1
4803.0,8,61,10000,3,20,0.136,1
40138.67,12,41,200000,1,0,0.122,0
29372.33,12,53,15000,3,0,1.0,0
111372.0,12,34,65000,1,0,0.991,1
8684.33,12,33,30000,2,0,0.081,0
1026.67,10,37,10000,3,0,0.072,0
330.33,8,43,80000,2,10,0.0,0
104741.0,10,25,55000,2,20,0.953,0
87978.33,12,40,115000,1,0,0.379,0
6118.67,0,22,10000,1,0,0.918,0
17185.33,12,34,70000,2,0,0.111,0
45471.33,12,48,65000,3,0,0.355,0
20019.67,6,47,65000,1,20,0.142,1
115944.33,12,30,100000,2,0,0.568,0
1567.67,4,43,30000,3,20,0.078,1
635.67,12,25,10000,1,10,0.0,0
0.0,0,32,55000,1,10,0.0,1
379.33,2,27,160000,1,20,0.0,1
87110.67,12,40,65000,3,20,0.679,0
321441.67,6,50,140000,1,50,1.0,0
468.67,6,34,145000,1,0,0.006,0
18846.33,12,28,15000,3,0,0.597,0
19183.33,4,28,40000,2,0,0.681,0
11055.33,12,24,35000,1,0,0.156,0
80499.33,10,44,40000,3,20,1.0,0
5523.33,4,33,100000,1,0,0.009,0
97634.33,12,28,25000,2,20,1.0,0
48442.33,10,28,60000,2,20,0.5,0
53832.67,12,29,40000,1,0,0.645,0
53353.0,10,35,100000,2,20,0.258,1
5228.0,8,34,45000,2,0,0.021,0
30162.33,8,38,15000,2,20,0.993,0
9450.67,10,29,15000,3,0,0.116,0
42982.67,12,23,25000,3,0,0.95,0
143508.0,12,31,75000,2,0,0.992,0
256877.0,12,42,140000,2,0,0.917,0
8297.67,10,25,5000,3,0,0.689,0
125790.0,12,35,80000,2,0,0.603,0
17133.33,0,30,80000,2,0,0.321,0
51687.67,12,46,195000,1,0,0.016,0
29549.33,12,22,25000,2,0,0.681,1
10241.0,10,26,25000,2,0,0.377,0
95635.67,12,28,75000,2,0,0.635,0
29585.33,12,23,25000,3,0,0.942,0
82779.0,12,39,95000,1,0,0.439,0
142.0,0,29,5000,3,60,0.014,1
66424.0,2,37,105000,1,10,0.0,0
980.0,10,32,115000,1,0,0.006,0
20001.0,12,52,75000,1,0,0.034,0
6772.0,12,34,115000,1,0,0.019,0
4206.0,8,28,40000,1,20,0.061,0
11119.33,8,31,80000,4,0,0.011,0
40160.0,12,27,250000,1,0,0.067,0
40037.0,12,34,90000,1,0,0.241,0
29092.0,6,23,15000,2,20,0.962,1
96659.67,12,47,65000,1,0,0.873,0
3466.67,6,46,5000,3,0,1.0,0
392.67,12,45,10000,2,0,0.032,0
20409.0,12,27,15000,3,0,0.619,0
24472.0,10,38,15000,2,0,0.7,1
150820.33,12,39,160000,1,0,0.645,0
9766.0,6,23,5000,2,30,1.0,1
23651.33,12,53,175000,1,0,0.015,0
18878.33,10,35,10000,3,0,0.868,0
51957.33,8,25,25000,2,40,1.0,0
142677.67,12,28,155000,1,0,0.496,0
68636.0,12,34,40000,2,0,0.827,0
2605.33,12,43,85000,1,0,0.011,0
9739.0,10,52,5000,3,20,0.997,1
0.0,0,41,15000,3,10,0.0,0
1068.67,12,46,85000,3,0,0.012,0
909.33,4,32,115000,1,0,0.003,0
15918.0,8,23,25000,2,20,0.323,0
0.0,0,52,150000,1,10,0.0,0
0.0,8,37,105000,2,10,0.0,0
21633.67,10,36,10000,3,20,1.0,0
11208.33,4,32,10000,2,0,0.822,0
18928.33,8,25,10000,2,20,0.846,0
28253.33,12,29,40000,1,0,0.395,0
10892.0,12,22,15000,2,0,0.264,0
164673.67,12,33,100000,1,20,0.783,1
1034.67,10,31,105000,1,20,0.006,0
2781.33,8,42,165000,1,0,0.003,0
14885.33,6,25,15000,2,20,0.481,1
9083.33,10,39,140000,1,0,0.062,0
647.67,0,37,150000,1,0,0.006,0
6864.67,12,42,5000,3,20,0.609,0
22734.0,12,24,25000,2,0,0.556,0
390.0,12,49,140000,2,0,0.001,0
14827.67,12,51,10000,2,0,0.734,0
1496.0,12,32,65000,2,0,0.012,0
18773.67,12,25,10000,2,0,0.91,0
3298.0,12,26,60000,2,0,0.048,0
15941.67,12,33,200000,1,0,0.019,0
4255.33,12,39,150000,2,0,0.021,0
13855.33,12,23,15000,2,0,0.426,0
16866.67,12,47,10000,2,0,0.742,1
44652.67,12,43,160000,2,0,0.077,0
55345.33,12,57,40000,2,0,0.678,0
113.33,10,59,80000,3,0,0.0,0
47484.0,12,50,40000,3,0,0.586,0
31163.33,10,47,140000,3,0,0.098,0
0.0,0,28,105000,1,10,0.0,1
3253.0,8,27,125000,1,0,0.035,0
1538.33,10,27,60000,1,20,0.027,0
16821.33,12,27,10000,2,0,0.784,0
55702.0,8,35,100000,2,0,0.362,0
43406.67,12,45,50000,1,0,0.42,0
57013.67,12,53,40000,2,0,0.609,0
861.67,10,39,225000,1,0,0.001,0
5741.67,12,38,100000,1,0,0.026,0
36968.0,6,28,25000,2,0,0.956,0
46040.67,12,31,250000,2,0,0.088,0
46671.33,12,25,25000,1,20,0.893,0
29080.67,8,29,225000,1,0,0.161,0
390.0,10,30,65000,1,0,0.006,0
5779.67,6,29,110000,1,0,0.0,0
390.0,6,38,105000,2,0,0.002,0
50570.67,12,57,25000,1,0,1.0,0
113052.0,12,31,130000,2,0,1.0,0
30921.33,12,26,35000,2,0,0.512,0
47622.0,12,37,25000,2,0,0.981,1
13096.33,6,28,10000,2,20,0.638,1
89313.33,8,34,85000,2,20,0.538,1
103611.33,12,34,50000,2,0,1.0,0
20669.0,12,30,100000,2,0,0.06,1
28708.0,8,59,15000,3,20,0.936,1
91697.0,10,39,150000,1,20,0.299,0
1666.67,0,28,180000,2,30,0.007,1
106319.0,12,33,70000,1,0,0.921,0
1451.67,8,28,180000,2,0,0.001,0
19934.67,10,43,75000,2,0,0.215,0
151546.0,12,37,140000,2,0,0.533,0
1924.0,10,46,115000,2,0,0.006,0
56726.0,12,46,40000,3,0,0.879,0
10466.67,10,32,25000,1,0,0.411,0
395.33,2,30,90000,1,10,0.0,1
35461.0,8,34,50000,2,20,0.327,1
22282.67,8,30,15000,1,20,0.733,1
58127.67,10,37,40000,1,20,0.723,0
56010.0,12,39,250000,1,0,0.058,0
3193.33,6,33,75000,2,0,0.045,0
8713.67,8,22,25000,2,20,0.171,0
5061.33,10,42,130000,1,0,0.023,0
8923.0,12,35,205000,2,0,0.027,0
38044.33,12,33,25000,3,0,0.797,0
84183.0,12,39,50000,2,0,1.0,0
63447.33,12,37,45000,3,0,0.694,0
18466.0,10,32,25000,1,20,0.329,0
93888.33,10,51,100000,2,20,0.466,0
28368.33,12,33,120000,1,0,0.028,0
6839.33,12,29,180000,1,20,0.017,1
52050.67,12,37,85000,1,0,0.292,0
42474.67,10,30,40000,3,20,0.521,1
10234.67,12,49,130000,3,0,0.033,0
50066.0,12,55,35000,2,0,0.76,0
26244.33,12,43,15000,3,0,0.894,0
269025.0,12,35,145000,2,20,0.899,0
111309.0,12,46,55000,2,0,1.0,1
62702.67,10,30,55000,2,30,0.523,1
68243.67,10,40,100000,2,0,0.468,0
45505.0,12,22,35000,3,0,0.756,0
78506.0,12,29,75000,2,0,0.562,0
112443.67,10,43,170000,2,20,0.314,0
11164.67,10,25,15000,2,20,0.345,1
390.67,12,40,100000,1,0,0.002,0
34947.33,10,44,200000,2,0,0.012,0
45994.0,12,41,55000,2,0,0.476,0
43495.67,12,36,210000,2,0,0.133,0
244647.33,12,45,75000,4,0,1.0,0
89466.33,12,36,145000,1,0,0.337,0
0.0,2,58,80000,1,10,0.0,0
16848.67,2,31,25000,3,0,0.889,1
127101.33,12,25,75000,1,0,0.885,0
72123.0,12,29,250000,1,0,0.165,0
57001.0,12,26,70000,2,0,0.392,0
845.0,6,44,100000,1,0,0.009,0
1273.67,6,46,115000,1,0,0.002,1
45975.33,12,26,30000,2,0,0.9,0
5266.33,12,38,75000,2,0,0.003,0
8843.67,12,29,170000,1,20,0.008,0
1866.67,4,30,70000,1,0,0.04,0
4877.0,2,41,10000,1,30,0.312,0
62007.0,12,26,100000,1,0,0.073,0
1317.33,6,44,10000,3,0,0.126,0
65895.33,12,29,150000,1,0,0.215,0
24114.67,10,64,100000,1,0,0.01,1
182281.67,12,28,90000,1,0,1.0,0
29298.33,12,24,15000,3,20,0.93,0
36070.0,12,62,175000,1,0,0.238,0
1905.0,4,28,80000,1,0,0.02,0
18393.67,12,42,10000,3,20,1.0,1
1000.0,4,28,65000,1,10,0.0,0
149489.0,12,43,90000,1,0,0.925,0
194113.33,10,36,110000,2,20,0.89,1
51629.33,12,25,60000,2,0,0.455,0
43698.0,12,33,250000,2,0,0.097,0
2716.33,8,29,75000,1,0,0.019,1
7873.0,8,29,90000,1,0,0.101,0
253715.67,12,30,220000,1,0,0.888,0
189157.67,12,35,95000,2,0,0.997,0
766.0,10,40,80000,2,0,0.005,1
4308.0,12,37,10000,2,0,0.319,0
11211.67,12,44,15000,3,0,0.335,0
3410.33,10,32,210000,1,10,0.019,0
70671.0,12,28,185000,1,0,0.185,0
79011.33,10,35,30000,2,20,1.0,0
91917.67,12,43,90000,2,0,0.593,0
14067.33,8,25,45000,3,0,0.189,0
70468.33,12,24,125000,2,20,0.279,1
26001.33,4,25,15000,1,0,0.837,1
5564.67,4,41,70000,1,0,0.032,0
49907.0,12,26,90000,1,0,0.287,0
13350.0,10,30,35000,1,20,0.174,0
22849.0,8,36,160000,2,0,0.093,1
0.0,8,28,75000,1,10,0.0,0
5491.0,6,29,10000,2,0,0.189,1
20188.67,12,25,15000,1,0,0.635,1
194050.0,12,31,250000,1,0,0.48,0
200.0,4,22,15000,2,20,0.007,0
6720.0,12,41,25000,2,0,0.016,0
6922.0,10,44,10000,3,0,0.293,0
417.0,6,51,5000,3,20,0.01,1
258.0,12,45,250000,3,0,0.001,0
5809.33,8,25,10000,1,40,0.145,1
43979.67,12,28,100000,1,0,0.203,0
7840.0,8,31,5000,2,20,0.611,0
46338.33,8,43,25000,3,20,0.897,1
153790.67,12,35,160000,2,0,0.554,0
22775.67,8,41,25000,2,0,0.975,0
8084.33,10,41,15000,1,0,0.521,0
1256.33,2,36,55000,3,0,0.023,1
162.67,6,35,25000,1,10,0.0,0
110478.33,10,29,70000,1,20,0.804,0
179.67,0,44,45000,1,0,0.006,0
63955.67,12,49,30000,2,0,0.993,1
17106.0,8,24,10000,2,20,0.814,0
521937.0,12,62,170000,1,0,1.0,0
30936.33,10,29,15000,2,30,1.0,0
444.33,12,35,85000,1,0,0.003,1
55889.67,10,45,65000,1,20,0.413,1
7826.33,8,44,125000,2,20,0.024,0
1120.0,12,36,100000,2,0,0.002,0
4165.33,12,49,5000,2,0,0.31,1
4645.33,2,29,90000,2,20,0.077,0
3319.67,12,29,115000,1,0,0.039,0
6290.33,12,45,100000,3,0,0.055,0
107915.33,12,33,45000,3,0,1.0,0
1521.33,8,28,65000,3,0,0.03,0
7940.33,10,26,115000,1,0,0.005,0
291808.33,12,36,160000,2,20,0.905,0
26990.33,8,34,15000,3,20,0.812,1
27892.0,8,25,40000,2,20,0.725,0
333.33,6,35,40000,1,0,0.012,1
6472.33,12,45,130000,2,0,0.03,0
15633.67,12,26,10000,3,20,0.704,1
2069.33,6,34,100000,2,0,0.004,1
44355.67,12,23,40000,2,20,0.683,0
66158.0,12,42,50000,1,0,0.604,0
37764.0,12,35,75000,4,0,0.265,0
76581.33,12,27,40000,1,0,0.954,0
6922.67,8,48,10000,2,20,0.384,0
16120.33,10,26,100000,2,0,0.076,0
39446.0,10,41,60000,2,20,0.307,1
42611.33,12,50,15000,3,20,1.0,1
126278.33,12,37,100000,1,0,0.591,0
76721.67,12,38,40000,3,0,0.974,0
4616.33,8,46,140000,1,0,0.043,1
331718.0,12,40,250000,1,0,0.707,0
856.67,8,37,60000,1,0,0.006,0
3628.67,8,41,110000,2,0,0.018,0
4030.33,8,34,180000,2,20,0.017,0
95357.33,2,35,105000,1,0,0.678,0
3322.67,0,28,80000,1,30,0.028,1
0.0,0,29,50000,1,0,0.0,1
15716.33,12,31,200000,1,0,0.011,0
79698.33,12,46,55000,2,0,1.0,0
0.0,0,37,180000,1,10,0.0,1
108951.0,12,48,250000,2,0,0.079,0
113604.67,12,27,65000,2,0,0.897,0
8921.67,8,26,30000,1,0,0.298,0
14396.0,10,39,120000,1,0,0.142,0
1843.0,10,40,50000,2,0,0.0,0
5605.33,10,38,75000,2,0,0.035,0
215313.0,12,39,145000,2,0,0.722,0
12554.0,2,43,25000,2,0,0.682,0
19426.0,12,46,15000,2,10,0.296,0
1418.33,12,35,105000,2,0,0.006,0
10620.0,6,30,50000,1,20,0.147,0
606.67,6,40,15000,3,20,0.026,0
11874.67,6,34,15000,3,0,0.311,0
76677.67,6,34,40000,3,30,0.981,0
2550.0,0,24,15000,2,70,0.085,1
32983.33,12,41,35000,3,0,0.465,0
2558.33,12,27,235000,1,0,0.006,0
0.0,0,39,90000,1,10,0.0,1
18270.67,10,32,10000,2,0,0.855,1
197985.67,12,60,210000,1,0,0.465,0
98916.0,8,29,50000,2,20,0.952,1
20447.67,12,53,65000,3,0,0.143,0
390.0,10,34,100000,1,0,0.004,0
5497.33,10,44,75000,1,20,0.071,0
8422.0,10,30,205000,1,0,0.017,0
604.0,10,40,15000,1,0,0.035,1
9411.33,4,23,10000,2,20,0.468,1
90445.67,4,30,65000,2,0,0.976,0
0.0,2,28,90000,1,0,0.0,0
45657.0,12,32,60000,1,0,0.376,0
39698.67,10,27,95000,3,20,0.231,0
27956.33,12,53,15000,2,0,0.896,0
68190.0,12,28,85000,1,0,0.431,0
113039.0,12,32,60000,3,20,0.924,0
39193.33,10,34,25000,2,20,0.711,0
15855.67,4,50,50000,2,10,0.0,0
11887.33,8,26,10000,2,20,0.519,1
851.67,6,25,20000,1,0,0.013,1
2084.33,6,45,150000,1,0,0.004,0
0.0,4,37,115000,3,10,0.0,0
6726.33,10,38,140000,1,20,0.018,1
0.0,0,37,225000,1,10,0.0,0
7356.67,12,30,130000,2,0,0.029,0
38367.33,6,39,25000,3,0,0.88,0
2550.0,0,29,25000,2,70,0.051,1
202123.67,12,36,120000,2,0,0.949,0
23380.67,8,32,35000,2,20,0.327,0
60325.67,12,30,30000,2,0,1.0,0
145262.33,12,31,115000,2,0,0.697,0
27858.0,12,27,15000,1,0,0.905,0
77941.67,10,29,40000,3,20,1.0,1
0.0,0,40,180000,2,0,0.0,0
38110.0,12,49,100000,1,0,0.255,0
1054.67,4,37,75000,1,20,0.001,0
484.33,12,42,130000,1,0,0.001,0
131416.67,12,24,90000,2,0,0.702,0
8932.33,12,32,110000,3,0,0.037,0
43953.67,12,40,90000,1,0,0.238,0
41673.33,12,46,45000,4,0,0.858,0
16135.0,10,24,10000,2,20,0.728,0
176956.0,12,31,145000,2,0,0.596,0
792.0,8,35,105000,2,20,0.002,0
19564.0,12,31,10000,1,0,0.928,0
107706.33,12,27,155000,1,0,0.371,0
45720.33,12,42,120000,2,0,0.277,0
3738.33,8,42,165000,2,20,0.0,1
4201.0,12,29,155000,2,0,0.005,1
200.0,0,26,15000,2,20,0.007,1
175511.0,12,37,235000,1,0,0.286,0
80416.0,12,56,140000,1,0,0.32,0
0.0,0,34,60000,1,10,0.0,0
4278.0,12,28,120000,2,0,0.02,1
25908.67,12,53,400000,2,0,0.01,0
3292.33,8,30,160000,1,0,0.005,1
98511.67,12,34,70000,1,0,0.738,0
9618.67,8,25,10000,2,20,0.444,0
0.0,2,43,80000,2,10,0.0,0
232767.33,12,38,140000,2,0,0.849,0
158453.33,12,33,165000,2,0,0.506,0
38294.67,12,24,115000,1,0,0.152,0
650.0,0,25,25000,2,20,0.023,1
19342.0,12,33,105000,2,10,0.104,0
0.0,0,29,85000,2,10,0.0,0
163257.67,10,47,110000,1,0,0.724,0
1338.0,12,30,45000,1,0,0.013,0
11529.33,6,26,10000,2,20,0.567,0
21223.0,12,31,240000,2,0,0.043,0
41897.0,12,36,70000,1,0,0.292,0
99794.0,4,41,80000,1,0,0.608,0
78167.33,12,41,40000,2,0,0.979,1
73836.0,12,22,50000,1,20,0.722,0
180109.33,12,35,155000,2,0,0.595,0
12796.33,12,36,100000,2,0,0.002,0
26030.0,12,55,25000,2,0,0.507,0
78410.0,12,39,50000,2,20,0.784,1
280.0,6,26,120000,1,10,0.0,0
18524.0,10,53,15000,2,0,0.604,0
7997.67,12,43,90000,3,0,0.02,0
39146.0,10,24,20000,1,20,0.957,1
70419.33,12,31,35000,2,0,1.0,0
29803.67,10,22,25000,2,20,0.613,0
19300.67,12,30,250000,2,10,0.006,0
390.0,2,33,100000,1,0,0.002,0
2487.0,0,51,125000,1,20,0.01,1
47715.67,12,49,25000,1,20,0.97,0
0.0,0,33,90000,2,10,0.0,0
3027.33,12,42,80000,1,0,0.023,0
15994.67,6,40,10000,2,30,0.774,0
24876.0,12,44,25000,2,0,0.546,0
18375.0,12,23,10000,1,0,0.858,0
291.0,12,24,75000,1,0,0.002,0
26411.33,12,48,180000,2,0,0.081,0
13585.0,12,28,10000,2,0,0.441,0
73247.0,12,32,85000,2,0,0.422,0
29325.67,10,42,15000,3,20,0.925,0
44629.0,12,29,40000,2,0,0.619,0
112148.33,12,25,55000,2,0,1.0,0
2456.67,10,25,70000,2,0,0.009,0
48176.67,4,34,25000,2,0,1.0,0
87012.0,12,34,60000,2,0,0.735,0
12569.67,12,22,5000,3,0,1.0,0
2745.0,4,43,10000,1,0,0.086,0
2085.67,8,31,90000,1,0,0.025,1
44698.0,12,24,120000,2,0,0.212,0
7381.0,10,30,60000,2,20,0.053,1
3389.67,4,28,75000,1,40,0.06,0
2395.0,0,55,15000,3,70,0.08,1
49168.33,12,31,40000,1,0,0.223,0
1515.0,0,28,25000,1,0,0.091,1
27379.0,10,58,15000,3,20,0.886,1
4030.33,12,29,100000,1,0,0.048,0
1759.0,12,31,240000,2,0,0.004,1
20855.67,12,55,25000,2,20,0.423,1
28711.67,10,23,15000,2,20,0.941,1
3078.67,12,31,150000,1,0,0.026,1
6701.0,12,36,250000,2,0,0.01,0
17318.33,12,30,175000,1,0,0.052,0
6891.0,6,41,75000,1,0,0.045,0
14222.33,4,46,15000,2,0,0.678,0
17137.33,8,25,10000,1,20,1.0,0
268202.0,12,41,190000,2,0,0.795,0
41597.0,12,42,35000,1,20,0.578,1
2770.67,12,40,150000,2,0,0.01,0
49671.33,10,27,80000,3,20,0.501,1
1312.0,12,32,115000,2,10,0.001,0
459.67,10,51,130000,1,20,0.001,0
152479.67,10,37,180000,2,0,0.541,0
33182.67,10,26,25000,2,0,0.981,0
1729.33,2,24,10000,2,0,0.125,0
73067.33,12,29,70000,2,0,0.833,0
41233.67,12,24,25000,2,0,0.894,0
45391.67,12,27,25000,3,0,0.9,0
40235.67,12,28,25000,2,0,0.782,0
29586.67,6,22,25000,1,0,0.495,1
77097.33,12,24,40000,1,0,0.942,0
25602.0,12,28,45000,2,0,0.274,0
492.0,12,27,25000,2,0,0.01,0
119222.33,12,32,135000,2,0,0.431,0
62583.67,8,34,30000,2,20,1.0,0
1880.67,4,35,120000,2,0,0.016,0
106932.0,12,36,120000,1,0,0.548,0
21848.67,6,43,15000,3,30,0.75,1
49341.33,10,42,25000,2,20,1.0,0
75167.67,12,33,185000,2,20,0.195,0
48261.33,8,34,25000,2,20,0.987,0
3383.33,10,35,65000,2,0,0.02,0
16805.67,4,40,10000,2,40,0.868,0
328450.67,12,39,205000,2,0,0.819,0
49627.0,12,47,25000,1,0,0.954,0
31001.0,8,42,15000,1,20,1.0,0
11761.67,12,44,10000,2,20,0.82,0
36272.67,8,41,25000,1,20,0.688,0
3963.33,12,36,180000,1,0,0.023,0
10467.33,8,45,35000,2,20,0.139,0
46741.67,12,38,80000,3,0,0.295,0
19936.67,12,38,10000,2,0,0.991,0
51439.0,12,39,55000,2,0,0.586,0
18209.67,8,45,25000,2,20,0.411,0
74853.67,12,32,40000,2,0,0.939,0
1138.33,6,31,75000,1,0,0.011,0
71431.67,12,42,145000,2,0,0.262,0
25243.33,12,48,170000,3,0,0.014,0
106020.0,12,43,55000,3,0,0.938,0
149727.67,12,46,75000,1,20,0.989,1
1874.0,12,38,140000,2,0,0.013,0
10770.33,4,46,10000,2,30,0.408,1
115776.67,10,36,90000,2,20,0.634,1
40910.33,10,39,25000,1,20,0.666,1
0.0,0,38,100000,1,0,0.0,1
5170.67,10,35,140000,2,0,0.0,0
71947.67,10,35,50000,1,20,0.655,0
8390.33,12,33,25000,2,0,0.168,0
55001.33,10,38,105000,1,0,0.388,0
22677.0,10,33,140000,2,0,0.08,0
4551.67,4,39,175000,1,0,0.011,0
1277.33,8,39,115000,3,20,0.004,0
97938.67,8,40,50000,1,20,0.976,0
32365.67,12,35,195000,1,0,0.062,0
1060.0,0,40,105000,2,0,0.015,0
29264.33,12,47,25000,3,0,0.596,0
16147.67,12,44,25000,3,0,0.302,0
8523.0,12,42,170000,1,20,0.04,0
3756.67,6,38,150000,2,10,0.018,0
8480.0,10,37,75000,3,0,0.054,0
75941.0,12,45,100000,1,0,0.372,0
303881.67,12,34,175000,1,20,0.956,1
16716.67,12,34,10000,2,0,0.89,0
173570.0,12,35,235000,2,0,0.363,1
135866.67,12,39,100000,1,20,0.663,1
8791.67,8,40,10000,3,30,0.454,0
176.0,12,37,115000,1,0,0.001,0
128686.33,12,33,100000,2,0,0.77,1
64944.67,12,34,35000,3,0,0.908,0
19857.67,10,38,10000,3,20,0.993,1
8784.67,12,34,5000,2,0,0.918,0
69173.67,12,35,50000,3,20,0.676,1
2932.0,12,39,65000,3,0,0.007,0
2838.33,12,46,120000,1,0,0.03,0
67000.0,12,33,295000,1,0,0.072,0
387349.33,12,39,210000,1,0,0.961,0
4391.33,6,34,180000,2,0,0.015,0
149882.67,12,35,140000,1,20,0.211,0
939.33,10,35,200000,1,0,0.0,0
7458.33,10,35,5000,2,0,0.583,0
110405.0,10,35,55000,2,20,1.0,1
410.67,12,47,110000,1,20,0.003,0
91717.33,12,46,65000,2,0,0.689,0
41590.67,12,33,25000,2,0,0.917,0
189343.67,12,34,260000,1,0,0.392,0
15571.0,8,47,15000,2,30,0.526,1
34450.67,10,45,25000,4,0,0.673,0
14790.33,12,32,130000,2,0,0.113,0
210.33,6,44,105000,2,0,0.001,0
100379.33,12,38,250000,1,0,0.261,0
118264.67,12,33,60000,1,0,0.997,0
94721.67,12,32,55000,2,0,0.886,0
8472.33,12,32,210000,1,0,0.028,0
71302.67,10,41,40000,3,0,0.95,1
28427.0,10,41,150000,2,0,0.131,0
144679.67,8,35,130000,1,20,0.537,1
0.0,0,42,250000,1,10,0.0,0
14114.67,8,37,10000,2,30,1.0,0
153593.0,12,36,80000,1,0,0.98,0
0.0,0,34,145000,1,0,0.0,0
124527.0,12,32,180000,1,0,0.335,0
4593.33,12,35,100000,4,0,0.015,0
73843.67,10,41,90000,1,0,0.585,0
1970.33,8,35,50000,1,20,0.018,1
507.67,0,38,250000,1,0,0.003,1
15038.33,12,38,25000,2,0,0.278,0
217141.33,12,36,145000,1,0,0.743,0
0.0,0,32,135000,1,0,0.0,0
9152.33,4,33,125000,1,0,0.02,0
91884.67,10,45,40000,3,20,0.94,1
2993.67,10,35,180000,1,0,0.004,0
26440.33,12,40,25000,1,20,0.513,0
160255.0,12,35,210000,1,0,0.4,0
271341.0,10,39,90000,1,0,1.0,0
0.0,6,36,90000,1,0,0.0,0
7108.67,12,45,110000,1,0,0.016,0
3149.67,12,45,105000,1,0,0.012,0
123920.33,12,47,90000,2,0,0.996,0
224562.0,10,44,105000,2,20,1.0,0
18784.33,4,50,10000,2,20,0.91,0
20273.33,6,50,25000,2,20,0.396,1
815.33,2,51,125000,3,0,0.0,0
0.0,0,51,25000,1,10,0.0,0
47230.67,12,56,25000,2,0,0.936,0
41877.0,12,51,25000,3,0,0.883,1
49082.0,12,51,25000,1,0,0.972,0
49111.0,10,48,25000,1,20,0.94,0
367020.0,12,55,185000,2,0,0.974,0
10108.67,10,56,10000,3,20,0.473,1
276124.0,12,61,150000,3,0,0.899,0
48299.33,12,53,25000,2,0,0.962,0
2576.33,12,52,100000,1,0,0.012,0
316.0,12,53,90000,2,0,0.002,1
208368.67,12,50,245000,2,0,0.425,0
134380.33,12,65,165000,1,0,0.063,0
146122.33,10,50,80000,2,20,0.892,1
73861.0,12,48,40000,2,0,0.926,0
17091.0,8,52,15000,3,20,0.601,0
361.67,12,52,75000,2,0,0.033,0
20118.67,12,50,25000,1,0,0.451,0
45912.0,10,52,25000,2,20,0.866,0
18342.33,12,50,100000,3,0,0.087,0
93241.67,12,54,120000,2,20,0.06,0
42896.33,12,51,25000,2,0,0.834,0
104127.33,4,53,75000,1,0,0.691,0
140727.67,10,58,95000,2,20,0.775,0
4543.33,12,66,225000,2,0,0.0,0
2395.0,0,55,15000,3,70,0.08,1
422259.67,12,63,205000,2,0,1.0,1
50962.67,12,55,25000,3,20,1.0,1
1510.67,12,57,120000,2,0,0.005,0
19312.67,8,26,10000,3,0,0.951,0
15421.0,12,42,145000,1,0,0.003,0
31588.0,12,28,165000,1,0,0.098,0
139882.67,12,23,85000,2,0,0.819,0
72564.0,10,23,35000,1,20,1.0,1
8798.67,12,24,60000,1,0,0.123,0
0.0,0,53,125000,1,0,0.0,1
280794.33,12,29,145000,3,0,0.965,0
23541.33,12,26,10000,2,0,1.0,0
77860.0,12,23,40000,1,20,0.936,1
27254.67,10,22,15000,2,20,0.911,0
4372.67,6,23,25000,2,20,0.175,1
24443.33,8,21,15000,2,20,0.775,1
179359.33,10,22,100000,2,20,1.0,1
33367.0,12,23,35000,2,0,0.461,0
50494.67,12,26,25000,2,0,1.0,0
17470.0,12,22,15000,2,0,0.487,0
67798.67,12,22,35000,2,20,0.926,0
83561.67,12,22,40000,2,20,0.924,1
31013.67,12,25,25000,2,0,0.674,0
18393.67,12,26,150000,2,0,0.098,0
11322.0,12,22,15000,2,0,0.067,0
49093.33,12,30,25000,2,0,0.983,0
46157.67,12,31,25000,3,0,1.0,0
5638.67,12,22,40000,2,0,0.043,0
34541.0,12,23,25000,2,0,0.815,0
50220.0,12,23,25000,2,0,1.0,0
9084.0,10,23,20000,2,20,0.204,1
17426.33,12,23,80000,2,0,0.112,0
21098.33,12,23,30000,1,0,0.366,0
28389.67,10,23,15000,2,20,0.906,1
14734.67,8,23,15000,1,20,0.431,0
33188.67,12,23,15000,2,0,1.0,0
7142.0,8,23,45000,1,0,0.064,0
82633.67,12,24,50000,2,0,0.853,0
9415.0,10,23,25000,1,20,0.168,0
29305.67,12,25,45000,2,0,0.314,0
64867.33,8,28,45000,2,20,0.728,1
47555.67,12,23,25000,2,20,0.973,1
66304.67,12,25,40000,2,0,0.951,0
7302.0,12,25,30000,2,0,0.104,0
7311.67,12,25,40000,2,0,0.055,0
16091.0,8,25,10000,2,20,0.727,0
7234.33,12,25,15000,1,20,0.253,0
45316.67,10,24,40000,2,0,0.755,0
1058.33,6,24,80000,2,20,0.014,0
13339.33,12,34,230000,1,0,0.025,0
81083.33,12,24,45000,2,20,0.984,1
300.0,0,24,15000,2,70,0.01,0
219046.33,12,28,110000,2,0,1.0,0
47769.0,12,22,35000,3,0,0.763,0
109547.67,10,24,55000,2,20,0.976,1
8942.0,12,25,25000,2,0,0.322,0
316.0,12,26,60000,1,0,0.003,0
122286.0,12,26,75000,2,0,0.85,0
139238.33,12,26,70000,2,0,1.0,0
98927.0,12,26,60000,1,0,0.851,0
36775.67,12,26,20000,2,0,0.921,0
74994.0,12,30,45000,2,20,0.84,1
23017.33,8,23,25000,2,30,0.452,1
31449.0,8,26,65000,2,20,0.699,0
100.0,12,26,90000,1,0,0.001,0
4483.33,12,26,110000,1,0,0.022,0
6059.67,10,29,80000,2,20,0.039,0
23303.33,10,29,35000,3,20,0.287,0
6609.0,10,27,30000,1,20,0.071,1
90289.67,10,27,70000,2,20,0.858,0
70941.33,10,27,35000,2,20,0.978,0
1816.0,12,28,160000,2,0,0.013,0
11910.67,8,28,30000,1,20,0.337,0
0.0,0,27,180000,1,10,0.0,1
2468.0,12,27,250000,1,0,0.007,0
0.0,8,28,100000,1,10,0.0,0
1757.0,12,28,80000,2,0,0.007,0
3463.67,2,44,40000,2,0,0.094,0
19202.0,12,39,10000,2,0,0.953,0
101106.67,10,41,55000,3,20,0.956,0
935.0,8,38,15000,2,0,0.094,0
337.0,4,31,70000,2,10,0.0,0
16121.0,10,32,75000,2,0,0.117,0
56578.33,12,33,70000,2,0,0.388,0
447376.0,12,35,230000,2,0,0.962,1
57250.0,12,28,30000,2,0,0.97,0
84383.67,8,40,45000,3,30,0.878,1
113413.33,8,44,65000,4,20,0.866,1
31554.33,12,28,150000,2,0,0.084,0
87766.67,8,29,65000,2,20,0.656,0
3841.33,12,29,80000,2,0,0.023,0
13548.0,10,36,10000,2,20,0.626,0
18085.67,8,42,10000,3,20,0.824,1
4329.0,10,34,105000,1,0,0.024,0
92737.33,8,38,50000,2,20,0.897,0
26744.67,10,43,60000,1,20,0.204,1
55995.67,12,41,30000,3,0,0.938,0
28346.67,2,26,15000,2,20,1.0,1
51848.0,12,30,145000,1,0,0.184,0
38970.33,12,34,130000,2,0,0.154,0
129251.67,10,34,65000,3,20,0.96,0
0.0,0,42,90000,2,10,0.0,0
68312.67,12,36,40000,2,0,0.993,0
43945.67,12,38,35000,2,0,0.846,0
46950.33,12,34,145000,2,0,0.202,0
30530.67,10,37,40000,2,20,0.358,0
1562.33,10,27,150000,2,0,0.007,0
151987.67,12,28,100000,1,0,0.744,0
13924.33,10,29,15000,1,20,0.533,0
86859.67,12,35,120000,1,0,0.36,0
745.67,12,35,250000,1,0,0.001,0
31003.67,12,45,15000,2,20,1.0,0
3813.67,12,28,90000,1,20,0.012,0
128.0,6,31,90000,2,0,0.002,1
41632.33,12,37,90000,1,0,0.192,0
220021.0,12,26,130000,2,0,0.837,0
91.0,4,33,40000,2,0,0.016,0
0.0,6,38,200000,2,0,0.0,0
249.33,10,27,180000,3,0,0.0,0
0.0,2,29,65000,1,10,0.0,0
48090.0,12,35,25000,2,0,0.977,0
26312.33,8,29,145000,2,0,0.067,0
7054.0,12,38,180000,1,0,0.005,0
240165.67,12,29,120000,2,0,0.993,0
72785.67,12,41,40000,3,0,0.951,0
46.0,8,32,115000,2,10,0.0,1
219157.67,12,39,115000,1,0,0.955,0
2479.0,12,37,165000,2,0,0.007,0
23617.67,10,34,15000,2,20,0.747,0
46730.67,12,33,60000,2,0,0.356,0
1193.67,8,30,30000,4,0,0.06,0
430.0,12,42,115000,2,0,0.002,1
7414.33,4,43,165000,2,10,0.0,0
346.67,8,44,190000,2,0,0.003,0
8248.33,10,27,75000,1,0,0.056,0
117527.67,12,29,85000,3,0,0.683,1
1801.67,12,30,100000,2,20,0.008,0
25669.33,12,31,100000,2,0,0.123,0
103081.67,12,32,130000,2,0,0.403,0
2507.67,12,47,215000,2,0,0.003,0
11853.33,10,46,10000,2,20,0.547,1
77384.67,12,30,100000,2,0,0.375,0
7180.33,12,31,145000,1,0,0.018,0
189368.33,12,28,120000,1,0,0.787,0
5614.67,12,34,145000,1,0,0.012,0
251394.0,12,41,245000,1,0,0.512,0
1360.33,12,39,115000,1,0,0.004,0
80843.0,12,26,145000,2,0,0.279,0
5550.0,6,28,10000,3,20,0.287,0
7861.0,12,28,150000,1,0,0.032,0
650.0,8,48,65000,2,20,0.003,1
105104.67,12,37,75000,2,0,0.796,0
34202.0,12,37,25000,2,0,0.717,0
460.0,4,45,100000,2,0,0.006,0
2847.0,10,47,90000,2,0,0.001,0
7220.0,6,43,150000,1,0,0.072,0
8763.67,6,41,15000,2,20,0.268,1
4258.0,10,44,210000,3,10,0.0,0
4987.67,10,42,160000,2,0,0.009,0
69019.33,12,31,190000,1,20,0.176,0
42934.67,12,43,135000,3,0,0.171,0
191029.33,12,40,75000,2,0,1.0,0
167321.67,12,46,90000,2,0,0.954,0
879.67,2,29,90000,2,0,0.015,1
121464.33,12,41,70000,3,0,0.815,1
88104.67,12,38,45000,3,0,0.952,0
88496.33,4,33,50000,2,0,0.83,0
791.33,2,34,30000,2,20,0.035,1
111683.33,10,42,70000,2,20,0.839,0
15836.0,8,43,25000,3,20,0.304,0
329.0,12,39,70000,1,10,0.0,0
15961.67,12,31,115000,2,20,0.085,0
826.67,10,37,120000,3,10,0.0,0
61550.0,0,46,90000,1,0,1.0,0
19851.0,12,39,40000,3,0,0.235,0
62380.0,12,37,75000,1,0,0.408,0
0.0,4,35,150000,1,10,0.0,0
412000.33,12,45,210000,1,20,0.982,1
3463.67,4,31,30000,1,0,0.121,0
28400.67,8,48,15000,3,0,0.992,0
6345.33,12,37,105000,1,0,0.002,0
0.0,4,38,85000,2,0,0.0,1
19563.0,12,44,135000,2,0,0.092,0
9526.67,0,39,60000,1,0,0.239,0
29276.33,8,42,75000,3,0,0.204,0
10705.33,10,37,75000,1,0,0.051,1
5891.33,12,35,120000,2,0,0.022,0
32870.33,10,43,65000,3,0,0.122,0
107892.67,12,38,75000,3,0,0.706,0
19055.67,12,37,10000,1,0,0.996,0
1240.0,8,33,195000,1,0,0.007,0
164393.67,12,39,135000,2,0,0.596,0
730.67,10,45,90000,1,20,0.009,1
74509.67,12,30,100000,1,0,0.394,0
163.67,2,37,90000,2,0,0.003,0
109965.0,12,39,165000,1,0,0.359,0
36462.33,6,40,70000,1,0,0.366,0
1146.33,12,34,110000,2,0,0.002,0
5227.67,12,40,200000,1,0,0.016,0
191238.33,12,36,75000,2,0,1.0,0
833.33,0,36,100000,2,20,0.012,1
17340.67,12,43,15000,2,0,0.022,0
98741.0,12,30,85000,2,0,0.627,0
7946.67,10,30,90000,2,20,0.102,0
3961.0,8,31,150000,2,0,0.018,0
83350.33,8,32,50000,2,20,0.761,0
15010.33,12,38,250000,1,0,0.011,0
35902.33,12,40,40000,3,0,0.437,0
59315.33,12,40,30000,2,0,1.0,0
23215.0,12,37,25000,2,0,0.488,0
4405.67,12,48,250000,3,0,0.001,0
48632.33,8,37,25000,3,20,0.954,1
3519.67,8,44,80000,3,20,0.038,0
0.0,0,46,90000,2,10,0.0,0
92685.33,8,46,260000,1,20,0.257,0
9338.33,12,33,80000,1,0,0.034,0
8643.0,12,35,190000,1,0,0.001,0
425173.0,8,33,220000,2,20,0.936,0
5338.0,12,33,140000,1,20,0.011,0
60375.0,12,35,65000,2,0,0.487,0
0.0,4,31,125000,2,10,0.0,0
321.33,12,39,180000,2,10,0.0,0
32.67,8,36,235000,2,0,0.0,0
135321.0,12,29,165000,2,0,0.402,0
1212.67,12,42,120000,2,0,0.008,0
151.67,6,48,180000,1,0,0.001,0
78471.33,12,40,40000,3,20,1.0,1
11897.33,12,29,140000,1,0,0.056,0
520.0,8,38,30000,1,30,0.0,0
34361.33,10,44,110000,1,20,0.157,1
55648.0,12,45,70000,2,20,0.385,0
10914.67,12,29,115000,1,0,0.103,0
8332.33,10,30,180000,1,10,0.0,0
151547.0,12,30,195000,1,0,0.391,0
12658.33,12,32,140000,2,0,0.041,0
38697.0,12,32,155000,3,0,0.134,0
274846.0,12,33,250000,2,0,0.529,0
69349.67,12,39,115000,2,0,0.314,0
0.0,0,41,15000,3,0,0.0,0
461.0,4,41,60000,4,0,0.0,0
10000.0,12,43,100000,2,0,0.05,0
60482.33,12,30,195000,1,0,0.156,0
60673.33,12,30,100000,1,0,0.299,0
471173.0,12,38,300000,2,20,0.81,0
23251.67,8,45,10000,3,30,1.0,1
42780.33,12,48,70000,2,0,0.295,0
312.0,2,34,45000,2,20,0.004,1
6735.0,10,44,10000,3,0,0.282,0
26784.33,12,45,15000,4,0,0.899,0
147333.33,12,35,125000,1,0,0.62,0
157308.33,12,33,175000,2,0,0.536,0
4185.33,12,49,75000,2,0,0.027,0
110622.67,12,42,150000,2,0,0.378,0
47852.33,12,53,25000,3,0,0.936,1
5569.67,4,58,195000,3,0,0.003,0
791.67,8,53,60000,3,20,0.015,0
143472.0,12,53,70000,3,0,1.0,0
66359.0,12,51,40000,3,0,1.0,0
19175.0,10,55,25000,3,0,0.472,0
549.67,8,49,70000,2,0,0.009,1
1899.33,6,50,165000,2,0,0.017,0
30210.67,10,49,140000,2,20,0.103,0
4132.33,10,49,235000,2,0,0.007,1
98483.67,12,54,50000,4,0,0.96,0
124138.67,12,53,80000,3,0,0.774,0
4089.0,12,51,160000,3,0,0.026,0
43637.67,0,49,65000,3,0,1.0,0
42232.33,10,53,25000,3,20,0.823,0
66605.0,12,50,270000,2,0,0.123,0
47357.67,6,48,25000,4,0,0.959,0
248360.33,12,48,70000,2,0,1.0,0
29365.0,12,53,25000,2,0,0.57,0
0.0,0,69,180000,2,0,0.0,0
17554.33,10,45,210000,1,10,0.0,0
3224.67,8,51,180000,1,0,0.004,0
390.0,10,63,55000,3,0,0.004,1
2934.0,12,52,85000,1,0,0.002,0
16542.0,10,53,175000,1,10,0.103,0
138211.0,12,56,120000,2,20,0.558,0
1730.33,12,51,120000,2,0,0.002,0
804.0,6,57,40000,2,10,0.0,0
694.0,12,59,30000,3,0,0.012,0
222421.33,12,53,110000,2,20,1.0,1
251138.33,12,54,250000,1,0,0.521,0
16231.0,12,24,10000,2,20,0.794,0
215520.33,10,27,180000,2,30,0.681,1
6689.67,8,53,150000,2,0,0.019,0
41784.67,6,38,30000,2,0,0.963,1
2500.0,0,30,180000,2,30,0.007,1
33297.67,12,23,25000,2,0,0.846,0
47753.33,6,24,65000,2,20,0.355,0
47620.33,12,24,25000,1,0,0.955,0
116238.0,12,28,75000,2,0,0.895,0
28044.33,12,24,15000,1,0,0.944,0
25213.67,12,29,175000,1,0,0.08,0
30256.33,12,25,25000,2,0,0.97,0
14409.67,12,23,10000,2,20,0.664,0
0.0,6,23,10000,2,10,0.0,0
168.67,4,26,90000,1,0,0.0,0
0.0,0,26,25000,3,10,0.0,0
152002.0,10,26,75000,2,20,1.0,1
101086.33,12,27,60000,1,0,0.978,0
5237.33,12,27,10000,2,0,0.366,1
2838.0,12,24,30000,2,0,0.014,0
38565.33,10,28,40000,3,20,0.477,1
49875.67,4,30,25000,3,0,0.993,0
46153.67,10,25,25000,1,20,0.89,0
24332.0,12,22,15000,2,0,1.0,0
17535.33,10,26,10000,2,20,0.774,1
0.0,0,27,25000,2,0,0.0,0
66551.33,12,25,75000,1,0,0.344,0
0.0,8,26,25000,2,10,0.0,0
52372.67,12,28,250000,1,0,0.119,0
77737.0,12,27,60000,1,20,0.632,0
250910.33,12,27,130000,1,0,0.986,0
8581.33,4,23,10000,2,20,0.356,1
18992.33,6,24,10000,2,20,1.0,0
33032.0,12,29,100000,1,0,0.166,0
0.0,0,31,40000,3,10,0.0,0
0.0,0,28,80000,2,0,0.0,0
1275.67,4,28,100000,1,20,0.01,0
87804.0,12,29,45000,2,0,0.953,0
4888.33,10,41,10000,3,20,0.496,0
396.0,12,36,60000,2,0,0.003,0
155916.67,12,35,245000,1,0,0.318,0
4694.67,12,38,145000,2,0,0.011,0
276187.67,4,30,80000,3,0,1.0,0
87307.0,12,30,110000,1,20,0.385,0
111598.67,12,38,145000,2,0,0.402,0
0.0,0,37,180000,1,0,0.0,1
54106.0,8,40,60000,2,20,0.491,1
191395.67,12,30,180000,1,0,0.539,0
390.0,12,33,40000,3,0,0.005,1
70075.67,12,37,210000,2,0,0.009,0
4256.0,0,39,180000,1,0,0.035,0
42689.33,12,45,115000,2,0,0.18,0
52097.0,2,46,25000,3,20,1.0,1
60280.33,12,48,30000,2,0,1.0,0
183479.33,12,30,100000,2,0,0.896,0
872.0,12,30,240000,2,0,0.003,0
11198.33,0,32,180000,3,0,0.093,0
79577.33,8,33,50000,1,20,0.943,1
14417.67,12,37,75000,1,0,0.147,1
13419.67,8,39,10000,3,0,0.992,0
966.67,0,45,250000,1,0,0.006,0
0.0,0,36,90000,1,10,0.0,0
48667.33,12,29,115000,2,0,0.221,0
4665.67,12,43,90000,2,0,0.033,0
0.0,2,29,30000,2,10,0.0,1
387.33,12,42,100000,1,10,0.0,1
38494.0,10,28,15000,3,20,1.0,0
6167.33,8,31,10000,1,20,0.23,1
80892.0,12,41,55000,1,0,0.736,0
88402.33,12,41,40000,3,0,1.0,1
108151.0,2,35,80000,2,0,1.0,0
19746.33,12,35,10000,2,0,0.98,1
5255.67,10,30,15000,3,20,0.144,0
24630.67,8,48,15000,2,0,0.981,0
54229.67,10,34,75000,2,20,0.351,1
199267.0,12,31,140000,2,0,0.843,0
48942.67,10,33,25000,2,20,1.0,0
49138.33,10,28,25000,2,20,0.945,1
3851.33,12,34,140000,1,20,0.0,0
76486.0,10,41,100000,2,20,0.461,0
6802.67,12,47,105000,3,0,0.031,1
0.0,0,27,180000,3,0,0.0,0
48081.67,6,29,25000,3,20,0.95,0
64281.33,10,33,45000,2,0,0.676,0
47042.67,12,35,135000,2,0,0.18,0
840.67,10,44,25000,3,0,0.025,0
47459.67,4,43,40000,2,0,0.881,0
24539.33,8,38,80000,3,0,0.156,0
1493.0,10,36,100000,2,0,0.0,0
20053.67,10,37,15000,2,20,0.639,1
161693.67,12,32,130000,2,0,0.655,1
10000.0,12,34,260000,2,0,0.019,0
5326.33,12,37,70000,3,0,0.099,1
18296.0,12,34,10000,2,0,0.918,1
16504.67,4,41,25000,3,20,0.404,1
12272.33,10,31,25000,2,0,0.173,0
187285.67,12,42,85000,3,0,1.0,0
31496.33,12,32,90000,2,0,0.253,0
433.33,6,35,180000,2,20,0.0,0
5383.67,10,39,110000,2,20,0.022,0
110203.0,12,48,250000,1,0,0.215,0
79711.0,12,36,40000,2,20,0.996,0
122053.33,12,40,75000,2,0,1.0,0
493.33,8,47,70000,3,20,0.002,1
149466.33,12,39,95000,2,0,0.77,0
275916.0,12,32,100000,1,0,1.0,0
80800.67,12,33,130000,1,0,0.361,0
141461.0,12,30,105000,1,0,0.656,0
4935.67,8,38,120000,2,20,0.03,1
0.0,0,39,70000,1,10,0.0,1
4369.67,12,34,100000,1,0,0.037,0
32360.33,12,35,100000,2,0,0.139,0
432.0,2,41,250000,1,0,0.003,0
31804.33,8,39,25000,2,20,0.63,1
470.0,2,38,65000,2,10,0.0,0
107399.33,12,31,115000,2,0,0.435,0
1703.67,12,34,130000,1,0,0.004,0
189373.67,12,46,130000,2,0,0.223,0
366.67,6,30,80000,2,0,0.005,0
55705.67,10,40,125000,2,20,0.26,1
0.0,0,30,90000,1,10,0.0,0
13652.33,10,32,10000,1,20,0.636,1
158546.0,12,37,135000,1,20,0.593,1
3321.33,12,47,140000,1,0,0.013,0
8414.33,12,30,15000,2,0,0.235,0
5749.0,12,36,225000,2,0,0.018,1
29282.33,12,33,180000,1,0,0.061,0
17520.0,10,36,10000,2,20,0.923,0
316.0,12,40,100000,3,0,0.002,1
17117.33,12,46,250000,1,0,0.033,0
4792.67,12,42,100000,1,0,0.0,0
17200.33,12,39,225000,3,0,0.063,0
1925.33,8,37,10000,2,20,0.163,1
8514.0,8,42,250000,1,0,0.02,0
96222.0,12,31,130000,1,0,0.394,0
48311.0,8,38,30000,1,20,0.773,1
5830.0,10,37,5000,2,0,0.849,0
134883.67,12,34,120000,2,0,0.555,0
389228.67,12,43,240000,1,0,0.786,0
101154.0,12,38,260000,1,0,0.19,0
20640.33,12,42,10000,2,20,1.0,1
2717.33,10,33,90000,1,20,0.017,0
1284.67,8,43,145000,2,20,0.001,0
44496.67,12,40,25000,3,0,0.871,1
291564.33,12,39,250000,1,0,0.595,0
81259.67,12,40,50000,2,0,0.956,0
22681.0,12,39,150000,1,0,0.07,0
62748.67,8,40,65000,1,20,0.478,0
3397.0,10,50,250000,1,0,0.004,0
1590.33,12,55,110000,2,0,0.003,0
256522.33,12,63,130000,3,20,1.0,0
39510.0,12,51,25000,2,0,0.804,1
92268.0,10,55,55000,2,20,0.47,1
11079.0,12,49,175000,1,0,0.079,0
1351.33,12,48,90000,2,0,0.007,0
120841.67,12,50,60000,3,20,0.988,0
480.67,12,51,230000,2,0,0.001,1
30744.67,8,52,125000,2,20,0.119,1
59696.0,12,58,25000,2,0,1.0,0
257371.0,12,56,175000,1,0,0.736,0
18461.33,8,52,10000,3,30,0.802,1
4198.0,12,49,145000,2,0,0.014,0
73819.0,12,50,250000,1,20,0.14,1
235835.0,12,57,120000,1,0,0.934,0
40642.0,12,52,25000,2,0,0.917,0
66110.67,12,50,90000,1,0,0.349,0
28925.33,12,52,250000,3,0,0.061,0
77259.33,12,51,55000,2,0,1.0,0
1865.33,12,53,250000,2,0,0.0,0
29298.33,12,53,15000,2,0,0.985,0
461554.67,10,53,300000,1,20,0.764,1
50100.33,6,60,40000,1,0,0.616,0
16887.0,12,61,135000,1,0,0.056,0
33085.67,12,56,15000,3,0,1.0,0
9813.67,6,22,10000,2,20,0.475,1
18922.33,12,23,10000,1,20,0.959,0
40757.67,10,56,45000,3,20,0.543,1
1443.0,12,59,80000,2,0,0.009,0
88415.67,12,23,45000,2,0,0.975,0
632.0,6,24,30000,2,30,0.0,1
4169.67,2,24,10000,3,0,0.625,0
827.0,8,25,60000,2,0,0.007,0
6565.67,8,27,10000,2,0,0.983,0
115540.0,12,28,65000,2,0,0.925,1
19447.0,10,27,45000,2,0,0.206,0
389.0,12,27,215000,1,0,0.001,0
4021.0,4,27,180000,1,0,0.0,0
7886.33,6,22,5000,1,0,0.979,0
22034.0,10,25,105000,2,0,0.003,0
1021.0,12,30,60000,3,0,0.006,0
120529.33,12,30,60000,2,0,1.0,0
93698.0,12,30,50000,1,20,0.922,0
6819.0,10,28,30000,2,20,0.094,1
0.0,6,25,10000,1,0,0.0,0
0.0,0,26,100000,2,0,0.0,0
4471.67,10,26,45000,3,0,0.036,1
38390.0,10,28,110000,1,0,0.242,0
14963.67,4,40,90000,2,0,0.125,0
68396.33,12,31,160000,1,0,0.241,0
4453.33,12,29,140000,2,0,0.027,0
528.0,8,30,65000,2,20,0.003,0
76.67,4,30,140000,1,10,0.0,1
57720.67,12,30,25000,2,0,1.0,0
4337.0,2,33,100000,2,20,0.051,0
7728.0,8,33,160000,1,0,0.009,0
1908.67,8,37,45000,2,20,0.026,0
2771.33,4,34,90000,2,20,0.002,0
55437.33,10,35,70000,2,0,0.445,0
41149.0,12,36,165000,1,0,0.133,0
420.0,8,25,45000,2,20,0.0,1
54780.67,12,27,90000,2,0,0.297,0
10350.0,12,38,100000,1,0,0.028,0
3865.67,12,38,135000,2,0,0.011,0
44695.33,12,23,30000,1,0,0.855,0
16328.67,4,26,40000,2,0,0.312,0
3258.67,12,29,125000,1,20,0.006,1
270351.0,12,32,135000,2,20,1.0,0
17775.0,12,40,85000,1,0,0.091,0
246162.67,12,36,125000,2,0,1.0,0
9520.0,10,38,180000,2,0,0.003,0
72401.67,12,34,155000,2,0,0.28,0
28078.0,8,39,100000,2,10,0.0,0
0.0,2,42,65000,3,10,0.0,0
43799.0,12,49,155000,2,0,0.169,0
9750.67,2,34,100000,2,0,0.096,0
189751.67,12,35,95000,2,0,0.988,0
9765.67,2,36,105000,2,0,0.127,0
8717.33,12,36,50000,2,0,0.058,0
89941.33,8,39,45000,2,20,1.0,0
272254.33,12,41,145000,2,0,0.926,0
3203.33,2,42,100000,2,0,0.04,0
326.0,12,40,60000,1,0,0.003,0
43381.67,6,37,65000,2,20,0.317,1
35786.0,12,46,75000,3,0,0.26,0
42035.33,12,37,110000,1,0,0.065,0
98313.0,12,37,100000,2,0,0.488,0
1196.0,4,37,60000,3,0,0.026,0
98.0,4,37,100000,2,10,0.0,0
2768.0,12,41,50000,2,0,0.016,0
107925.67,12,43,65000,2,0,0.842,0
8394.33,10,55,5000,2,20,0.919,1
143059.0,12,45,75000,2,0,0.902,0
28912.33,12,42,30000,3,0,0.487,0
132850.67,12,27,65000,3,20,1.0,0
24034.33,12,22,25000,1,0,0.904,0
12837.67,12,27,205000,1,0,0.018,0
621.67,4,29,105000,1,0,0.0,0
44200.67,10,30,70000,2,0,0.009,0
49040.33,10,31,40000,3,20,0.352,1
11439.33,8,31,15000,2,20,0.364,1
633.33,6,32,100000,1,20,0.004,0
6403.33,10,31,275000,1,20,0.032,0
1460.0,6,24,40000,2,20,0.0,1
49952.0,12,25,25000,1,0,0.987,0
23572.33,10,26,15000,1,20,0.82,0
31815.0,10,26,50000,1,0,0.027,0
739.67,2,27,35000,1,0,0.032,0
25780.33,12,32,110000,1,0,0.062,0
520.0,8,25,15000,2,20,0.0,1
86815.33,12,28,125000,2,0,0.089,0
15420.67,10,28,10000,3,20,0.948,0
105274.0,12,29,105000,2,0,0.566,0
0.0,0,29,180000,1,10,0.0,0
124552.67,12,29,85000,2,0,0.136,0
6447.67,10,29,5000,2,0,0.936,0
70459.0,12,30,140000,2,0,0.112,1
4207.0,10,22,15000,2,0,0.164,1
16367.0,10,24,10000,2,20,0.756,0
7447.67,12,26,5000,1,0,0.638,1
126.67,8,26,40000,2,0,0.004,0
174932.0,12,29,180000,1,0,0.306,0
86.67,8,31,125000,1,10,0.0,0
2754.0,12,33,85000,2,0,0.016,0
75725.0,6,33,40000,1,0,0.925,1
40153.33,12,33,65000,2,0,0.302,0
25528.33,12,34,130000,2,0,0.124,0
21057.33,6,31,10000,2,40,1.0,0
191099.67,6,32,200000,1,20,0.469,1
488.0,10,33,110000,1,0,0.003,0
175321.67,12,27,90000,3,0,0.958,0
8984.0,12,29,5000,2,0,0.989,0
16898.0,10,53,250000,3,20,0.035,0
48684.33,12,35,25000,2,0,0.956,0
5105.0,6,36,90000,2,0,0.085,0
3018.67,8,39,185000,2,20,0.01,0
71043.67,12,37,180000,1,0,0.19,0
35269.33,12,41,115000,2,0,0.147,0
295.33,10,45,135000,1,10,0.0,0
2192.0,10,35,75000,1,0,0.039,0
0.0,0,37,85000,2,0,0.0,0
4845.0,8,41,5000,2,0,0.331,0
12163.67,12,47,105000,1,0,0.04,0
8660.0,10,39,135000,1,0,0.039,0
22302.67,12,44,25000,2,0,0.315,0
5592.67,12,34,125000,2,0,0.026,0
39295.67,12,35,25000,1,20,1.0,1
136317.67,12,35,140000,2,0,0.722,0
1937.0,2,35,105000,2,0,0.028,0
236.33,2,45,180000,1,10,0.0,0
249749.33,12,44,125000,2,0,1.0,0
122378.0,6,40,85000,4,0,0.406,0
138664.33,12,38,70000,2,20,0.983,0
28791.33,10,21,15000,2,0,0.947,0
15428.67,10,22,10000,2,20,0.721,1
50558.67,12,22,25000,2,0,1.0,0
33200.67,8,21,25000,1,0,0.736,0
60325.33,12,22,30000,2,0,1.0,1
316.0,12,51,85000,1,0,0.002,0
838.0,6,42,110000,1,0,0.011,0
12791.33,2,30,25000,2,20,0.547,0
15913.33,10,23,10000,2,0,0.962,0
14151.33,8,38,10000,2,0,0.976,0
48731.0,10,30,25000,2,20,0.986,1
150233.0,12,27,80000,1,0,0.917,0
10084.0,12,27,200000,2,0,0.05,0
137010.33,12,27,70000,2,0,0.964,0
1219.67,10,27,40000,1,0,0.012,0
141922.0,8,27,70000,2,30,0.983,0
102550.0,8,27,170000,1,0,0.905,0
22580.0,12,26,35000,2,0,0.101,0
419.67,10,26,65000,1,0,0.0,0
39029.33,8,22,15000,3,20,1.0,1
23385.33,12,23,45000,2,0,0.26,0
26752.33,8,23,15000,2,20,0.937,0
96018.67,10,22,50000,2,20,0.965,0
16611.0,10,23,10000,2,20,0.799,0
981.33,10,24,15000,1,20,0.025,0
59231.67,10,23,45000,1,20,0.671,0
17355.67,12,23,10000,1,20,0.874,1
200.0,4,22,15000,2,30,0.007,0
41772.67,12,22,40000,1,0,0.081,0
7857.67,12,25,100000,3,0,0.04,0
59786.67,12,23,30000,3,0,1.0,0
59318.0,8,22,30000,2,20,1.0,0
81391.67,6,22,40000,2,20,0.988,1
15090.0,8,22,10000,1,20,0.702,1
26318.0,10,22,65000,2,20,0.23,0
9605.33,8,22,10000,2,30,0.333,1
509.33,12,23,25000,1,0,0.04,0
54498.67,10,23,30000,2,20,0.967,1
93045.33,10,23,50000,2,20,0.907,0
6648.0,12,24,35000,3,0,0.08,0
10031.33,6,22,15000,3,30,0.311,1
6497.67,12,22,5000,1,30,0.625,0
6448.0,10,23,5000,2,20,0.54,0
34578.0,12,23,25000,3,0,0.703,1
0.0,0,24,15000,2,0,0.0,0
26806.67,12,24,15000,2,0,0.886,1
55852.67,10,24,50000,3,20,0.549,0
30593.33,8,24,15000,3,20,1.0,1
29759.0,12,24,45000,2,0,0.178,0
51820.67,10,24,70000,2,20,0.362,1
16880.67,2,24,25000,2,0,0.504,0
55542.0,8,24,35000,2,0,0.928,0
9559.67,4,25,5000,2,20,0.86,1
12765.67,6,24,10000,2,30,0.638,1
6115.67,12,44,50000,2,0,0.126,0
110993.33,12,27,65000,1,0,0.894,0
17647.67,12,24,65000,2,0,0.094,0
78945.0,12,23,40000,2,0,0.974,0
34967.67,10,23,25000,2,20,0.968,0
47823.0,10,23,25000,1,20,1.0,1
2089.67,12,24,75000,2,0,0.01,0
35143.0,12,24,25000,2,0,0.818,0
100991.0,12,26,35000,2,0,1.0,0
30665.33,8,26,15000,2,20,1.0,1
19947.33,12,25,195000,1,0,0.055,0
38189.67,10,25,40000,2,0,0.46,0
43935.0,12,26,35000,1,0,0.594,0
11896.33,12,23,15000,2,20,0.352,1
37071.33,12,23,30000,2,0,0.767,0
14932.67,12,24,10000,3,0,0.675,0
65193.0,10,25,35000,2,20,1.0,1
195149.67,12,25,100000,2,0,0.978,0
46390.0,12,23,25000,2,0,0.965,0
50738.0,10,27,25000,2,20,1.0,0
15150.33,10,23,10000,2,20,0.693,0
34228.0,10,23,25000,1,20,0.689,0
26291.33,10,24,45000,2,0,0.393,0
122778.0,12,24,50000,2,20,1.0,0
62486.33,10,24,35000,2,0,0.873,0
78836.67,6,24,45000,2,0,0.975,0
29384.33,12,23,15000,3,20,0.918,0
82098.33,12,27,50000,1,0,0.812,0
182581.0,12,25,140000,2,0,0.703,0
93564.33,6,28,50000,2,20,1.0,0
61329.33,12,28,70000,2,0,0.444,0
7656.67,10,27,5000,1,20,0.61,1
45815.67,12,28,25000,2,0,0.964,0
375.0,6,28,60000,1,0,0.023,0
8761.33,12,27,10000,2,0,0.524,1
520.0,8,27,15000,2,20,0.013,0
0.0,0,26,65000,2,10,0.0,0
2290.67,10,27,75000,1,0,0.035,0
116991.67,12,27,90000,2,0,0.636,0
67924.0,12,26,200000,2,0,0.186,0
1.33,6,27,150000,1,10,0.0,0
24681.33,12,27,15000,1,20,0.786,0
244.67,8,27,65000,1,0,0.0,0
17526.33,10,26,10000,3,20,0.764,1
45187.67,12,27,25000,2,20,1.0,0
5348.33,4,27,40000,2,20,0.051,0
17889.33,10,26,10000,2,0,0.847,0
47077.0,8,27,25000,2,20,0.968,1
79171.67,12,26,40000,2,0,1.0,0
11040.0,12,26,170000,1,0,0.014,0
28212.33,12,27,15000,2,0,0.969,0
39573.33,10,27,60000,2,0,0.479,0
2613.33,0,27,25000,1,20,0.081,1
30333.33,12,27,25000,2,0,0.679,0
22250.33,6,28,250000,1,0,0.054,0
833.33,0,27,180000,2,20,0.007,1
2001.0,6,27,30000,1,20,0.0,0
49938.0,12,27,25000,2,0,1.0,0
7873.67,12,27,65000,1,0,0.121,0
56979.67,12,29,180000,2,0,0.163,0
157162.33,12,27,80000,2,20,0.978,0
6842.33,2,27,180000,2,0,0.014,0
2489.33,12,28,105000,2,0,0.011,0
189179.0,10,28,115000,2,20,0.797,1
36045.33,10,27,35000,2,20,0.489,1
1628.33,12,25,25000,2,0,0.043,0
3738.0,4,25,40000,2,0,0.027,0
5368.0,10,26,50000,2,0,0.017,1
164080.0,12,28,100000,2,0,0.986,0
69437.0,12,28,35000,2,0,0.978,0
110440.67,10,28,55000,1,20,0.995,0
51570.0,6,28,25000,1,20,1.0,1
30755.67,10,28,25000,1,20,0.876,0
27032.33,12,27,35000,2,20,0.359,0
56562.0,4,27,30000,2,40,0.944,1
79074.0,12,27,65000,2,0,0.591,0
116362.33,8,25,75000,2,20,0.76,1
19474.0,8,27,15000,2,20,0.595,0
9598.0,12,26,100000,2,0,0.063,0
65766.33,12,29,25000,2,0,0.974,0
11921.33,10,29,130000,1,10,0.0,0
12077.33,12,29,180000,1,0,0.024,0
15185.67,10,29,15000,2,20,0.451,1
76988.0,10,29,50000,2,20,0.737,1
55298.33,10,29,40000,2,20,0.657,0
25267.67,10,29,15000,2,20,0.901,0
3864.67,12,28,200000,1,20,0.003,0
2292.67,12,29,120000,1,20,0.013,0
125028.33,10,30,55000,2,20,1.0,1
39717.67,8,28,110000,1,0,0.262,0
116543.67,12,28,100000,1,0,0.525,0
258488.0,12,28,180000,2,0,0.736,0
19719.67,10,28,15000,2,20,0.644,0
88182.67,12,28,55000,1,0,0.979,0
35962.33,12,29,40000,1,0,0.424,0
14582.33,12,35,25000,2,0,0.27,0
73360.67,10,22,50000,1,20,0.74,1
18919.67,12,23,25000,2,0,0.537,0
0.0,0,28,175000,3,0,0.0,1
65138.0,12,28,40000,3,0,0.799,1
35442.33,12,29,45000,1,0,0.504,0
56794.33,12,27,60000,1,0,0.925,0
4218.67,6,25,25000,1,0,0.072,0
14535.33,12,23,25000,2,0,0.389,0
10962.33,10,24,45000,2,20,0.118,0
33804.0,10,25,35000,2,0,0.464,0
9685.67,10,31,5000,2,30,1.0,0
1049.0,6,29,65000,2,20,0.007,0
120497.67,12,27,180000,1,0,0.363,0
66640.33,10,35,40000,2,30,0.796,0
49527.0,10,27,35000,2,20,0.685,0
25031.33,8,22,15000,1,20,0.973,1
69416.0,12,24,40000,2,0,0.853,0
705.67,8,24,40000,2,0,0.014,0
61279.0,10,29,75000,1,20,0.733,0
160143.67,12,29,130000,2,0,0.742,0
16259.33,10,29,10000,2,30,0.738,0
8586.0,12,25,10000,2,0,0.378,1
12220.0,10,27,100000,2,20,0.092,0
93975.33,8,25,55000,2,40,0.876,1
5338.0,12,24,80000,1,0,0.019,0
18424.67,6,24,10000,2,0,0.86,0
66068.33,12,26,55000,2,0,0.576,0
151175.33,8,30,100000,1,20,0.915,1
41317.33,12,29,25000,3,20,0.965,1
179185.67,12,30,170000,2,0,0.758,0
3423.33,12,30,110000,1,0,0.029,0
141109.33,12,30,90000,2,0,0.827,0
101059.67,12,32,55000,4,30,0.997,0
49539.0,12,32,25000,2,0,0.987,0
41239.67,8,28,25000,3,30,0.811,0
13264.67,12,29,120000,2,0,0.073,0
18851.67,6,29,100000,1,0,0.283,0
90586.0,12,29,45000,3,0,1.0,0
3096.0,8,29,10000,2,0,0.157,1
0.0,0,30,150000,1,0,0.0,1
5334.33,6,30,145000,2,20,0.015,0
15064.0,6,30,10000,2,0,0.918,1
109922.0,12,31,100000,2,0,0.507,0
129364.33,12,31,65000,1,0,0.987,0
7528.33,10,27,5000,2,20,0.669,0
69312.33,12,28,105000,1,0,0.354,0
113485.33,12,28,65000,2,0,0.887,0
88128.67,8,29,40000,2,20,1.0,1
34471.33,12,37,205000,1,0,0.133,0
39276.0,8,31,30000,2,20,0.626,1
0.0,0,31,15000,2,0,0.0,0
87603.67,12,32,160000,2,0,0.316,0
6491.0,10,32,40000,2,0,0.107,0
194624.0,12,32,105000,2,0,0.901,0
21515.0,10,32,30000,2,20,0.342,1
7675.0,8,29,155000,2,0,0.042,0
74393.67,12,25,65000,2,0,0.398,0
53172.0,12,26,30000,2,0,0.969,0
24459.33,10,29,15000,2,0,0.839,0
1468.67,10,25,75000,2,0,0.009,0
28657.33,6,25,15000,2,20,0.959,1
63615.0,12,42,65000,2,0,0.38,0
19802.67,8,26,25000,2,30,0.365,0
64329.0,12,27,85000,2,0,0.476,0
27082.67,6,32,15000,2,30,0.927,1
860.0,12,32,125000,3,0,0.003,0
105047.67,10,32,55000,2,30,0.983,0
43242.0,12,29,80000,1,0,0.088,0
65381.67,8,33,170000,1,20,0.186,0
101962.0,12,36,50000,3,0,1.0,0
59925.0,12,28,115000,2,0,0.283,0
0.0,0,31,100000,1,0,0.0,0
2400.0,0,30,15000,2,70,0.08,1
113923.33,12,30,60000,2,0,0.922,0
67092.33,12,28,60000,2,0,0.559,0
40337.0,10,31,25000,2,30,1.0,1
4512.67,10,31,10000,3,0,0.278,0
85607.67,12,30,250000,2,0,0.197,0
0.0,8,31,50000,1,10,0.0,0
21818.33,8,38,25000,1,20,0.431,1
8943.0,12,30,105000,1,0,0.035,0
33941.67,2,30,25000,2,0,1.0,0
130609.33,10,29,100000,3,20,0.643,1
2228.0,12,27,75000,2,0,0.012,0
62679.67,10,34,25000,2,20,1.0,1
209065.33,12,30,150000,1,0,0.724,0
316.0,10,31,60000,1,0,0.003,0
188975.0,12,36,95000,2,0,0.989,0
68026.33,12,35,35000,2,0,0.978,0
73203.33,10,39,25000,2,20,1.0,1
24685.67,10,38,25000,2,20,0.629,0
84061.0,12,38,40000,3,20,1.0,0
26860.33,12,35,15000,2,0,0.865,1
43380.0,10,41,70000,2,20,0.299,0
20283.33,2,49,10000,3,30,0.938,1
3239.0,2,38,15000,2,0,0.202,1
138967.67,12,44,130000,3,0,0.572,0
27294.67,8,48,15000,1,20,0.842,1
45753.0,10,41,25000,2,20,0.99,1
19142.33,12,35,25000,2,0,0.321,0
12006.33,8,35,30000,3,20,0.179,1
18867.67,10,48,25000,2,20,0.374,1
67611.33,12,38,40000,2,0,0.909,0
80173.0,10,41,40000,2,20,0.999,1
45248.67,12,40,50000,3,0,0.493,0
28311.33,8,37,15000,3,20,0.945,0
24719.67,10,49,15000,2,20,0.79,0
10860.33,10,46,15000,3,20,0.328,0
13292.33,4,31,25000,2,40,0.276,1
233166.67,12,48,120000,2,0,0.976,1
0.0,2,44,15000,3,10,0.0,0
9547.0,2,35,120000,2,0,0.066,0
29971.33,12,31,25000,2,20,0.579,1
8554.67,12,23,35000,1,0,0.108,1
65634.67,12,28,40000,3,0,0.907,0
101189.33,10,30,60000,2,20,0.821,0
35249.67,10,32,50000,3,20,0.322,0
16548.0,0,44,25000,2,0,0.993,0
17662.67,12,39,160000,2,0,0.133,0
214322.33,12,36,110000,1,0,0.982,0
88451.67,12,33,70000,1,0,0.627,0
136914.33,12,37,70000,1,0,0.975,1
12370.33,8,24,25000,2,20,0.0,0
358.67,6,25,30000,1,20,0.009,1
75277.67,12,47,45000,2,0,0.91,0
2400.0,0,44,10000,2,70,0.12,1
46284.67,10,29,65000,2,20,0.266,0
85001.0,12,34,40000,2,20,1.0,1
125762.0,12,37,115000,2,0,0.549,0
26030.33,12,29,90000,2,0,0.143,0
6855.33,8,34,10000,2,0,0.874,0
11517.33,10,34,105000,2,20,0.02,0
70948.33,10,22,35000,2,20,0.989,0
17032.0,12,22,25000,1,0,0.316,0
91443.0,10,30,70000,2,20,0.761,0
29023.67,12,32,50000,2,0,0.3,0
3176.33,2,37,40000,2,0,0.07,0
0.0,6,36,150000,1,10,0.0,0
797.0,10,26,100000,3,0,0.0,0
400.0,2,29,50000,2,0,0.006,0
46991.67,12,45,25000,2,0,0.988,0
148022.67,4,47,70000,3,60,1.0,0
41967.33,12,28,25000,2,0,0.864,0
166143.33,12,28,250000,1,0,0.459,0
2778.67,10,31,180000,2,0,0.008,0
10.0,0,34,120000,2,10,0.0,0
489.33,10,35,100000,1,20,0.002,0
236623.67,12,35,140000,1,0,1.0,0
0.0,8,36,165000,1,10,0.0,0
76995.33,12,32,50000,3,0,0.792,0
5508.33,2,35,15000,3,30,0.34,1
119852.67,12,37,65000,2,20,0.998,1
24009.67,8,41,15000,2,20,0.852,0
18301.67,10,43,25000,3,20,0.359,1
748.33,8,39,40000,2,20,0.0,1
290184.0,12,30,285000,1,0,0.567,0
17540.0,8,32,10000,2,20,0.852,0
29870.0,12,35,45000,2,0,0.341,0
131443.67,10,43,75000,3,20,0.952,1
178684.0,12,41,55000,2,0,1.0,0
31400.33,12,37,85000,3,20,0.194,0
50671.67,12,26,45000,2,0,0.689,0
46277.0,12,26,55000,2,0,0.409,0
1293.33,0,28,10000,2,20,0.106,0
5000.0,0,31,100000,2,30,0.025,1
50446.67,12,34,25000,2,0,1.0,0
22129.0,12,45,25000,3,0,0.447,0
5726.67,10,46,15000,3,20,0.086,0
445.33,8,46,25000,3,0,0.001,1
9040.67,10,26,40000,3,20,0.085,0
149853.67,6,26,80000,1,0,0.984,0
4.0,8,40,5000,2,0,0.0,1
17964.67,10,26,10000,2,20,0.986,0
41321.33,12,34,35000,1,0,0.579,0
65324.33,12,37,55000,3,20,0.618,0
17785.0,12,45,75000,2,0,0.111,0
432904.67,12,39,250000,1,0,0.838,0
29195.0,8,48,15000,2,20,0.956,1
10699.33,12,46,80000,3,0,0.156,0
40093.0,12,36,150000,2,0,0.259,0
141737.67,12,46,100000,3,0,0.774,0
1892.67,8,35,25000,2,0,0.053,0
47551.67,12,29,40000,2,0,0.761,0
117005.0,12,29,70000,2,20,0.876,0
65246.67,12,32,30000,3,0,1.0,1
27132.0,6,47,25000,3,20,0.507,0
30144.33,12,39,15000,2,0,0.992,0
28179.67,12,45,40000,2,0,0.36,0
49527.33,12,43,25000,2,20,1.0,0
1597.67,4,39,45000,2,20,0.028,0
78558.0,12,46,60000,2,0,0.669,0
51599.67,8,39,25000,2,30,1.0,1
79531.67,10,31,40000,2,20,0.949,0
5212.33,2,31,80000,1,0,0.019,0
4816.0,12,33,70000,2,0,0.002,0
25678.33,10,33,25000,2,0,0.669,0
41801.67,12,35,25000,2,0,0.81,0
26665.67,12,40,25000,3,0,0.396,0
3895.33,8,47,180000,2,0,0.001,0
34212.33,10,38,60000,2,20,0.423,0
115982.0,10,38,80000,3,20,0.708,1
8788.67,12,42,50000,2,0,0.082,0
107351.0,10,46,55000,2,20,0.962,0
0.0,0,30,150000,3,0,0.0,1
95016.67,12,31,55000,2,0,0.891,0
72515.33,12,31,110000,1,0,0.308,0
72629.67,12,31,50000,2,0,0.712,0
14943.67,6,28,25000,2,20,0.333,0
4373.67,2,28,70000,2,20,0.039,0
10566.0,12,43,25000,2,0,0.159,0
14131.0,12,28,15000,3,0,0.539,1
92232.67,12,30,85000,2,0,0.545,0
416.33,6,32,130000,2,0,0.005,1
2012.0,12,33,145000,2,0,0.008,1
34486.33,2,37,40000,2,20,0.651,1
908.0,12,35,80000,2,20,0.005,0
95880.0,8,40,50000,1,20,0.972,1
25846.33,8,37,20000,2,20,0.639,1
193944.0,12,35,145000,1,0,0.657,0
133695.67,10,42,80000,2,20,0.954,1
61281.67,8,36,70000,2,30,0.424,0
26850.0,2,45,40000,2,10,0.0,0
17111.33,4,42,15000,2,40,0.549,1
25000.33,10,46,35000,2,20,0.343,1
987.33,10,29,15000,2,0,0.014,1
24081.33,4,30,25000,2,0,0.696,1
39030.33,12,32,285000,1,0,0.084,0
96327.0,12,33,100000,4,0,0.464,0
2871.67,6,37,5000,2,40,0.33,0
57031.0,12,48,30000,3,0,0.978,1
87933.33,10,46,110000,2,20,0.395,1
61046.67,12,42,30000,2,0,1.0,1
151634.0,12,42,140000,2,20,0.661,1
9971.67,12,31,5000,2,0,1.0,0
195865.0,12,31,100000,1,0,0.959,0
61081.67,10,33,100000,2,0,0.519,1
78825.33,12,37,110000,2,0,0.369,0
162013.0,10,45,185000,2,20,0.419,0
21301.67,12,36,50000,2,0,0.259,0
112435.33,12,45,145000,2,0,0.5,0
0.0,0,43,10000,3,10,0.0,1
201599.0,12,36,100000,2,0,0.996,1
42913.0,10,33,55000,3,0,0.322,0
66083.67,12,41,40000,2,20,0.975,0
98225.33,12,36,50000,2,0,1.0,0
36884.0,12,39,25000,2,0,0.832,0
18154.33,8,30,10000,2,20,0.892,1
13862.67,12,33,150000,1,0,0.046,0
23966.67,0,41,80000,2,0,0.449,0
13379.33,12,40,40000,3,20,0.205,1
17014.0,8,34,15000,2,20,0.565,1
10364.0,10,37,15000,2,20,0.274,0
52633.0,12,36,30000,2,0,1.0,0
17057.33,10,32,100000,2,0,0.122,1
19054.0,12,41,25000,2,0,0.461,0
7084.33,12,45,25000,3,0,0.214,0
330.0,0,42,135000,2,10,0.0,0
28001.67,12,40,15000,3,20,0.926,1
35759.0,12,41,30000,2,0,0.577,1
836.0,8,28,30000,2,20,0.0,1
52607.67,12,39,25000,1,0,1.0,1
191427.0,8,37,110000,2,20,0.885,0
65580.0,12,36,25000,3,20,1.0,1
24165.67,8,33,15000,3,20,0.749,1
24467.67,12,33,140000,2,0,0.103,0
8002.0,6,35,60000,2,20,0.02,0
69451.0,10,39,60000,3,20,0.582,0
21518.67,12,41,35000,3,0,0.336,0
67340.0,12,39,275000,2,0,0.123,0
119215.67,12,36,110000,2,0,0.566,0
7021.33,12,45,170000,2,0,0.01,0
8055.67,12,32,55000,3,0,0.09,0
133594.67,12,34,70000,3,0,0.937,0
350796.67,12,41,180000,2,0,0.979,1
1547.33,12,30,145000,1,0,0.005,0
18458.33,8,48,100000,2,20,0.132,0
7927.67,10,38,30000,2,0,0.354,0
1012.67,12,43,20000,2,0,0.046,0
11577.0,10,29,60000,2,20,0.076,0
53489.0,12,38,40000,2,20,0.783,1
0.0,2,43,150000,2,0,0.0,1
8088.33,10,25,10000,2,0,0.173,1
32225.33,10,46,15000,2,20,1.0,1
159667.33,12,30,90000,1,0,0.971,0
111624.67,12,39,55000,2,0,1.0,0
126194.33,12,40,125000,2,0,0.486,0
136549.67,12,32,70000,2,0,0.983,0
78685.33,12,29,40000,2,20,0.955,1
19537.67,10,32,10000,3,20,0.927,0
14082.67,12,47,25000,3,0,0.239,0
11900.0,12,40,45000,3,0,0.156,0
15228.33,8,33,10000,2,0,0.864,0
141373.33,12,34,75000,2,0,0.812,0
3096.0,12,34,75000,1,0,0.021,0
4064.0,12,41,25000,3,0,0.061,1
683.67,4,47,45000,2,0,0.01,0
29109.0,12,40,175000,2,0,0.076,0
23089.67,10,38,15000,2,20,0.736,0
174.0,6,28,75000,1,10,0.0,0
119905.67,12,29,95000,1,0,0.997,1
4091.33,12,36,170000,2,0,0.009,0
39727.67,12,47,25000,2,0,0.991,0
31112.67,8,29,25000,2,20,0.614,1
0.0,2,30,140000,2,0,0.0,0
1302.0,12,31,115000,1,0,0.004,1
27771.0,8,31,200000,1,0,0.181,0
6906.67,12,37,95000,3,0,0.004,1
18805.33,8,31,85000,1,0,0.106,0
0.0,2,30,75000,1,10,0.0,1
99619.67,10,32,70000,1,20,0.697,1
37101.33,12,23,55000,2,0,0.344,0
5452.67,6,31,130000,1,0,0.062,0
20868.33,12,37,15000,2,20,0.835,0
94616.67,10,42,65000,3,20,0.735,1
97464.67,12,37,95000,3,0,0.232,0
7298.67,10,36,5000,2,20,0.708,1
6763.67,12,42,15000,2,20,0.176,1
124005.0,12,45,150000,1,0,0.409,0
11057.0,12,40,100000,2,0,0.049,0
133475.67,12,36,65000,3,0,1.0,0
5524.67,12,35,200000,3,0,0.004,1
96385.67,12,32,110000,2,0,0.426,0
0.0,4,34,50000,1,10,0.0,0
28350.0,12,38,40000,2,0,0.366,0
52787.33,12,34,25000,3,0,1.0,0
0.0,0,34,100000,1,10,0.0,0
330818.67,12,43,200000,2,0,0.997,0
34029.67,12,48,25000,2,0,0.946,0
4931.33,12,37,70000,3,0,0.033,0
7644.0,12,49,5000,2,0,0.867,0
2650.67,10,41,40000,3,0,0.044,0
139047.0,12,38,110000,1,0,0.619,0
79602.67,12,45,40000,2,0,0.976,0
78487.33,12,35,180000,1,0,0.263,1
17903.0,8,46,10000,2,20,0.819,1
11389.67,12,46,10000,2,0,0.532,0
19700.0,10,34,10000,3,20,0.969,0
51645.67,12,38,35000,2,0,0.72,0
20240.67,6,33,105000,2,0,0.141,0
120079.67,6,32,120000,2,0,0.638,0
33641.33,12,34,25000,2,0,0.493,0
23189.33,12,31,25000,2,0,0.34,0
0.0,2,38,115000,1,0,0.0,0
88040.67,12,45,60000,1,20,0.75,0
8556.67,10,44,90000,1,20,0.043,1
8510.0,12,38,145000,1,0,0.012,0
150207.33,12,47,80000,1,0,0.946,0
68821.0,8,43,40000,3,30,0.836,1
29887.0,8,31,25000,2,20,0.563,1
0.0,0,33,10000,3,10,0.0,1
31887.0,12,34,25000,2,0,0.669,1
63661.67,8,34,40000,2,20,0.795,1
29580.67,10,43,15000,3,20,1.0,0
7738.33,8,37,5000,2,30,0.762,1
5933.0,12,41,100000,2,0,0.075,0
56370.33,12,33,25000,2,0,0.989,0
480290.33,12,34,240000,2,0,1.0,1
28925.33,12,46,130000,2,0,0.11,0
121774.33,12,34,100000,1,0,0.648,0
0.0,6,40,105000,1,10,0.0,0
52229.0,10,41,35000,2,30,0.721,1
49563.67,10,43,25000,2,20,0.981,0
15011.67,10,45,10000,2,20,0.685,1
513.67,10,35,40000,2,0,0.005,0
6698.67,12,37,100000,3,0,0.054,0
9834.67,4,38,105000,1,0,0.14,0
43975.67,12,35,105000,3,0,0.379,0
2041.67,4,35,180000,1,0,0.01,0
61996.33,10,56,40000,2,20,0.722,1
3591.67,12,43,25000,3,0,0.065,0
2744.0,12,40,10000,2,0,0.157,0
37952.33,8,38,20000,2,30,0.88,1
31674.33,12,38,25000,2,20,0.6,1
132549.0,12,45,85000,2,20,0.784,0
82.0,4,37,155000,1,0,0.0,0
47900.33,8,24,25000,2,20,0.922,0
27304.0,8,25,15000,1,30,0.824,0
142883.33,12,45,100000,2,0,0.721,0
192007.0,12,38,130000,2,0,0.735,0
60724.0,10,29,40000,2,20,0.744,1
0.0,0,27,90000,2,10,0.0,0
3504.67,12,28,65000,1,0,0.023,0
183268.33,12,30,95000,1,20,0.93,1
107752.67,8,33,55000,2,20,0.959,0
45029.33,10,40,30000,2,20,0.715,1
36663.0,8,49,20000,3,20,0.894,0
1597.0,12,32,40000,2,0,0.024,0
46869.67,12,33,50000,4,0,0.426,0
96248.67,12,34,200000,2,0,0.238,0
57951.0,10,40,35000,2,20,0.813,1
2463.0,10,49,250000,2,0,0.007,0
126781.0,12,46,95000,3,0,0.654,0
6069.0,12,35,100000,2,0,0.023,0
93878.33,12,42,105000,2,0,0.523,0
182385.67,12,47,170000,2,0,0.577,0
125302.0,12,38,90000,1,0,0.089,0
7254.33,12,28,55000,2,0,0.091,0
7586.0,10,42,40000,3,20,0.143,0
10133.0,12,31,15000,3,0,0.313,0
2008.67,8,31,100000,1,20,0.015,0
52788.0,12,31,40000,2,0,0.642,0
43019.33,12,31,150000,1,0,0.115,1
200450.0,12,32,140000,1,0,0.768,0
428.0,8,32,55000,2,10,0.0,0
106637.0,12,33,65000,2,0,0.838,0
14387.67,12,32,250000,4,0,0.067,0
0.0,0,32,75000,2,10,0.0,0
10633.33,12,36,225000,2,0,0.027,0
157778.0,12,34,115000,2,0,0.727,0
80369.33,8,34,40000,2,30,0.936,0
399.0,12,34,130000,1,20,0.001,0
145536.67,12,34,75000,2,20,0.938,0
7760.0,0,35,25000,2,0,0.466,0
27689.0,12,35,15000,3,0,0.926,1
100561.0,6,41,50000,3,20,1.0,1
186327.33,10,43,95000,2,20,0.998,1
8704.33,12,34,65000,2,0,0.072,0
13301.67,4,38,15000,2,0,0.813,1
30132.33,10,38,15000,2,0,0.988,0
90928.33,8,44,55000,1,20,0.795,1
103150.67,10,39,60000,3,20,0.975,0
31941.0,12,41,15000,3,20,1.0,0
8074.67,12,36,15000,3,20,0.237,1
27515.67,6,42,15000,2,0,0.883,0
9054.0,8,45,5000,3,30,0.692,1
181006.33,12,32,200000,2,0,0.458,0
13365.33,4,32,10000,3,0,0.972,0
19065.0,12,36,10000,2,20,0.936,1
21056.33,12,33,250000,1,0,0.061,0
28967.33,6,33,15000,2,40,1.0,1
5027.0,2,33,25000,2,20,0.153,1
29449.67,12,33,15000,2,0,1.0,0
17058.0,10,33,15000,2,20,0.567,1
38919.0,12,33,55000,2,0,0.328,0
39391.0,10,34,50000,2,30,0.392,0
182900.0,12,36,100000,2,0,0.875,0
43307.0,12,40,55000,3,0,0.378,0
137623.0,10,38,70000,2,0,0.993,0
68196.0,12,45,35000,2,0,1.0,0
32396.67,12,37,65000,3,0,0.241,0
650.0,2,45,15000,2,20,0.013,0
87546.67,12,36,80000,3,20,0.58,0
36281.67,12,36,25000,4,0,0.926,0
4572.67,12,36,40000,2,10,0.059,0
48792.67,10,44,25000,3,20,0.94,0
30537.33,12,40,25000,3,0,0.626,0
4705.0,12,44,90000,2,20,0.019,0
147.0,4,42,65000,2,10,0.0,1
22620.67,12,47,210000,1,10,0.0,0
36858.33,0,44,70000,2,0,0.79,1
13699.33,8,42,10000,2,30,0.601,0
97084.67,10,40,100000,2,0,0.594,1
0.0,0,49,90000,1,0,0.0,0
21406.33,10,37,60000,3,20,0.165,0
178004.33,12,43,105000,2,0,0.908,0
24144.67,6,45,15000,2,20,0.772,1
71924.0,12,43,40000,2,0,0.912,0
84360.33,10,35,55000,2,20,0.781,0
49749.67,12,36,30000,2,0,1.0,1
48160.67,12,36,30000,2,0,0.999,0
18.0,0,37,70000,1,10,0.0,0
53945.0,12,35,30000,2,0,0.954,0
11.67,8,39,250000,1,0,0.0,1
376890.0,12,41,210000,2,0,0.89,1
16288.0,6,43,15000,2,20,0.526,1
5280.67,6,38,85000,3,0,0.025,0
447.33,8,49,100000,1,0,0.006,0
111579.0,12,45,80000,1,0,0.68,0
197748.67,12,35,100000,1,20,1.0,1
19158.33,12,43,10000,2,20,0.965,0
95572.67,12,39,95000,4,0,0.574,0
3273.0,4,45,35000,1,20,0.091,1
156434.67,10,33,110000,2,20,0.698,0
9928.33,10,34,250000,1,0,0.024,0
10036.0,10,37,105000,1,0,0.002,1
45683.33,10,31,25000,2,20,0.88,0
145927.33,12,38,80000,4,0,0.883,0
17754.67,10,39,10000,1,0,0.834,1
53909.0,10,37,35000,2,20,0.984,1
63068.67,12,40,110000,1,0,0.288,0
497.33,4,48,100000,2,0,0.005,0
120076.0,12,44,65000,3,0,0.995,0
17356.67,10,34,15000,2,20,0.564,0
2272.33,10,45,130000,1,10,0.019,0
63871.0,10,32,115000,3,20,0.728,0
0.0,0,33,120000,1,0,0.0,0
2530.33,12,32,130000,1,0,0.009,0
1071.67,4,33,180000,2,20,0.0,0
416.0,12,36,130000,1,0,0.002,0
5211.67,10,34,115000,2,0,0.014,0
446.0,12,35,150000,1,0,0.0,0
1090.0,10,45,70000,1,0,0.016,0
374947.0,12,38,190000,3,0,0.998,1
137149.0,12,31,95000,1,0,0.79,0
67932.0,12,31,250000,1,0,0.135,0
7477.33,6,39,100000,1,0,0.073,0
29300.67,12,37,155000,2,0,0.099,0
25890.67,12,49,15000,3,0,0.83,0
67533.0,12,49,140000,2,0,0.238,0
19408.67,10,42,40000,1,20,0.23,1
3657.33,10,35,75000,2,20,0.012,1
11825.33,6,48,15000,2,30,0.35,1
120141.33,12,41,85000,1,0,0.696,0
48237.0,12,42,55000,1,0,0.427,0
30300.67,10,46,15000,3,20,0.973,1
34448.67,10,33,45000,1,20,0.367,1
49913.33,12,40,25000,2,0,1.0,1
210.0,2,36,60000,1,20,0.004,1
18156.67,6,46,10000,3,20,0.925,0
342.67,12,42,110000,1,0,0.001,0
390.0,12,42,115000,2,0,0.002,0
1672.33,6,29,80000,1,20,0.007,1
92070.0,12,38,225000,2,0,0.195,0
2952.33,10,46,195000,1,0,0.017,0
35528.67,8,29,45000,2,20,0.388,0
53535.0,12,33,30000,2,0,0.934,1
2406.33,6,34,90000,2,0,0.019,1
12234.0,12,40,40000,3,0,0.089,0
717.67,10,43,90000,2,0,0.003,0
4870.67,10,46,160000,2,0,0.002,0
28633.33,10,36,160000,1,0,0.091,0
86200.33,12,39,50000,2,20,0.959,0
16870.0,12,42,10000,3,0,0.932,0
955.0,8,34,70000,3,0,0.002,0
576.67,10,39,50000,3,0,0.011,0
10387.0,8,44,5000,3,20,1.0,1
24774.33,12,36,15000,2,20,0.777,0
35804.67,12,39,25000,3,0,0.77,0
13211.67,12,44,10000,2,20,0.617,0
166.67,2,31,100000,2,10,0.0,0
21550.33,10,32,160000,2,0,0.138,1
648.0,10,37,180000,2,0,0.003,1
0.0,2,33,100000,1,10,0.0,0
139817.0,12,34,70000,3,0,0.988,0
96620.33,12,31,210000,1,0,0.305,0
23369.67,6,36,75000,1,20,0.138,0
9647.33,12,38,100000,2,0,0.075,0
1070.0,0,42,115000,2,0,0.014,0
20340.0,10,38,15000,2,20,0.632,0
31362.0,10,41,15000,2,0,1.0,0
19880.0,8,36,25000,1,20,0.38,0
258.0,4,44,205000,1,0,0.0,0
232043.0,12,43,140000,2,0,0.977,0
38483.33,12,46,100000,2,0,0.237,0
508.67,0,45,135000,1,0,0.006,0
26763.33,12,32,160000,1,0,0.064,0
50163.67,12,32,30000,2,0,0.953,0
127368.0,12,35,65000,2,0,0.969,0
25542.67,10,54,15000,3,20,0.81,1
166671.33,12,50,100000,3,0,0.811,0
3452.0,12,51,85000,2,0,0.018,0
116980.0,12,50,40000,4,20,1.0,0
0.0,4,50,250000,1,0,0.0,0
1011.67,10,47,25000,3,0,0.022,0
28616.33,8,50,45000,2,20,0.809,0
139401.0,12,50,175000,4,0,0.389,0
32663.33,10,52,55000,3,20,0.292,0
139172.0,12,50,60000,3,20,1.0,1
11500.67,12,55,15000,3,0,0.356,1
15444.0,10,53,15000,2,20,0.483,1
2270.33,0,51,125000,1,0,0.027,0
23415.0,10,52,25000,3,20,0.448,0
104827.0,12,53,80000,3,0,0.599,0
4616.0,10,49,70000,2,0,0.059,1
51671.33,10,51,40000,3,20,0.653,1
1396.67,6,53,5000,3,20,0.147,1
352.0,10,50,150000,4,20,0.002,0
45209.33,10,50,45000,2,20,0.483,0
0.0,2,51,10000,2,0,0.0,0
26889.67,12,53,15000,2,0,0.854,0
47023.67,12,50,40000,3,0,0.578,0
16455.0,6,54,10000,1,40,0.702,1
4714.67,12,55,10000,3,0,0.179,0
36284.33,12,53,25000,2,0,0.74,1
2057.33,10,60,60000,1,0,0.033,0
39788.67,12,47,15000,2,0,1.0,0
15698.0,8,56,15000,2,20,0.497,1
45116.0,12,55,40000,3,0,0.585,0
23029.0,10,55,25000,2,20,0.427,0
65349.0,12,56,40000,2,30,0.8,1
98125.0,10,52,50000,2,20,0.949,0
19645.0,12,62,15000,3,0,0.619,1
74719.0,12,51,65000,1,0,0.568,0
7505.33,8,54,10000,3,20,0.359,0
27383.33,0,57,40000,2,20,1.0,1
90134.0,12,51,50000,1,0,0.942,0
12820.67,10,50,10000,3,20,0.577,1
134435.0,12,51,60000,2,0,1.0,0
6163.0,8,53,25000,2,20,0.078,1
66301.33,12,59,40000,3,0,0.946,0
24180.0,12,54,45000,3,0,0.201,0
43566.33,12,47,30000,3,0,0.841,0
29286.33,8,50,50000,3,20,0.277,1
50289.67,12,50,25000,2,0,1.0,0
18520.67,10,53,15000,3,20,0.586,1
6140.67,12,58,120000,1,0,0.03,0
97930.33,12,47,100000,1,0,0.51,0
17592.0,12,50,65000,3,0,0.003,0
105519.33,10,50,55000,3,20,0.919,0
30304.67,12,51,25000,2,20,0.805,0
8765.0,12,56,10000,3,40,0.347,1
13977.0,12,69,25000,3,0,0.244,0
49372.0,10,54,40000,2,20,0.604,1
15945.0,12,52,10000,3,20,0.902,1
11202.33,8,56,10000,3,20,0.564,1
14200.33,8,53,15000,3,20,0.416,1
235295.33,12,59,120000,4,0,0.975,0
0.0,6,56,25000,3,10,0.0,1
1702.0,8,53,40000,3,0,0.029,0
609.67,8,56,90000,1,0,0.0,1
220330.67,12,55,120000,3,0,0.901,0
87188.33,12,54,60000,2,0,0.743,0
20031.33,4,21,10000,2,20,0.991,1
37809.33,4,33,50000,2,30,0.352,0
1050.0,0,22,15000,2,30,0.035,1
22209.0,6,23,15000,2,20,0.644,1
66525.33,12,22,25000,2,20,1.0,0
55716.67,12,23,50000,2,0,0.679,0
59950.0,12,23,40000,1,20,0.75,0
18066.0,8,54,30000,3,0,0.015,0
96437.0,10,25,60000,2,20,0.976,1
4411.33,12,32,10000,3,20,0.172,0
17173.67,8,26,10000,2,30,0.854,0
38855.0,12,26,25000,1,20,0.928,0
15317.0,10,23,25000,2,0,0.054,0
16559.33,12,24,25000,2,0,0.31,1
9259.67,6,23,5000,2,0,1.0,0
14666.33,8,24,10000,2,20,0.71,1
7155.67,12,25,15000,2,0,0.204,0
6301.67,10,25,5000,3,0,0.852,0
8086.33,4,22,5000,3,40,0.836,1
105598.33,12,23,75000,2,20,0.118,1
47623.0,10,24,40000,2,20,0.556,1
4171.0,10,24,10000,2,0,0.192,0
1968.67,8,24,60000,1,20,0.011,1
38490.67,12,24,20000,1,0,0.935,0
16484.67,12,24,10000,3,30,0.792,1
12426.0,12,24,50000,2,20,0.106,1
1251.33,10,25,80000,1,0,0.006,0
18527.33,4,24,10000,1,40,0.869,1
59885.67,10,24,30000,2,30,0.971,1
81326.0,12,27,75000,2,0,0.56,0
38213.0,10,24,20000,2,40,0.959,1
26402.67,12,26,15000,2,0,0.851,0
389563.0,12,26,210000,2,20,0.929,1
14440.33,6,26,10000,2,30,0.748,0
43372.67,6,25,25000,2,20,0.893,1
18027.33,8,23,10000,2,20,0.892,0
17901.67,12,24,10000,3,0,0.849,0
17086.0,8,28,10000,2,30,0.761,0
0.0,0,26,150000,1,0,0.0,0
24281.0,10,25,15000,1,20,0.747,0
103838.0,12,27,70000,1,0,0.213,0
20360.0,10,27,10000,2,0,1.0,0
362775.67,12,27,195000,1,0,0.956,0
37920.0,12,27,25000,2,0,0.79,0
5847.33,12,26,25000,2,0,0.139,0
48900.0,12,26,25000,2,0,0.96,0
272234.33,12,26,160000,2,0,0.949,0
272219.0,12,26,140000,1,0,0.992,0
39846.67,10,26,25000,1,20,0.763,1
128086.0,12,26,250000,2,0,0.253,0
1907.0,12,28,100000,1,0,0.012,0
0.0,0,28,25000,1,10,0.0,0
158.0,6,27,150000,2,0,0.0,0
22300.67,6,27,15000,2,20,0.743,0
48524.33,8,27,25000,2,20,0.982,1
3850.67,6,27,5000,2,40,0.346,1
8212.33,6,28,10000,3,30,0.403,1
44251.67,12,27,25000,3,0,0.994,0
26528.33,10,26,15000,2,20,0.93,0
100906.0,12,30,50000,1,0,1.0,1
25256.67,12,29,65000,1,0,0.074,0
17793.0,8,30,10000,2,20,0.845,0
10757.33,12,29,75000,1,20,0.05,0
42736.0,12,28,110000,2,0,0.173,0
2354.0,12,29,50000,2,10,0.0,0
117409.67,6,25,65000,2,0,0.922,1
21939.33,8,29,20000,2,20,0.513,0
2300.0,0,30,5000,1,70,0.23,1
291.0,6,30,145000,1,10,0.0,0
126544.0,12,27,90000,2,0,0.745,0
2003.33,12,27,140000,2,0,0.006,0
1650.0,0,27,15000,2,40,0.055,1
149719.0,12,29,155000,1,20,0.618,1
15575.67,12,28,35000,1,0,0.282,0
11039.33,10,28,60000,1,20,0.06,1
260.0,4,29,120000,2,0,0.002,0
46711.0,12,27,25000,2,0,0.936,0
60810.67,12,28,160000,1,0,0.249,0
27383.33,0,29,40000,2,0,1.0,0
12200.67,6,29,10000,2,20,0.579,1
64937.0,8,29,40000,2,20,0.897,0
1666.67,2,28,180000,2,20,0.0,0
45006.33,12,29,25000,2,0,0.884,0
4755.33,10,23,10000,2,0,0.229,1
5730.33,12,25,5000,2,40,0.536,0
73179.0,12,28,50000,2,0,0.726,0
64845.67,12,30,25000,2,0,0.956,0
390.0,2,24,15000,2,20,0.013,0
17183.67,12,24,10000,2,0,0.761,0
92206.0,10,28,35000,2,30,1.0,0
123.67,12,29,245000,1,0,0.001,0
26317.33,8,29,15000,1,20,0.842,1
15661.67,10,29,10000,1,0,0.797,0
1656.67,12,29,145000,1,0,0.003,0
1800.0,0,29,10000,3,50,0.09,0
2838.67,0,26,90000,1,0,0.047,1
88879.67,8,27,50000,2,0,1.0,0
24075.33,12,26,15000,2,0,0.803,1
183639.33,12,27,235000,1,0,0.454,0
50656.33,12,29,100000,2,0,0.3,0
50500.67,12,29,200000,1,0,0.003,0
94465.67,12,29,200000,2,0,0.199,0
48779.67,12,25,25000,2,0,0.967,0
11934.33,10,25,35000,2,30,0.173,0
27070.67,10,31,40000,3,20,0.346,0
34798.0,12,29,35000,1,20,0.483,1
150.0,2,28,10000,2,30,0.008,0
3293.33,8,28,5000,2,30,0.062,1
29374.0,10,30,215000,2,20,0.067,1
0.0,0,30,20000,2,0,0.0,0
151894.67,12,29,225000,2,0,0.399,0
8311.33,10,30,5000,3,20,0.921,1
8498.0,12,29,5000,2,0,0.907,0
4264.0,12,29,5000,2,20,0.292,0
79345.0,12,29,40000,1,0,0.988,0
68743.67,8,29,40000,3,40,0.87,1
224401.33,12,29,120000,2,0,0.962,0
97974.33,12,31,140000,2,0,0.821,0
2955.33,12,31,25000,2,0,0.005,0
39908.33,10,32,40000,1,20,0.47,0
0.0,0,29,10000,3,10,0.0,0
0.0,0,29,45000,2,10,0.0,1
4593.33,10,29,100000,1,0,0.04,0
2586.0,10,30,180000,1,20,0.006,0
1603.33,2,31,25000,2,20,0.029,0
70674.67,10,27,65000,1,20,0.566,1
64085.67,12,31,40000,3,0,0.814,0
5182.0,2,29,100000,2,0,0.045,1
10066.33,10,39,75000,2,20,0.066,0
344242.33,12,34,185000,1,0,1.0,0
52546.0,12,45,155000,2,0,0.403,0
26375.0,12,41,120000,1,0,0.101,0
113497.33,12,35,160000,1,20,0.334,0
49903.67,10,39,25000,2,30,1.0,0
37736.33,12,41,25000,2,0,0.971,0
16741.0,10,30,25000,3,20,0.308,1
74933.33,12,31,40000,1,0,0.91,0
90717.67,10,32,210000,1,20,0.216,0
31719.67,12,32,25000,1,20,0.611,1
30158.67,4,32,75000,2,20,0.603,1
30646.0,10,34,65000,1,0,0.232,1
48959.33,10,34,85000,2,20,0.282,0
168633.67,12,45,85000,3,0,0.972,0
10109.0,8,25,60000,2,20,0.093,0
29640.0,8,35,15000,3,20,0.972,1
5719.33,10,30,110000,2,20,0.028,0
20006.67,10,25,25000,2,20,0.396,1
9752.33,8,34,15000,2,20,0.351,1
118558.67,12,30,125000,1,0,0.296,0
14348.67,10,29,10000,2,0,0.661,1
9017.33,8,30,5000,3,30,0.747,1
44484.67,8,41,25000,2,0,1.0,0
21442.33,8,48,15000,3,30,0.655,1
13995.67,12,31,10000,2,20,0.676,1
185172.0,12,32,100000,2,0,0.983,0
7879.0,8,33,25000,1,20,0.143,0
276.0,8,35,60000,1,20,0.003,0
325.0,12,40,105000,1,0,0.002,1
180445.67,12,32,90000,3,0,1.0,0
18201.0,12,32,25000,2,0,0.392,0
32109.33,12,40,35000,3,0,0.6,0
546.67,0,44,100000,1,0,0.008,0
11518.33,6,46,25000,3,20,0.219,1
997.0,6,47,115000,2,0,0.004,0
20594.0,8,42,15000,1,20,0.674,1
22220.67,12,32,15000,2,0,0.696,0
143850.67,12,34,75000,2,0,1.0,0
3166.33,8,30,5000,2,0,0.147,1
6742.33,12,29,75000,1,0,0.031,0
0.0,4,34,180000,1,10,0.0,0
87814.0,12,38,170000,1,0,0.253,0
49138.33,12,34,25000,2,0,0.977,0
20790.67,12,39,15000,2,0,0.696,0
2352.33,10,34,180000,1,0,0.008,0
146816.33,12,46,75000,1,0,1.0,0
154078.67,8,28,80000,3,20,0.954,1
26287.67,10,39,15000,2,0,0.954,0
3706.67,10,47,240000,1,0,0.022,0
55836.67,12,45,100000,2,0,0.495,0
16114.33,10,39,25000,3,0,0.005,1
18531.33,8,32,10000,2,20,0.896,1
56072.67,12,44,30000,2,0,0.989,0
5333.33,4,26,100000,1,0,0.08,0
6917.67,2,27,10000,2,0,0.81,0
12577.0,12,35,220000,3,0,0.031,0
512.0,4,34,50000,1,20,0.008,0
96648.33,12,38,50000,2,0,0.959,0
14063.0,8,48,50000,2,20,0.116,0
1328.33,8,46,115000,3,0,0.006,0
14982.33,12,37,25000,1,0,0.264,0
35937.0,12,32,25000,2,0,0.843,0
14003.33,10,41,15000,2,20,0.47,0
68356.33,10,32,70000,2,30,0.485,1
50697.67,12,43,30000,3,0,0.93,0
27453.33,8,41,25000,3,20,0.538,0
237594.33,12,36,175000,2,0,0.713,0
12334.0,10,44,10000,3,20,0.581,1
20161.67,8,30,10000,2,0,0.816,0
49014.67,4,36,25000,2,20,0.934,0
19930.33,8,41,10000,2,20,0.998,1
25056.67,12,34,55000,3,0,0.216,0
265.0,0,44,100000,1,20,0.003,1
84526.33,12,46,130000,2,20,0.318,1
87973.0,10,36,75000,2,20,0.591,1
27318.0,12,33,25000,2,0,0.463,0
14295.33,10,35,75000,2,0,0.087,0
159716.0,10,35,125000,1,20,0.615,1
32054.67,12,49,25000,4,0,0.737,0
34985.33,12,47,25000,2,0,0.777,0
42210.67,10,44,25000,3,30,0.835,0
81029.33,8,40,40000,3,20,1.0,0
17739.0,10,49,10000,3,0,0.579,0
215789.67,6,47,110000,2,40,1.0,1
12624.0,6,39,60000,3,30,0.102,1
91625.33,12,39,100000,3,0,0.421,0
99671.67,12,47,15000,3,0,1.0,0
50257.67,12,43,25000,2,0,1.0,0
5879.33,10,42,25000,3,20,0.097,0
27196.67,12,45,115000,2,0,0.186,0
242388.0,12,33,140000,2,0,0.947,0
67205.67,12,43,35000,1,0,0.975,0
114717.0,8,40,60000,2,0,0.934,0
137310.33,12,39,85000,1,0,0.817,0
17584.33,10,41,15000,3,20,0.577,0
18566.0,4,33,10000,2,20,0.935,1
17231.0,12,35,10000,3,0,0.825,0
186969.67,12,39,110000,1,30,0.837,1
21679.33,8,44,25000,2,0,0.42,0
295485.0,12,46,150000,4,0,0.964,0
1500.0,6,29,215000,2,0,0.003,0
668.67,8,36,15000,2,20,0.041,1
15620.67,8,46,10000,3,0,0.704,0
114520.33,12,40,105000,1,0,0.57,0
49222.33,12,31,40000,2,0,0.593,1
28622.67,12,31,15000,3,0,0.942,0
163839.67,12,47,110000,1,20,0.753,1
23755.0,12,32,40000,2,0,0.284,0
57546.67,12,31,240000,2,0,0.115,0
78411.33,12,33,75000,1,0,0.627,0
35644.0,2,31,30000,3,20,0.604,0
24996.33,8,33,40000,2,20,0.312,1
48170.33,12,32,25000,2,0,0.937,0
34196.0,8,34,25000,3,20,0.676,1
174392.0,12,42,90000,3,0,0.983,0
11599.33,4,39,50000,2,0,0.106,1
254372.0,8,42,120000,3,20,1.0,0
47735.33,12,49,25000,3,0,0.987,1
9340.0,12,40,10000,3,0,0.408,0
45556.67,12,30,25000,2,0,0.972,0
3105.0,6,31,100000,2,0,0.035,0
18112.33,4,32,90000,2,0,0.127,0
0.0,0,33,160000,1,10,0.0,1
78079.67,10,48,100000,3,0,0.435,0
11650.33,10,41,10000,2,20,0.507,1
1974.33,8,38,100000,1,0,0.028,0
0.0,0,40,10000,3,10,0.0,0
49401.33,6,39,25000,2,30,1.0,0
49169.33,12,25,25000,2,0,1.0,1
39566.33,12,43,40000,2,0,0.558,0
35910.0,8,33,90000,1,0,0.268,0
6256.0,10,42,40000,3,0,0.0,0
87546.0,12,36,75000,2,30,0.58,0
12089.0,10,37,10000,2,0,0.042,0
1129.0,2,42,150000,1,0,0.006,0
26224.0,8,35,15000,2,30,0.853,0
36653.0,12,49,70000,2,0,0.256,0
9566.33,8,36,40000,1,30,0.105,1
12438.0,6,45,10000,2,0,0.662,0
68838.0,12,35,35000,2,0,0.991,1
263214.67,12,36,160000,2,0,0.994,0
10820.0,8,46,40000,2,20,0.391,0
27622.0,12,33,25000,2,0,0.562,0
12866.33,12,41,40000,2,0,0.198,0
51631.67,12,38,55000,3,0,0.479,0
49358.33,12,45,25000,2,0,0.991,0
12521.67,8,42,25000,3,20,0.207,1
16085.33,12,38,10000,2,0,0.748,0
63319.33,8,42,60000,1,20,0.53,0
24436.67,12,37,15000,2,0,0.781,0
8367.33,6,34,25000,2,0,0.172,0
22432.0,10,35,50000,3,20,0.237,1
150.0,4,35,25000,2,30,0.003,0
18809.67,4,34,15000,2,0,0.593,0
37950.33,8,38,20000,2,30,0.957,1
169643.0,10,39,95000,2,20,0.877,1
10057.33,10,39,5000,3,20,1.0,1
50006.33,12,43,25000,3,0,1.0,0
18022.0,12,34,10000,2,20,0.884,0
1887.33,12,37,60000,3,0,0.019,0
47140.33,12,43,25000,3,0,1.0,0
272624.67,12,31,155000,1,0,0.902,0
214002.67,12,45,120000,3,20,0.922,0
23761.33,4,47,25000,2,20,0.0,1
1455.33,12,40,105000,1,0,0.007,1
16796.0,8,31,30000,2,20,0.271,0
14210.33,10,31,10000,2,20,0.66,1
50158.33,10,43,25000,2,0,1.0,1
25327.33,12,39,15000,2,0,0.802,1
43726.0,10,29,30000,1,20,0.724,1
40703.0,2,29,45000,2,0,0.784,0
13437.0,10,32,15000,2,20,0.415,1
2379.0,0,37,15000,2,70,0.079,1
179415.33,10,39,110000,3,20,0.799,1
6002.33,2,39,125000,4,0,0.057,0
8515.67,10,42,225000,1,0,0.006,0
20940.0,6,34,15000,2,40,0.613,0
15679.67,12,37,110000,2,0,0.061,0
901.0,10,30,150000,1,0,0.003,0
135047.33,12,30,250000,2,0,0.271,0
14053.67,6,34,10000,2,20,0.755,0
36657.0,8,32,55000,2,0,0.382,0
10400.67,2,41,5000,3,40,1.0,0
9318.33,8,47,10000,2,20,0.428,1
1176.0,10,34,115000,2,0,0.006,0
16254.33,6,35,10000,2,20,0.783,1
2835.0,10,38,25000,2,0,0.039,0
68623.67,12,40,100000,1,0,0.33,0
0.0,2,37,40000,2,10,0.0,0
4182.67,12,43,25000,3,0,0.083,0
16946.67,8,49,25000,2,20,0.335,1
109054.0,12,29,55000,1,0,1.0,1
42353.33,12,38,55000,2,0,0.387,0
104363.33,12,36,110000,2,0,0.397,0
137592.67,12,38,70000,3,0,0.988,0
23996.0,4,43,25000,2,0,0.687,0
71425.33,8,40,50000,2,20,0.708,1
16201.33,12,38,10000,1,0,0.763,1
49793.67,12,32,25000,3,0,0.995,1
7776.67,0,33,20000,2,0,0.583,0
7558.67,12,34,90000,2,0,0.073,0
46802.67,12,34,40000,3,0,0.573,0
28012.0,12,34,15000,2,0,0.892,0
20676.33,12,35,115000,2,0,0.134,0
20136.0,8,41,10000,4,20,1.0,0
4230.67,12,44,175000,3,0,0.006,0
10236.0,6,38,10000,2,20,0.48,0
49174.67,12,36,65000,2,0,0.7,0
48374.67,12,37,25000,2,0,0.957,1
9925.67,10,44,50000,2,0,0.204,1
13286.0,12,40,10000,2,20,0.606,1
333.33,6,43,75000,1,0,0.007,0
112166.33,12,46,115000,2,0,0.51,0
35330.67,12,38,235000,1,0,0.071,1
43084.67,12,46,25000,2,0,0.874,0
41858.0,12,49,60000,3,0,0.995,1
18635.67,10,43,10000,2,20,0.862,1
8664.33,8,45,5000,2,20,0.795,0
7431.0,4,29,25000,1,20,0.158,1
6289.0,8,30,180000,1,0,0.003,0
100780.33,12,38,50000,4,0,1.0,0
5548.0,8,36,85000,1,0,0.05,0
16266.33,6,43,15000,2,20,0.49,1
2372.67,8,37,115000,1,20,0.0,1
118393.33,12,35,75000,1,0,0.767,0
766.67,4,37,130000,2,0,0.012,0
71825.0,12,48,40000,3,0,0.954,0
22032.0,12,43,10000,2,0,0.983,0
0.0,0,36,120000,1,10,0.0,1
48741.0,10,40,25000,2,20,0.981,1
44098.67,12,45,25000,1,0,0.859,0
61791.0,8,45,50000,2,20,0.658,1
17951.0,8,40,10000,3,0,0.844,0
118267.33,8,41,75000,1,20,0.778,1
16241.0,10,37,115000,2,0,0.051,0
18696.67,12,45,10000,2,0,0.974,0
30947.33,12,33,195000,2,0,0.077,0
600.0,0,36,40000,2,40,0.008,1
12.0,0,35,135000,1,10,0.0,0
16483.0,8,37,10000,2,0,0.771,0
155089.0,10,45,75000,2,30,1.0,0
48832.0,12,36,25000,1,0,0.995,0
58655.0,8,47,80000,1,30,0.367,1
192.67,8,33,180000,1,0,0.002,0
123964.0,12,40,75000,3,0,0.81,0
12995.33,12,46,250000,1,0,0.023,0
2576.0,10,35,110000,1,0,0.003,1
8776.67,10,46,140000,1,10,0.0,1
79289.67,10,38,15000,1,20,1.0,0
4032.33,12,36,250000,3,0,0.018,0
85.33,8,40,180000,2,0,0.0,0
26417.0,12,38,200000,1,20,0.092,0
5752.0,12,43,175000,2,0,0.017,0
15550.33,4,36,10000,2,40,0.778,1
109924.67,10,36,55000,2,20,1.0,0
29617.67,6,31,15000,3,30,1.0,1
20060.67,12,45,10000,2,0,0.993,1
0.0,0,42,90000,1,0,0.0,0
123270.0,12,48,70000,2,20,0.857,0
3735.0,10,43,150000,1,0,0.001,0
203891.33,12,41,120000,3,0,0.91,0
652.67,10,41,80000,2,0,0.002,1
52750.0,12,38,250000,2,0,0.098,0
49423.67,12,45,25000,2,0,1.0,0
27006.0,6,39,25000,2,30,0.522,0
2547.33,0,37,50000,1,0,0.076,0
3839.67,12,38,75000,2,0,0.045,0
189.33,10,36,145000,1,10,0.0,0
16777.67,8,37,10000,2,0,0.781,1
42199.67,10,33,25000,2,0,0.998,0
38725.0,12,39,40000,2,0,0.471,0
127799.0,12,42,70000,2,0,0.994,0
20259.67,12,33,130000,2,0,0.074,0
36330.33,8,37,75000,1,20,0.241,1
34141.67,12,37,150000,2,0,0.039,0
0.0,2,33,60000,1,10,0.0,0
18716.0,12,38,45000,2,0,0.196,0
200.0,4,42,100000,1,0,0.0,0
52139.67,10,32,70000,1,20,0.33,1
48972.67,10,45,25000,2,20,0.989,1
66.67,4,40,100000,1,10,0.0,0
181995.67,12,33,140000,1,0,0.597,0
425418.0,12,34,215000,1,0,0.969,0
189978.67,12,34,95000,3,0,0.988,0
36056.33,8,38,25000,3,20,0.776,0
108861.0,12,40,55000,2,0,0.968,0
11173.67,12,46,10000,3,0,0.489,0
51603.33,12,45,50000,3,0,0.104,0
6130.67,12,37,185000,1,0,0.035,0
6293.67,2,36,160000,4,0,0.009,0
48236.67,12,33,40000,1,0,0.569,0
0.0,4,35,50000,1,10,0.0,1
27908.33,12,42,90000,2,20,0.149,1
83017.0,12,46,45000,3,0,1.0,0
137237.33,12,39,85000,2,0,0.838,0
71475.33,12,50,40000,2,0,0.903,0
19167.0,12,50,10000,3,20,0.983,0
46037.0,12,60,25000,2,0,1.0,0
11571.0,4,50,10000,2,30,0.503,1
38398.67,12,64,195000,1,0,0.098,0
80295.33,12,59,40000,3,0,0.983,0
269027.33,12,51,175000,2,0,0.982,0
350483.33,12,51,160000,1,0,1.0,0
37529.33,10,52,25000,3,40,0.729,0
390.0,12,62,130000,2,0,0.002,0
173600.0,12,55,100000,2,0,0.846,0
775.33,4,49,15000,2,20,0.013,1
8309.33,12,55,10000,2,20,0.368,0
282819.33,12,50,160000,2,0,0.868,0
25009.67,6,52,15000,3,30,0.794,1
76345.67,12,50,45000,3,0,0.899,0
46815.0,12,52,90000,2,0,0.002,0
27030.33,12,50,25000,1,0,0.943,0
57915.0,12,52,30000,2,0,0.978,0
48491.0,12,53,25000,2,0,0.967,0
390.0,12,55,25000,3,0,0.008,0
2255.0,0,53,10000,3,70,0.113,1
8304.67,10,53,40000,3,20,0.12,0
1512.67,4,58,175000,1,0,0.001,0
101501.0,2,52,100000,2,0,0.753,0
10365.0,2,50,180000,2,0,0.079,0
17971.0,4,59,10000,3,40,0.818,1
31802.33,12,55,45000,3,0,0.342,0
233045.0,12,66,185000,3,0,0.698,0
125375.0,12,51,90000,1,20,0.746,1
16314.67,10,59,10000,3,20,0.764,1
24561.33,8,57,15000,1,30,0.765,1
58710.67,12,54,30000,3,0,0.974,0
119536.67,12,52,165000,2,0,0.364,0
162237.33,12,51,115000,2,20,0.89,0
17915.67,12,57,25000,3,20,0.366,0
17535.33,8,56,15000,4,0,0.969,0
39953.67,12,53,40000,1,0,0.491,0
10237.0,12,58,25000,2,20,0.175,1
8922.33,12,50,5000,2,20,1.0,0
117868.0,12,56,85000,4,0,0.507,0
390.0,12,61,25000,2,20,0.008,1
12428.67,8,57,10000,3,30,0.496,0
11370.0,6,50,10000,2,0,0.098,0
105942.67,10,50,95000,3,20,0.54,0
211486.0,6,50,135000,1,40,0.791,0
6848.67,10,51,240000,2,0,0.006,0
146097.67,12,52,190000,3,0,0.383,0
7334.33,2,49,10000,3,0,0.541,1
44255.33,8,48,25000,2,20,0.856,1
252382.0,12,52,140000,3,0,0.885,1
149394.33,12,65,120000,1,0,0.611,0
56877.0,12,54,55000,2,20,0.507,1
68166.0,10,53,100000,1,0,0.33,0
3690.33,12,56,70000,1,0,0.013,0
67990.0,12,53,130000,1,0,0.282,0
5310.0,6,57,65000,2,20,0.037,0
38404.67,10,54,25000,3,20,0.745,0
1746.0,12,55,150000,1,0,0.001,1
29695.67,8,54,15000,3,30,0.98,1
15549.67,12,58,25000,3,0,0.293,0
0.0,0,67,225000,1,0,0.0,1
40771.0,12,27,85000,2,0,0.288,0
41285.0,10,29,30000,2,20,0.673,1
30111.67,12,26,15000,3,0,1.0,0
2746.0,12,28,100000,1,0,0.017,0
27981.67,4,30,15000,2,30,0.957,0
812.0,6,30,50000,1,10,0.0,1
29417.0,10,35,15000,3,20,0.987,0
30996.33,12,24,75000,3,0,0.442,0
33.33,8,25,105000,1,0,0.0,0
753.33,12,28,150000,1,0,0.003,0
18696.0,12,22,25000,3,0,0.362,0
16796.67,8,33,180000,2,0,0.06,0
237461.0,12,28,120000,1,0,0.973,0
2574.33,12,30,130000,1,0,0.003,1
55026.0,12,33,70000,1,20,0.397,1
8750.0,6,21,5000,1,20,0.828,0
45963.67,12,22,25000,3,0,0.936,0
36103.33,10,22,25000,2,20,0.745,0
38822.67,6,22,25000,2,20,0.733,1
90550.33,12,23,70000,1,20,0.645,1
8295.33,12,27,10000,2,0,0.374,0
48841.33,12,24,25000,2,20,0.974,1
15412.67,2,23,15000,3,40,0.532,0
3155.0,8,22,25000,2,0,0.172,0
3621.33,12,23,65000,2,0,0.0,0
390.0,12,23,40000,1,0,0.005,0
25597.0,8,21,15000,2,0,0.934,0
25804.0,12,22,25000,2,0,0.496,0
1413.0,2,22,10000,2,10,0.192,1
62119.67,12,22,45000,3,0,0.763,0
29921.0,12,22,15000,1,0,0.979,0
19932.33,6,22,25000,2,30,0.382,0
66.67,10,24,75000,1,20,0.0,0
12989.0,8,24,10000,3,20,0.55,1
20064.33,12,24,15000,1,0,1.0,1
50411.67,8,24,25000,2,20,0.988,0
149221.67,12,30,200000,1,0,0.384,0
16739.33,12,23,10000,2,0,0.801,0
68636.67,12,23,35000,2,20,1.0,0
10320.0,10,23,10000,1,0,0.346,0
26617.33,10,23,15000,1,0,0.9,0
24934.33,10,23,15000,2,20,0.938,0
48021.67,12,24,40000,1,20,0.607,1
69892.67,12,24,40000,1,0,0.986,0
35142.33,10,24,20000,2,20,0.834,1
46074.33,12,23,35000,2,0,0.64,0
8358.0,10,22,5000,1,20,0.697,1
59524.33,10,24,30000,2,20,1.0,1
4630.0,10,22,25000,1,20,0.089,0
8519.0,12,23,40000,2,0,0.085,0
8874.33,12,23,35000,1,0,0.11,1
5269.0,10,22,15000,3,0,0.297,0
26826.67,10,22,15000,2,20,0.907,1
18658.67,12,25,10000,2,0,0.941,1
260.0,4,25,25000,1,0,0.008,1
27400.0,12,29,15000,2,0,0.898,0
50386.33,12,24,25000,2,0,1.0,0
42770.67,8,22,25000,1,20,0.852,0
42791.0,10,23,25000,3,20,0.835,1
0.0,0,23,25000,1,10,0.0,0
2400.0,0,23,5000,1,70,0.24,1
7921.0,12,24,5000,2,0,0.69,1
1299.0,12,24,55000,2,0,0.011,0
35814.33,12,24,70000,2,0,0.249,0
13315.0,10,24,10000,1,20,0.95,0
27207.0,12,24,15000,1,0,0.843,0
95096.33,10,24,50000,2,30,0.933,1
927.33,8,24,10000,1,20,0.058,0
24716.0,12,25,95000,2,0,0.137,0
22040.33,8,24,150000,2,0,0.087,0
47832.67,10,26,25000,2,20,0.936,1
30472.0,12,26,15000,3,20,1.0,0
1755.0,10,25,10000,1,0,0.227,1
40313.67,10,25,30000,2,0,0.051,1
64791.67,12,25,35000,2,0,0.965,0
33871.67,6,24,30000,2,30,0.578,1
35263.67,10,25,30000,2,20,0.56,1
28047.33,8,22,15000,2,20,1.0,1
26903.67,8,24,50000,2,20,0.684,1
70956.33,12,25,35000,3,20,1.0,1
22229.33,12,22,10000,2,0,1.0,1
38119.33,10,22,25000,2,20,0.767,0
41290.0,12,22,25000,3,20,0.805,0
16093.33,12,22,15000,2,0,0.484,0
29282.67,10,22,15000,3,20,0.993,1
26506.0,12,22,15000,2,0,0.85,1
59705.0,12,23,30000,2,20,0.982,1
15044.0,12,22,10000,2,0,0.983,1
49332.0,12,23,25000,3,20,1.0,0
27053.33,12,24,15000,1,0,0.935,0
29589.33,12,23,15000,1,20,0.968,1
18658.0,12,24,35000,1,20,0.274,0
101093.0,12,24,50000,2,0,1.0,0
7751.33,12,24,50000,2,0,0.071,0
5568.0,12,25,125000,2,0,0.021,0
94865.33,12,25,65000,2,0,0.978,0
48146.33,12,25,25000,1,20,0.981,1
135067.0,12,26,125000,2,20,0.497,0
48288.33,12,26,25000,2,0,1.0,1
40402.67,12,25,25000,1,0,0.77,0
0.0,0,24,115000,2,0,0.0,0
187244.0,10,25,100000,2,20,0.877,0
38832.0,12,23,25000,2,0,0.939,0
86852.67,10,24,50000,2,30,0.85,1
105158.33,10,24,70000,2,20,0.707,0
14655.0,12,24,10000,2,0,0.677,0
87654.67,12,25,50000,2,0,0.88,0
9903.67,12,25,120000,2,0,0.038,0
19450.67,12,25,10000,2,0,0.926,0
43354.33,12,25,25000,1,0,0.907,0
26619.0,8,25,25000,1,20,0.5,0
37130.33,12,25,30000,2,0,0.601,0
8107.0,8,22,5000,2,20,0.676,1
28509.33,8,23,15000,1,40,0.873,0
22666.67,6,23,15000,1,30,0.703,1
13520.0,10,23,30000,1,20,0.221,0
79588.33,12,25,40000,2,20,0.986,0
112889.67,12,25,65000,2,0,0.858,0
19872.67,8,25,15000,2,30,0.594,0
57959.33,12,23,30000,2,0,0.952,1
76293.33,8,24,40000,2,0,0.93,0
65838.33,12,24,115000,2,0,0.342,0
71784.67,12,25,40000,1,0,0.902,0
66679.67,12,24,35000,1,0,1.0,0
155330.67,12,25,110000,2,0,0.649,0
41789.0,12,25,25000,2,0,0.898,0
31553.67,12,24,105000,2,0,0.218,0
150.0,4,24,30000,2,30,0.002,1
29248.0,10,25,15000,2,20,0.977,1
41271.0,10,24,25000,2,20,0.873,0
25818.33,8,24,25000,2,20,0.48,0
38236.33,12,26,40000,1,0,0.467,0
58715.67,12,25,30000,3,0,1.0,1
16327.0,10,25,10000,2,0,0.769,1
48073.0,6,26,25000,3,0,0.942,0
20849.67,12,27,130000,1,0,0.092,0
8333.67,10,27,85000,2,0,0.002,1
16261.67,10,27,10000,2,0,0.762,0
19587.0,4,26,10000,2,20,1.0,0
88214.33,4,26,65000,2,0,0.021,0
70936.33,12,25,35000,2,0,1.0,0
794.0,10,26,60000,1,0,0.005,0
9737.0,12,26,105000,1,0,0.05,0
41579.33,10,27,25000,2,0,0.81,0
27746.0,12,27,15000,1,0,0.898,0
119085.33,12,27,75000,2,0,0.94,0
112184.67,12,27,150000,3,0,0.353,0
0.0,6,27,75000,2,10,0.0,0
26580.33,12,27,15000,2,40,0.852,1
43250.67,12,27,25000,2,0,0.97,0
79956.0,12,26,40000,1,0,0.975,0
14822.0,12,26,40000,2,0,0.168,0
25.0,8,26,30000,2,10,0.0,0
3.0,2,27,100000,1,0,0.0,0
151711.0,12,31,140000,2,0,0.527,0
49318.67,12,24,25000,2,20,0.952,0
23121.33,8,24,40000,2,20,0.281,1
20709.0,4,23,25000,2,0,0.665,0
18878.0,10,24,10000,1,0,0.946,0
43254.67,12,24,40000,1,20,0.498,1
16115.33,6,27,10000,3,30,0.8,1
106234.0,12,28,55000,2,0,0.965,0
10320.0,4,28,25000,1,0,0.628,0
92052.0,12,24,65000,3,0,0.693,1
3311.0,8,25,10000,1,20,0.091,1
840.33,12,25,65000,2,20,0.006,1
43997.0,10,25,25000,3,20,0.833,1
34635.0,12,25,25000,2,20,0.672,1
185791.0,12,26,65000,2,0,1.0,0
35398.67,6,26,40000,2,40,0.402,1
47552.0,12,28,115000,2,0,0.008,0
8386.67,12,28,250000,1,0,0.013,0
124207.33,12,27,80000,1,0,0.779,0
1853.33,0,27,75000,2,0,0.037,1
47681.33,8,27,30000,2,20,0.756,0
19591.33,8,27,25000,1,20,0.382,0
2966.33,12,27,5000,1,0,0.603,0
10526.0,12,28,70000,1,0,0.069,0
108554.33,12,30,90000,1,0,0.623,0
90564.67,12,28,130000,1,0,0.329,0
84988.0,10,27,45000,2,30,0.908,1
19638.0,10,29,10000,2,20,0.949,1
9452.0,6,26,15000,3,30,0.296,1
66186.33,12,26,210000,2,0,0.148,0
326.0,12,27,115000,2,0,0.001,0
58535.33,12,28,45000,2,0,0.663,0
170625.0,12,27,105000,2,20,0.813,1
75693.0,12,27,115000,2,0,0.32,0
79585.33,12,30,50000,2,0,0.858,0
9768.0,4,30,10000,3,0,0.615,0
20259.0,12,27,10000,3,0,1.0,0
35916.0,10,28,75000,3,0,0.235,0
11548.67,10,29,90000,1,20,0.057,0
18650.67,12,26,10000,1,0,0.896,0
14228.0,8,27,140000,1,20,0.067,0
48177.0,12,26,25000,3,0,0.938,0
29308.67,12,26,25000,3,0,0.72,0
7749.67,10,26,50000,2,20,0.066,0
5337.67,10,27,5000,2,20,0.515,0
81019.33,12,27,45000,1,0,0.954,0
900.33,10,29,60000,1,0,0.016,0
254314.67,10,29,125000,2,20,1.0,1
3617.33,10,29,90000,1,0,0.052,0
205115.33,12,29,175000,2,0,0.598,0
414.0,4,31,125000,2,20,0.005,0
99909.33,12,29,70000,2,0,0.715,0
390.0,12,28,25000,1,0,0.008,1
145235.0,8,28,75000,1,20,0.967,1
1964.0,2,28,80000,1,0,0.026,0
31808.33,12,28,65000,3,0,0.231,0
97769.0,12,26,170000,2,0,0.282,0
18759.33,12,26,130000,2,0,0.062,0
30789.0,12,26,55000,1,0,0.354,0
7409.33,12,29,200000,1,0,0.018,0
41678.67,10,29,35000,1,20,0.572,0
13846.0,6,31,10000,3,50,0.716,1
17794.67,8,28,30000,2,20,0.299,1
57190.67,10,29,40000,1,20,0.679,0
104556.0,12,31,75000,2,20,0.676,0
22643.33,12,29,100000,4,0,0.047,0
10842.33,12,29,55000,1,0,0.003,1
262476.33,12,29,225000,2,0,0.826,0
22994.33,12,29,80000,2,0,0.137,0
50427.67,10,28,75000,2,20,0.329,0
30702.33,12,28,15000,1,0,1.0,0
1462.67,10,29,80000,2,0,0.007,0
53956.67,12,29,70000,1,0,0.37,0
3149.0,10,28,25000,1,0,0.119,0
382933.33,8,27,195000,1,20,1.0,1
11444.0,4,28,150000,2,0,0.056,0
45119.67,8,29,25000,2,20,0.873,1
8864.0,10,29,35000,2,0,0.0,0
46676.67,10,28,85000,2,20,0.265,0
179.0,12,45,80000,3,0,0.001,0
33872.0,10,27,25000,1,30,0.681,1
30499.33,8,28,25000,2,20,0.772,0
4228.67,8,28,45000,1,0,0.031,0
3412.0,12,25,100000,1,0,0.045,0
16661.0,8,26,10000,2,0,0.785,0
22653.33,10,30,25000,2,20,0.622,0
13734.0,6,24,25000,2,20,0.255,1
27291.33,12,26,30000,3,0,0.457,0
12064.67,12,33,15000,2,0,0.368,0
650.0,10,30,180000,3,20,0.002,0
17357.67,10,22,10000,2,0,0.776,0
20563.67,8,23,15000,2,20,0.617,0
48451.33,12,25,40000,2,20,0.592,1
17297.67,12,22,10000,2,0,0.818,0
70164.0,12,25,35000,2,0,0.992,0
104441.33,12,26,60000,1,0,0.862,0
16905.67,10,26,10000,1,20,0.852,0
12239.0,8,22,10000,2,20,0.492,0
24517.67,12,23,85000,2,0,0.052,0
117763.0,12,24,65000,2,0,0.936,0
177270.33,12,32,90000,3,0,1.0,0
75902.0,12,30,120000,2,0,0.371,0
50605.33,12,27,25000,2,0,1.0,0
97186.0,12,39,50000,1,20,0.947,1
78614.67,8,33,40000,1,30,0.917,0
7126.33,4,46,5000,2,40,0.6,1
49835.33,12,35,25000,2,0,0.976,0
22672.33,8,35,40000,2,20,0.275,1
23239.33,10,39,20000,3,20,0.556,1
92948.67,10,40,45000,2,20,1.0,1
63131.0,12,40,85000,3,0,0.409,0
67393.33,12,49,25000,3,0,1.0,0
2400.0,0,41,5000,2,70,0.24,1
72423.33,10,34,35000,3,20,1.0,0
16781.33,12,38,10000,2,0,0.796,0
4597.33,10,36,60000,2,20,0.027,0
105396.0,12,38,55000,2,0,0.958,0
47972.33,8,36,25000,2,40,0.898,1
10304.0,10,34,55000,2,20,0.098,0
50559.0,10,37,25000,2,20,1.0,0
2500.0,0,31,180000,1,30,0.007,1
18090.0,4,38,10000,2,40,0.933,1
80943.0,12,42,90000,1,0,0.44,1
100645.0,12,37,50000,2,0,1.0,0
15847.0,6,37,10000,3,20,0.791,1
150898.67,10,39,75000,3,20,1.0,0
34540.67,12,27,30000,2,0,0.681,0
25540.0,8,29,40000,1,20,0.316,1
20327.67,8,47,30000,3,30,0.339,1
18820.0,12,43,10000,3,20,0.916,1
106417.33,12,33,55000,2,0,0.947,1
76543.0,10,41,50000,3,20,0.772,0
134941.0,2,37,140000,2,0,0.71,0
126379.67,12,36,65000,3,0,0.981,0
49371.0,12,29,25000,3,0,0.956,0
53993.67,12,33,30000,2,0,0.845,0
47277.67,12,34,35000,3,0,0.615,0
171060.67,4,46,120000,2,0,0.738,1
141057.33,10,31,155000,2,20,0.442,1
19808.67,12,33,10000,3,0,1.0,0
20117.33,10,37,25000,2,0,0.599,0
22632.0,12,33,25000,3,20,0.518,0
101876.0,12,34,65000,2,0,0.768,0
63261.67,12,30,115000,2,0,0.274,0
5382.0,12,31,190000,2,10,0.009,0
44285.67,12,32,80000,3,0,0.351,0
19181.0,10,32,10000,3,20,0.896,0
3015.67,6,33,75000,1,0,0.013,1
8516.0,12,32,45000,1,0,0.017,0
823.33,4,33,200000,1,0,0.0,0
67825.67,12,34,35000,2,0,0.956,0
44656.0,10,34,25000,2,20,0.873,0
4134.33,10,35,15000,2,10,0.0,0
18887.33,12,46,10000,2,0,0.956,0
12327.0,10,39,10000,3,30,0.436,1
0.0,0,37,65000,3,0,0.0,1
74706.0,10,41,40000,1,0,0.923,0
0.0,0,41,180000,1,0,0.0,1
1528.33,8,47,60000,3,0,0.013,0
187539.0,12,41,100000,3,0,0.921,0
10147.67,12,38,75000,2,0,0.046,0
16053.33,12,44,25000,2,0,0.544,0
80427.67,8,40,85000,3,20,1.0,1
68763.33,12,34,115000,2,0,0.894,0
26192.0,12,46,25000,2,0,0.502,1
161900.0,12,36,140000,1,0,0.562,0
14232.0,4,44,25000,2,0,0.265,0
29847.67,10,31,15000,3,30,1.0,0
1202.67,12,32,180000,1,0,0.0,0
1808.0,10,32,200000,2,0,0.016,1
102816.33,12,33,40000,3,0,1.0,0
17730.33,12,34,75000,2,0,0.124,0
60370.67,12,36,130000,2,0,0.227,0
96596.33,12,39,55000,3,0,0.977,0
47428.67,12,41,25000,1,0,0.955,0
11389.0,8,40,150000,2,0,0.035,0
18079.0,10,37,10000,2,20,0.821,1
145665.33,12,37,145000,2,20,0.485,1
1311.67,12,45,60000,2,0,0.003,0
347.0,6,40,10000,2,0,0.015,0
100.67,6,36,180000,2,0,0.0,1
7181.0,12,41,75000,1,0,0.053,0
87526.0,12,42,50000,1,20,0.992,1
67454.0,10,45,85000,1,0,0.431,0
1204.67,6,49,100000,3,10,0.0,1
6238.67,12,48,30000,3,0,0.08,1
18586.33,12,29,40000,2,0,0.245,0
39957.0,12,30,20000,3,20,1.0,0
46273.67,12,30,25000,1,20,0.981,1
18664.67,8,39,25000,3,20,0.401,1
6361.0,10,39,20000,2,0,0.012,0
97587.67,12,25,60000,2,40,0.789,0
139425.0,6,25,100000,1,30,0.669,1
17157.67,6,29,15000,2,20,0.75,0
2703.0,12,33,130000,4,0,0.009,0
99392.67,12,31,195000,2,20,0.264,0
143579.67,10,31,70000,1,20,1.0,1
79542.33,4,32,75000,2,60,0.542,0
29735.33,12,32,15000,3,0,1.0,0
91281.33,12,36,45000,2,0,1.0,0
19176.33,12,39,75000,2,0,0.113,0
23157.0,8,39,15000,2,20,0.74,0
141552.0,12,36,100000,2,0,0.693,0
1301.67,12,38,15000,1,0,0.041,0
16520.33,10,48,15000,3,20,0.494,1
21563.67,12,29,25000,2,0,0.402,0
26435.0,12,29,155000,2,0,0.086,0
1833.33,10,37,250000,1,10,0.0,0
18846.0,12,36,250000,3,0,0.056,0
12135.33,12,36,150000,2,0,0.021,0
151605.0,12,30,215000,3,0,0.466,0
3128.33,10,30,15000,1,20,0.128,0
28317.67,10,31,15000,3,20,0.889,0
3514.0,10,32,100000,1,0,0.0,0
126454.33,12,32,65000,3,0,0.975,0
924.0,4,33,60000,1,0,0.02,0
14003.67,4,31,85000,2,0,0.121,0
11423.33,12,34,105000,1,0,0.039,0
27187.0,4,34,65000,2,0,0.318,0
64854.0,12,35,210000,2,0,0.162,0
124940.67,12,39,90000,2,0,0.724,0
105674.0,12,40,120000,2,0,0.533,0
75906.67,6,44,50000,2,30,0.767,1
37955.33,12,45,65000,3,0,0.294,0
12663.67,8,43,10000,2,30,0.575,1
45484.33,12,46,25000,2,0,0.935,0
19983.67,12,38,35000,2,0,0.279,0
846.0,6,41,15000,3,0,0.056,0
42438.0,12,48,25000,3,0,0.837,1
121596.67,12,41,250000,3,0,0.239,0
8235.0,12,41,100000,1,0,0.003,0
27930.0,6,42,60000,2,30,0.215,1
96024.0,8,49,100000,2,0,0.379,0
85174.33,8,36,75000,2,20,0.624,1
2092.0,0,42,50000,2,20,0.033,0
9471.67,8,38,25000,2,20,0.16,0
47815.33,8,36,25000,2,30,0.944,1
49940.33,10,43,25000,1,20,0.996,1
288743.33,12,33,275000,1,0,0.614,0
838.67,10,35,15000,2,20,0.0,0
19057.67,12,39,75000,3,0,0.035,0
101048.67,8,27,70000,2,20,0.855,0
53454.33,12,48,25000,2,0,1.0,0
156957.0,12,39,80000,3,0,0.975,0
7456.67,12,26,25000,2,0,0.036,0
18761.67,12,28,25000,1,0,0.558,0
0.0,2,33,55000,1,0,0.0,0
47946.0,12,46,25000,3,20,0.934,1
264122.0,10,31,175000,2,20,0.799,0
24649.33,12,42,35000,2,0,0.345,0
172.33,8,38,105000,1,10,0.0,0
22410.67,8,36,90000,2,0,0.112,0
13915.33,10,28,15000,3,20,0.414,0
458774.33,12,31,315000,1,0,0.71,0
120068.33,12,41,110000,2,0,0.653,0
221189.67,12,44,140000,1,0,0.825,0
234706.0,12,40,170000,2,0,0.719,0
416.0,12,33,90000,1,20,0.002,1
24910.0,12,35,125000,2,0,0.03,0
16640.0,8,48,10000,2,30,0.855,1
101081.67,12,40,70000,2,0,0.732,0
74559.33,12,44,65000,2,20,0.555,1
55365.0,12,38,60000,1,0,0.547,0
0.0,0,42,180000,1,10,0.0,0
49207.67,12,43,120000,2,0,0.209,0
1354.33,12,40,155000,2,0,0.011,0
44111.33,8,46,50000,3,20,0.437,1
441.33,0,37,100000,1,0,0.007,0
73110.0,8,29,40000,2,20,0.908,0
7183.0,10,32,105000,1,0,0.095,0
0.0,0,31,90000,1,0,0.0,0
68019.33,12,33,35000,2,0,0.953,0
55029.0,12,36,30000,2,0,0.962,0
950.0,10,49,100000,1,0,0.005,0
5743.33,12,48,25000,2,0,0.018,0
4831.33,8,46,25000,3,30,0.167,1
68886.67,12,41,35000,2,20,0.985,0
17820.33,12,48,65000,2,0,0.181,0
0.0,0,47,70000,2,0,0.0,0
41505.33,12,36,175000,3,0,0.122,0
3446.0,6,30,75000,1,0,0.051,0
31973.0,12,39,25000,2,0,0.656,0
17807.0,2,47,25000,3,0,0.778,0
12986.33,12,36,15000,2,0,0.397,0
15344.67,12,38,10000,3,0,0.795,0
18500.67,12,33,25000,2,0,0.535,0
16069.33,12,47,15000,2,20,0.503,1
5157.67,10,47,115000,1,20,0.036,0
77629.0,10,43,35000,3,20,1.0,1
16317.33,12,49,15000,2,20,0.5,0
151263.0,10,33,75000,3,20,0.982,0
20368.0,12,38,20000,2,0,0.488,0
116705.33,12,31,125000,2,0,0.572,0
31404.33,8,46,100000,2,20,0.154,0
1131.67,10,31,95000,2,20,0.0,0
33070.67,12,33,195000,1,0,0.014,0
16526.33,10,36,10000,3,20,0.741,1
183154.0,12,47,100000,2,0,0.966,0
59516.33,12,38,30000,2,0,0.982,0
28770.67,8,39,15000,2,20,0.938,0
34910.0,12,38,115000,2,0,0.004,0
84609.0,12,33,65000,2,0,0.654,0
106172.0,12,44,70000,2,0,0.909,1
0.0,0,45,180000,1,10,0.0,0
6889.33,8,31,10000,1,30,0.309,1
1977.67,8,35,50000,2,0,0.01,0
0.0,0,45,105000,2,10,0.0,0
1444.33,12,32,25000,3,0,0.029,0
360314.0,12,44,190000,1,0,0.961,0
48133.33,12,39,25000,1,0,0.948,0
3872.0,12,30,100000,2,0,0.023,0
41240.67,12,30,25000,1,0,0.936,0
139590.33,12,31,75000,1,0,0.921,0
25020.67,12,32,15000,2,0,0.572,1
28438.0,8,34,15000,2,20,0.989,1
126304.0,12,39,55000,2,0,1.0,0
20936.33,10,38,15000,2,20,0.657,0
0.0,0,39,65000,2,10,0.0,0
233667.33,8,39,130000,2,20,0.918,1
27863.0,10,43,15000,2,20,0.942,1
131793.0,12,47,110000,2,0,0.626,0
26974.67,8,33,60000,1,0,0.296,1
54876.0,10,43,50000,2,20,0.511,0
91752.0,12,38,50000,2,0,0.882,1
76682.0,12,44,35000,2,0,1.0,1
13279.0,10,46,10000,2,20,0.663,1
9317.0,10,36,160000,1,20,0.025,0
212454.33,12,45,105000,2,0,0.998,0
82614.33,12,37,45000,3,0,0.868,0
94280.67,10,36,60000,3,20,0.766,0
82790.33,8,35,180000,2,0,0.354,0
95822.67,10,30,70000,3,20,0.665,0
2240.0,10,32,150000,1,0,0.01,0
520.0,6,43,45000,2,20,0.004,1
2134.0,6,44,85000,3,10,0.0,1
122066.67,12,46,95000,2,0,0.74,0
3200.67,10,40,70000,2,0,0.006,1
40011.67,10,37,100000,1,20,0.19,0
17825.67,8,43,250000,2,0,0.107,0
3073.33,10,38,150000,1,0,0.01,0
147197.0,12,29,90000,2,0,0.843,0
2265.67,12,44,180000,3,0,0.008,0
57024.33,12,32,45000,2,0,0.758,0
0.0,0,44,75000,2,0,0.0,0
169958.0,12,30,250000,1,0,0.449,0
25750.33,12,29,40000,2,0,0.31,0
2724.33,8,46,5000,3,20,0.447,1
13038.67,12,46,90000,1,0,0.053,0
122335.33,12,36,75000,4,0,0.966,0
9881.33,12,44,40000,1,0,0.184,0
14605.33,6,30,30000,2,20,0.236,1
380.0,10,35,120000,1,0,0.002,0
27323.0,8,35,25000,3,0,0.209,0
21284.0,12,33,115000,1,0,0.085,0
35100.0,10,33,20000,2,0,0.856,0
1666.67,0,33,125000,2,30,0.01,1
50339.33,8,32,25000,2,20,1.0,0
51508.0,10,39,60000,3,40,0.412,1
24029.33,10,41,25000,3,20,0.461,1
50203.33,12,38,30000,2,0,0.919,0
87075.0,12,35,80000,3,0,0.578,0
12366.67,4,43,25000,2,0,0.357,1
3837.33,10,48,200000,1,20,0.005,0
48097.67,12,39,25000,2,0,0.98,0
6215.0,12,31,50000,3,0,0.159,0
22928.67,12,34,50000,2,0,0.222,0
3906.67,8,35,180000,1,0,0.004,0
12163.67,12,41,15000,3,0,0.4,0
27645.33,6,32,25000,2,0,0.721,0
41431.33,12,28,40000,2,20,0.651,1
326.0,10,28,75000,2,0,0.002,0
9076.0,10,33,5000,3,20,0.771,0
8718.0,12,35,100000,2,0,0.019,0
1114.67,8,42,15000,2,20,0.028,0
155115.0,12,37,110000,1,0,0.692,0
165534.33,12,28,90000,1,0,0.898,0
185301.33,12,30,110000,1,0,0.93,0
266.33,10,29,110000,1,0,0.0,0
112946.67,12,33,195000,2,0,0.117,0
0.0,6,36,175000,2,10,0.0,0
378775.0,12,45,280000,2,0,0.669,1
235159.0,12,37,120000,1,0,0.724,1
7730.33,12,43,205000,2,0,0.017,0
0.0,2,36,45000,2,10,0.0,1
29218.33,10,31,15000,1,20,0.96,0
24709.0,10,33,20000,2,20,0.593,1
40255.33,12,46,30000,2,0,0.659,0
214617.33,12,41,195000,2,0,0.555,0
80740.0,12,35,65000,2,0,0.621,0
28514.0,10,32,45000,2,30,0.306,1
141808.67,12,36,150000,2,0,0.49,0
209088.33,12,33,110000,1,0,0.928,0
14735.33,6,33,10000,1,30,0.57,0
113672.33,12,35,70000,3,0,0.851,0
90571.33,12,47,75000,4,0,0.596,0
18137.67,12,44,60000,3,0,0.139,0
8230.67,8,37,100000,2,20,0.039,0
5352.67,10,40,10000,2,0,0.216,1
24714.33,6,41,55000,2,20,0.21,1
310410.67,12,34,145000,2,0,1.0,0
86919.67,12,45,105000,3,0,0.591,0
130932.67,10,40,185000,2,20,0.031,0
53956.33,12,41,40000,3,0,0.875,0
1261.0,12,42,100000,3,0,0.006,0
895.67,6,35,90000,2,0,0.007,0
132225.0,12,35,130000,2,0,0.505,0
19365.0,10,43,25000,2,20,0.342,1
5916.0,12,40,75000,3,0,0.039,0
78484.33,12,45,95000,3,0,0.402,0
18983.33,10,42,80000,2,0,0.087,0
67365.0,12,37,90000,2,0,0.596,0
8361.33,12,32,65000,2,0,0.057,0
29133.0,10,47,15000,2,20,0.904,0
32479.0,8,36,50000,2,20,0.322,1
16145.67,8,37,10000,2,20,0.809,1
1932.33,12,43,50000,2,0,0.016,0
10197.33,12,40,10000,2,0,0.524,0
7542.33,8,35,10000,2,20,0.294,1
17959.67,12,48,10000,3,0,0.867,0
32434.67,12,42,25000,3,20,0.628,1
41337.67,10,38,55000,2,20,0.378,1
51220.0,12,48,30000,2,0,0.847,1
42586.0,2,35,25000,2,20,1.0,0
184114.0,10,40,100000,1,20,0.928,1
0.0,0,48,180000,2,0,0.0,0
47687.67,12,35,55000,2,0,0.424,0
3381.67,12,46,115000,2,0,0.001,0
1666.67,2,39,90000,2,0,0.016,0
1496.67,4,31,90000,2,0,0.0,0
48269.67,12,42,25000,2,0,0.962,0
3300.33,12,39,285000,1,0,0.004,0
14852.33,10,45,15000,2,20,0.448,0
517.33,12,46,70000,2,0,0.002,0
4370.0,12,44,25000,2,0,0.067,1
46108.33,8,35,25000,1,20,0.89,1
78.0,10,35,60000,1,10,0.0,1
2627.67,10,35,60000,1,0,0.023,1
1878.33,12,45,25000,2,0,0.007,0
4176.0,10,40,90000,2,0,0.005,0
23883.33,0,42,40000,3,0,0.896,0
754.0,12,43,150000,1,0,0.0,0
443.33,0,37,40000,1,0,0.017,0
70822.0,12,34,35000,2,20,1.0,1
98845.0,12,40,160000,2,0,0.301,0
13612.67,12,35,250000,1,0,0.025,0
11052.33,8,35,125000,1,0,0.019,0
4887.33,12,46,115000,2,0,0.035,0
36496.33,12,45,40000,3,0,0.443,0
2484.33,6,40,85000,2,20,0.001,1
88057.67,12,31,55000,3,0,0.818,0
14523.67,2,31,120000,1,0,0.182,0
62762.67,12,46,75000,3,0,0.41,0
89685.33,12,37,45000,3,0,1.0,0
101527.33,12,36,50000,2,20,1.0,1
28675.67,10,42,15000,2,20,1.0,1
54361.33,2,40,40000,2,20,1.0,1
8568.33,12,49,130000,2,0,0.031,1
2241.0,12,43,100000,3,0,0.003,0
15102.67,8,39,10000,3,30,0.765,1
1195.0,12,31,80000,1,20,0.009,1
22032.67,10,38,35000,2,20,0.301,0
7473.67,12,43,10000,2,0,0.323,0
546.33,6,45,100000,1,0,0.003,0
367044.33,12,49,220000,3,0,0.878,0
20265.33,8,43,10000,3,40,1.0,0
104519.0,12,35,55000,1,0,0.981,0
125726.33,8,44,65000,3,0,0.94,0
43356.67,10,33,25000,2,20,0.815,0
0.0,6,35,145000,1,0,0.0,1
9487.0,12,38,240000,2,0,0.01,0
320.67,4,29,155000,1,0,0.003,0
25055.33,10,30,15000,2,20,0.802,1
69.0,4,39,250000,4,10,0.0,0
52714.0,8,31,40000,2,20,0.64,0
72398.33,12,32,50000,2,0,0.741,0
72154.0,12,37,35000,3,0,1.0,0
91573.33,12,43,105000,2,0,0.434,0
390.0,4,43,90000,3,0,0.004,0
49801.33,10,43,25000,2,20,1.0,0
44150.33,12,34,30000,1,0,0.658,0
11766.0,12,40,25000,2,0,0.097,0
46096.0,12,38,35000,3,20,0.843,0
85122.67,12,36,25000,2,0,1.0,0
360.0,12,42,175000,1,0,0.001,0
159465.33,12,45,85000,2,0,0.923,0
146373.67,10,32,90000,2,20,0.814,0
136102.67,12,30,110000,1,0,0.971,0
41686.67,12,30,40000,3,20,0.508,1
51530.67,12,33,180000,2,0,0.084,0
1187.0,12,31,250000,1,0,0.004,0
297831.33,12,31,205000,1,0,0.755,0
4320.67,2,32,40000,1,30,0.062,1
123576.67,12,33,90000,1,20,0.659,1
2033.33,12,31,140000,1,0,0.001,0
277.33,12,31,10000,1,0,0.021,0
29041.0,10,31,15000,2,30,0.969,1
401.0,2,31,100000,1,0,0.006,0
15631.33,6,32,90000,1,20,0.06,1
132522.33,12,33,70000,1,20,0.929,0
89842.0,10,29,65000,2,20,0.666,0
1122.0,2,30,10000,2,0,0.168,0
421.33,8,29,60000,1,20,0.005,1
34439.67,6,30,25000,2,0,0.715,0
17502.0,12,30,155000,2,0,0.044,0
29316.67,12,30,210000,1,0,0.11,0
10960.67,12,30,30000,2,0,0.18,0
0.0,0,30,70000,1,10,0.0,0
58688.67,10,30,40000,2,40,0.71,1
78738.67,12,31,110000,2,0,0.36,0
7790.33,2,33,180000,2,0,0.032,0
7725.0,10,29,145000,1,0,0.036,0
95784.0,10,30,130000,1,20,0.371,0
26656.0,12,29,85000,1,0,0.145,0
0.0,0,34,100000,1,0,0.0,1
121654.33,12,35,70000,2,0,0.913,0
163553.33,12,39,85000,2,0,0.949,0
142881.33,12,45,110000,1,0,0.647,0
252.0,8,44,115000,1,0,0.003,1
1566.0,6,38,180000,3,0,0.005,0
247504.0,12,36,170000,1,0,0.713,0
0.0,0,37,180000,1,0,0.0,1
92530.67,12,42,45000,3,0,1.0,0
124495.0,8,47,65000,2,20,0.953,1
390.0,8,41,40000,2,0,0.005,1
35121.67,12,41,200000,1,0,0.26,0
156536.0,12,43,120000,2,0,0.938,0
8250.67,6,46,5000,2,20,0.766,1
10197.0,10,41,120000,1,0,0.013,0
989.0,12,40,65000,1,0,0.008,0
19493.67,8,44,10000,3,20,1.0,0
32112.0,12,40,40000,2,0,0.464,0
100240.33,12,39,125000,2,0,0.841,0
29446.33,6,44,15000,2,40,0.962,0
255294.67,12,42,140000,2,0,0.913,0
3764.0,2,49,145000,2,20,0.0,0
20823.67,12,46,250000,3,0,0.048,0
52008.0,10,40,40000,2,20,0.792,0
101095.67,12,47,60000,2,0,0.817,0
41898.0,12,48,40000,2,0,0.619,0
179577.67,12,41,105000,2,0,1.0,0
97793.33,6,30,50000,2,20,0.966,1
1091.33,4,41,105000,1,10,0.0,0
186633.0,12,44,250000,2,0,0.386,0
64457.0,12,39,115000,1,0,0.276,0
23216.67,12,40,55000,2,0,0.212,0
110588.33,12,46,105000,1,0,0.538,0
80767.67,12,35,160000,2,0,0.193,0
95316.33,12,37,70000,2,0,1.0,0
38040.33,12,48,20000,1,0,0.964,0
65616.67,12,35,140000,1,20,0.0,0
192179.33,10,47,110000,1,0,0.958,0
72480.33,10,37,125000,2,0,0.236,0
40101.67,12,34,35000,1,0,0.521,0
63333.33,12,35,35000,1,0,0.854,0
1018.0,10,47,150000,1,0,0.002,1
71949.67,12,40,25000,3,0,1.0,0
75254.0,12,36,35000,1,0,1.0,0
49072.67,12,35,25000,3,0,0.999,0
56404.0,12,35,125000,2,20,0.372,1
116781.0,12,34,60000,2,0,0.994,0
53119.33,10,35,35000,1,20,0.731,1
424862.33,12,40,220000,1,0,0.946,0
92529.67,12,41,140000,1,0,0.345,0
180556.33,12,42,180000,1,0,0.486,0
213.0,8,43,75000,1,0,0.006,0
0.0,0,44,150000,3,0,0.0,1
8934.0,8,42,10000,2,20,0.42,0
6401.33,2,38,190000,2,0,0.033,0
157995.33,12,44,170000,2,0,0.708,0
168686.0,12,41,105000,2,0,0.788,0
55689.0,12,41,30000,2,20,0.941,1
16983.0,10,46,65000,1,0,0.118,0
18100.33,12,43,170000,1,0,0.047,0
15523.67,12,49,85000,2,0,0.075,0
4945.33,8,43,180000,2,20,0.025,0
4711.33,6,35,30000,2,20,0.053,0
2572.67,10,37,180000,1,0,0.016,0
12581.33,10,41,140000,2,0,0.034,0
1504.0,8,34,120000,1,20,0.012,0
5689.0,6,34,60000,1,20,0.142,0
92448.0,10,33,45000,1,20,1.0,0
101372.33,12,34,50000,1,0,1.0,0
0.0,2,34,205000,1,10,0.0,0
186792.33,12,43,95000,1,20,1.0,0
193818.67,10,36,110000,1,20,0.84,0
16854.33,8,44,45000,2,20,0.168,1
162980.0,12,30,60000,1,0,1.0,0
600.0,2,50,5000,3,30,0.06,1
368364.0,12,50,250000,1,0,0.758,0
41937.0,12,51,60000,2,0,0.04,0
43121.0,10,50,60000,2,20,0.319,0
4207.33,10,51,110000,1,20,0.01,1
519.0,8,50,120000,2,20,0.004,0
330.0,4,36,75000,1,10,0.0,0
15658.67,8,50,250000,1,0,0.044,0
2116.67,0,50,75000,1,0,0.042,0
58378.33,12,49,30000,2,0,0.982,0
29358.33,10,50,15000,3,20,0.982,1
129302.67,12,53,160000,2,0,0.999,0
2868.0,12,61,235000,1,0,0.0,0
11701.67,8,51,220000,1,0,0.059,0
46559.0,8,51,25000,2,30,0.893,0
19155.0,6,51,110000,2,0,0.164,0
0.0,4,54,180000,1,10,0.0,0
1854.33,2,58,45000,3,0,0.062,0
48959.67,10,60,25000,3,20,0.931,1
43571.67,12,56,25000,2,0,1.0,0
70728.33,6,58,145000,3,20,0.236,0
245506.67,12,50,175000,2,0,0.753,1
17169.0,8,52,55000,3,20,0.218,0
6308.0,10,53,20000,2,20,0.116,1
1026.0,4,59,25000,3,10,0.0,1
316.0,4,55,55000,1,20,0.006,0
1142.33,4,70,180000,3,20,0.005,0
526.67,8,63,100000,3,30,0.003,1
10261.67,12,53,70000,2,0,0.058,0
0.0,0,61,40000,2,10,0.0,1
779.33,6,56,130000,2,0,0.009,0
7785.33,6,56,170000,1,0,0.016,1
11838.0,6,58,15000,2,20,0.374,1
24328.33,8,54,15000,3,40,0.738,0
187573.33,12,50,220000,3,0,0.57,0
3435.33,8,52,5000,3,20,0.246,0
5946.0,12,55,115000,2,0,0.032,0
673.33,2,61,25000,3,0,0.04,0
138217.33,12,54,75000,2,0,0.925,0
24094.67,12,55,165000,3,0,0.065,0
59661.33,6,50,185000,3,0,0.131,0
100113.67,12,53,65000,3,0,0.778,0
2400.0,0,51,5000,3,70,0.24,1
274117.0,12,54,180000,2,0,0.771,0
0.0,0,61,10000,3,10,0.0,1
168865.33,12,52,90000,3,0,0.961,0
36544.33,12,62,40000,3,0,0.451,0
42008.33,12,55,25000,2,20,0.834,1
153132.0,12,64,75000,1,20,1.0,0
24570.33,6,56,15000,3,30,0.839,0
6403.0,12,52,25000,3,0,0.12,0
18525.33,10,56,10000,2,0,0.899,0
122041.0,12,55,65000,3,0,0.895,0
243710.33,12,53,160000,3,0,0.589,0
0.0,0,62,150000,3,0,0.0,0
269756.67,12,53,165000,1,0,0.924,0
50672.33,12,53,25000,2,0,1.0,0
11097.0,12,60,35000,3,0,0.144,0
68712.67,12,58,35000,3,0,1.0,0
97680.33,12,58,50000,3,0,0.968,0
93827.0,8,54,55000,2,20,0.864,1
86699.67,10,58,50000,2,20,0.867,1
1204.33,2,53,80000,3,20,0.0,0
5682.33,12,55,35000,3,0,0.067,0
56871.67,6,59,30000,2,50,0.908,0
70896.67,12,61,40000,2,0,0.927,0
3943.67,8,60,50000,3,30,0.022,0
0.0,2,66,115000,1,10,0.0,1
9909.0,12,64,30000,3,0,0.258,0
1443.0,12,58,80000,2,0,0.009,0
14568.0,4,55,15000,2,0,0.451,1
319764.0,10,62,155000,1,20,1.0,0
58918.33,12,46,30000,2,0,0.958,0
28172.67,6,64,25000,2,30,0.569,0
98146.67,12,58,70000,3,20,0.707,0
520.0,4,27,10000,2,20,0.039,0
58.0,8,38,5000,2,10,0.0,0
6908.67,12,29,40000,2,0,0.128,0
33940.67,12,24,25000,3,0,0.815,0
67610.0,10,51,80000,2,20,0.408,1
0.0,0,51,250000,1,10,0.0,0
356182.33,10,54,235000,2,20,0.763,0
6598.0,8,54,105000,1,0,0.007,0
3358.67,4,23,25000,3,20,0.036,1
27342.67,12,24,15000,1,20,0.967,1
17126.33,12,23,25000,1,0,0.373,0
74877.0,12,24,40000,1,0,0.965,0
28224.0,10,23,15000,2,20,0.906,1
49198.67,8,24,40000,4,0,0.662,0
5750.67,12,28,75000,1,0,0.039,0
148438.67,12,27,85000,2,0,0.995,0
18076.0,12,30,110000,2,0,0.072,0
21310.67,8,35,15000,2,20,0.63,1
291.0,12,23,50000,2,0,0.003,0
1050.0,0,24,5000,2,30,0.105,1
4865.0,10,24,70000,2,0,0.045,1
24485.0,6,24,25000,2,20,0.519,0
8970.33,12,22,10000,2,20,0.439,0
7450.0,6,22,5000,2,20,0.683,1
47400.67,12,24,25000,2,0,1.0,0
5360.33,8,22,5000,3,10,0.0,0
30438.33,8,23,15000,2,0,1.0,0
49071.67,12,23,25000,2,0,0.986,0
89430.67,12,24,50000,2,0,0.875,1
18718.0,10,24,10000,3,0,0.933,0
12528.0,2,25,10000,2,0,0.879,0
32624.67,12,25,50000,2,0,0.492,0
16197.67,12,25,25000,2,20,0.31,1
34957.0,12,24,50000,1,0,0.339,0
24326.67,10,25,15000,3,20,0.781,1
40268.0,12,25,25000,2,0,0.845,1
3116.0,0,25,25000,2,0,0.0,1
64266.67,10,25,25000,1,0,1.0,0
34832.0,12,23,25000,4,0,0.848,0
48440.33,8,25,25000,1,0,0.977,0
50223.33,12,25,25000,2,0,1.0,0
39680.0,12,26,190000,2,0,0.171,0
6964.67,10,24,25000,1,20,0.11,1
30757.33,6,24,15000,2,40,1.0,0
270.33,4,25,75000,2,0,0.006,0
14301.0,12,25,90000,2,0,0.072,0
79230.67,12,26,40000,3,0,0.994,1
101569.33,8,24,55000,2,20,0.895,1
24159.33,10,25,15000,3,0,0.769,0
25721.67,8,25,55000,2,20,0.213,1
27831.33,8,26,140000,2,0,0.186,0
6316.67,12,23,5000,2,0,0.558,1
1112.0,8,23,5000,2,0,0.147,0
16410.0,8,24,10000,2,20,0.812,0
73795.33,12,26,85000,2,0,0.505,0
20803.0,10,26,10000,3,30,1.0,1
117026.67,12,22,65000,2,0,0.927,0
199842.67,10,26,100000,1,20,0.985,1
115808.33,12,26,125000,2,0,0.462,0
47145.0,10,27,40000,2,20,0.604,0
7848.0,12,27,90000,1,0,0.018,0
71480.33,12,28,60000,2,0,0.584,0
16609.67,2,26,10000,2,20,0.808,0
27800.67,12,26,75000,1,0,0.176,0
3523.0,12,26,95000,2,0,0.012,0
43837.0,12,27,105000,1,0,0.203,0
147722.0,12,27,90000,2,0,0.818,0
44555.0,10,28,25000,2,20,0.969,0
94273.67,12,25,70000,1,0,0.66,0
983.33,2,26,40000,2,0,0.037,0
69210.0,12,27,40000,2,0,1.0,1
78292.67,6,25,40000,2,20,0.961,0
10358.0,12,28,10000,2,0,0.436,0
2400.0,0,26,5000,2,70,0.24,1
14254.33,4,26,15000,2,30,0.492,1
8724.0,12,27,120000,1,0,0.081,0
33467.0,12,28,25000,2,10,0.0,0
13768.0,12,26,45000,2,20,0.005,1
41724.0,12,28,30000,1,0,0.68,0
10657.33,12,28,50000,2,0,0.091,1
4121.0,12,28,60000,1,0,0.039,0
2620.0,12,28,5000,2,0,0.147,0
27024.0,8,28,35000,2,20,0.377,1
26128.33,12,28,30000,1,0,0.435,0
40000.0,0,29,65000,1,0,0.923,0
2400.0,0,30,15000,3,70,0.08,1
12054.0,10,30,180000,1,0,0.006,0
23094.67,12,30,40000,2,0,0.391,0
17121.67,12,27,10000,2,0,0.8,0
10539.67,10,28,25000,2,20,0.172,0
0.0,0,27,40000,3,10,0.0,1
390.0,2,27,75000,1,0,0.003,0
27547.67,10,27,30000,2,20,0.441,0
59935.67,12,28,110000,2,0,0.269,0
6873.0,10,23,5000,3,0,0.581,0
46861.0,12,26,25000,2,20,0.992,0
48992.0,12,26,25000,1,0,0.978,0
23561.0,12,28,110000,1,0,0.102,0
1261.0,12,29,225000,1,10,0.003,0
162977.0,8,33,120000,2,20,0.719,0
40155.67,10,29,250000,2,0,0.079,0
57230.0,12,28,85000,1,0,0.33,0
44804.33,10,29,50000,2,20,0.435,1
1566.67,10,29,30000,1,20,0.014,0
4265.67,12,30,100000,1,0,0.033,0
187279.0,12,27,100000,2,20,0.948,1
5300.0,10,28,10000,1,20,0.16,0
40569.33,10,27,20000,2,30,1.0,1
90422.67,12,27,55000,1,0,0.795,0
9864.67,12,27,5000,2,0,1.0,0
33339.0,12,28,50000,2,0,0.325,0
34717.67,0,28,25000,2,20,1.0,0
10037.67,12,28,15000,3,0,0.369,0
0.0,2,28,15000,2,10,0.0,0
400.0,0,29,25000,2,40,0.008,0
5577.0,10,29,10000,3,20,0.298,1
18074.33,6,30,25000,2,0,0.533,0
61277.33,10,28,30000,2,20,1.0,1
3582.0,8,32,25000,2,20,0.029,1
70657.0,10,34,65000,3,20,0.534,1
15539.33,8,25,10000,2,20,0.71,1
57212.0,8,28,50000,2,20,0.586,1
10582.33,12,38,10000,2,0,0.417,1
148969.0,12,44,75000,3,0,1.0,0
63967.67,12,33,35000,1,0,0.894,0
5740.33,10,40,125000,1,0,0.029,0
39257.33,12,32,25000,3,30,0.76,1
86362.0,12,34,45000,2,0,0.96,1
71600.0,12,32,45000,2,0,0.82,0
89213.33,8,33,60000,1,20,0.728,1
8213.33,2,25,120000,2,0,0.103,0
39197.33,12,25,25000,2,0,0.876,1
83385.33,10,29,50000,2,30,0.818,1
283027.33,12,49,195000,3,0,0.725,0
43125.0,12,36,25000,3,20,0.942,1
25609.67,8,44,20000,2,20,0.607,1
193103.33,12,38,95000,2,0,1.0,0
1050.0,0,40,5000,2,30,0.105,1
8190.0,6,44,5000,2,20,0.67,0
10642.33,12,30,90000,1,0,0.022,0
174195.0,12,31,115000,2,0,0.739,0
14189.33,8,31,10000,2,20,0.611,0
244723.67,10,32,115000,2,20,1.0,1
193177.0,12,32,100000,1,0,0.953,0
52120.33,12,34,235000,1,0,0.122,0
83944.0,10,45,75000,1,0,0.723,0
71223.0,12,37,35000,3,0,1.0,0
48221.0,12,37,25000,2,0,0.989,0
82652.33,12,35,40000,1,0,0.947,0
315353.0,12,40,165000,1,0,0.937,0
133208.0,12,33,70000,2,0,0.952,0
44338.0,10,44,35000,2,20,0.619,1
36888.67,12,32,140000,2,0,0.125,0
89686.67,12,30,75000,3,0,0.535,0
78537.0,12,35,40000,2,0,0.998,0
9333.33,10,42,60000,1,20,0.064,1
15717.67,10,45,25000,2,20,0.29,0
4009.33,10,43,115000,2,20,0.015,0
0.0,2,36,80000,2,10,0.0,0
29253.0,8,37,25000,3,0,0.579,0
76385.0,12,49,50000,3,0,0.822,0
93809.0,6,43,100000,2,30,0.473,1
146101.67,10,36,85000,2,20,0.935,0
24696.67,12,43,25000,2,0,0.508,0
0.0,0,46,100000,3,0,0.0,0
1233.33,6,39,100000,2,0,0.008,0
43391.67,12,41,25000,3,0,0.868,0
34635.33,10,45,25000,3,0,0.719,0
10546.0,4,39,150000,2,0,0.1,0
30982.67,12,32,65000,2,0,0.165,0
67368.0,6,33,40000,1,20,0.84,1
31089.33,10,34,60000,1,20,0.273,0
132948.33,12,32,70000,1,0,0.93,1
115433.33,10,48,110000,1,20,0.514,0
91047.0,12,32,35000,2,0,1.0,1
13698.0,8,45,10000,3,0,0.921,0
164.0,10,49,100000,1,10,0.0,0
6887.0,10,31,10000,2,20,0.316,1
62942.0,12,32,255000,1,0,0.125,0
19516.67,8,34,225000,1,20,0.095,0
45673.33,12,34,25000,2,0,0.909,0
61431.67,8,48,60000,2,0,0.514,0
0.0,0,45,25000,3,10,0.0,1
2763.33,6,31,140000,2,0,0.017,0
21660.67,4,33,15000,1,40,0.743,1
5788.0,8,35,10000,2,20,0.283,0
64693.0,12,42,40000,2,0,0.978,0
47958.0,12,45,60000,2,0,0.438,0
186734.33,12,38,185000,2,0,0.512,0
25084.33,12,45,25000,2,0,0.607,0
20277.67,12,39,10000,3,0,1.0,0
61087.67,12,36,80000,2,0,0.373,0
170194.33,12,44,85000,3,0,0.983,0
3663.0,6,36,50000,2,0,0.021,0
3585.33,12,42,105000,1,0,0.013,0
46928.67,12,32,50000,3,0,0.545,0
219007.67,12,33,115000,1,0,0.93,1
3661.33,8,38,120000,1,30,0.026,0
130992.0,12,36,120000,3,0,0.563,0
43813.67,12,48,25000,2,20,0.857,1
79834.0,12,46,40000,2,0,0.996,0
64709.67,12,41,25000,3,0,1.0,0
34631.0,12,36,25000,2,0,0.878,0
243672.33,12,37,220000,1,0,0.423,0
32215.0,12,42,110000,3,0,0.121,0
5737.67,10,30,35000,1,0,0.231,0
3149.33,12,32,120000,1,0,0.013,0
41469.67,12,42,180000,3,0,0.146,0
10974.67,6,32,180000,1,0,0.025,0
173520.67,10,33,40000,1,20,1.0,0
13692.0,12,36,15000,2,20,0.44,1
99941.33,10,37,80000,2,20,0.624,1
160205.67,10,39,75000,2,20,1.0,1
49217.0,12,30,50000,2,0,0.558,0
33606.0,8,33,35000,2,80,0.374,0
241863.0,12,35,150000,2,0,0.807,0
28598.33,8,39,45000,2,20,0.294,1
4891.67,12,46,400000,1,0,0.008,0
37994.33,12,40,180000,2,0,0.102,0
85765.0,8,41,45000,2,20,0.963,1
294348.33,12,43,150000,3,0,1.0,1
19481.33,8,46,15000,3,20,0.651,1
48477.0,12,37,25000,2,0,0.971,0
59345.0,10,30,55000,2,30,0.495,1
159657.67,12,37,40000,1,0,1.0,0
140541.67,12,31,70000,2,20,0.957,0
33193.33,10,44,25000,2,0,0.973,0
14349.67,10,40,10000,3,20,0.66,0
48635.67,12,46,25000,3,0,0.961,0
0.0,0,34,25000,1,10,0.0,0
120231.33,10,48,65000,2,30,0.926,1
46867.67,10,45,45000,2,20,0.518,0
726.67,0,44,15000,3,0,0.073,0
33935.0,12,49,25000,2,0,0.667,1
301.67,2,39,85000,1,0,0.0,0
41634.67,8,31,145000,1,20,0.155,1
13144.33,8,47,10000,3,0,0.801,0
121364.0,12,38,90000,1,20,0.634,1
396.0,12,35,180000,1,10,0.001,0
10941.0,12,31,10000,3,0,0.361,0
187894.0,12,33,70000,2,0,1.0,0
54314.0,10,34,45000,2,0,0.59,0
37072.0,12,40,60000,2,0,0.297,0
16404.67,12,31,80000,1,0,0.153,0
204903.33,8,32,140000,2,20,0.729,1
3934.0,8,46,250000,1,0,0.002,0
79279.67,10,38,50000,2,20,1.0,1
107920.33,12,31,80000,3,0,0.681,0
15246.33,12,42,10000,2,0,0.706,0
49922.33,8,39,200000,1,20,0.123,0
29680.67,8,45,15000,2,40,0.962,0
3620.67,12,47,25000,3,0,0.057,0
74730.0,6,40,35000,2,20,1.0,0
45096.67,10,42,55000,2,20,0.413,0
68780.33,12,44,25000,2,0,1.0,0
3932.67,12,40,85000,2,0,0.027,0
29170.0,8,33,15000,1,0,0.957,0
9698.0,10,29,25000,3,0,0.191,0
520.0,0,30,25000,2,20,0.016,1
0.0,0,44,45000,3,10,0.0,1
32718.67,8,40,55000,2,20,0.282,0
49274.67,12,46,120000,2,0,0.197,0
1478.33,10,42,180000,3,0,0.0,0
193253.33,12,45,145000,2,0,0.733,0
3582.33,2,39,90000,1,0,0.028,0
151613.0,12,43,90000,2,0,0.882,0
47163.0,10,43,25000,2,0,0.953,0
15143.33,12,47,250000,1,0,0.043,0
7138.0,10,35,25000,2,20,0.104,1
52955.0,0,37,25000,3,50,1.0,0
900.33,12,32,200000,1,0,0.001,0
229102.67,12,34,120000,2,0,0.94,0
44252.0,12,31,75000,2,0,0.429,0
17026.33,6,31,25000,3,30,0.304,1
111.33,10,34,75000,1,10,0.0,0
8807.33,10,41,25000,3,20,0.052,1
3523.0,12,40,180000,1,0,0.01,0
74381.67,10,38,50000,1,20,0.724,1
40118.33,10,44,15000,2,20,1.0,0
7685.0,4,36,130000,1,0,0.064,0
139967.67,10,29,70000,2,20,1.0,0
1261.0,12,48,15000,3,0,0.042,0
49283.33,12,36,30000,2,20,0.809,1
8493.67,10,29,5000,2,20,0.839,0
85530.0,12,34,55000,3,20,0.785,1
39188.33,8,34,20000,1,20,0.971,1
50071.67,12,47,25000,3,20,0.988,1
45825.33,12,40,25000,2,0,0.886,0
225444.0,12,32,175000,2,0,0.651,1
240670.0,12,34,225000,1,0,0.579,0
49760.33,12,42,25000,2,0,0.99,0
55573.67,12,39,85000,3,0,0.32,0
83188.0,8,41,50000,2,20,0.963,0
40770.67,12,36,70000,1,0,0.283,0
2494.33,4,29,125000,1,20,0.0,0
0.0,0,29,65000,1,10,0.0,0
1788.67,6,33,65000,2,20,0.009,0
489.67,4,36,180000,3,0,0.001,1
17991.33,6,39,135000,2,0,0.068,0
136192.33,10,40,70000,2,20,1.0,0
127809.33,12,32,75000,2,0,1.0,0
1307.33,12,33,100000,1,0,0.007,0
231437.0,12,34,140000,1,0,0.674,0
85829.33,12,35,40000,3,20,1.0,1
241717.33,12,40,120000,3,0,1.0,0
1050.0,0,42,10000,1,30,0.052,1
102797.67,12,38,150000,1,0,0.379,0
639.67,2,41,125000,1,30,0.001,1
25343.67,12,49,25000,1,0,0.963,1
32802.33,8,41,25000,3,20,0.112,0
25309.33,2,39,15000,2,40,0.867,1
833.33,0,38,120000,1,20,0.01,1
165002.33,8,40,100000,2,30,0.77,1
57248.0,12,39,25000,1,0,1.0,0
93.33,4,38,105000,1,0,0.001,0
0.0,0,42,140000,1,10,0.0,0
211724.67,12,33,100000,3,0,1.0,0
133246.33,12,41,150000,2,0,0.543,0
26249.67,12,36,210000,1,20,0.023,0
231185.67,12,34,175000,1,0,0.741,0
42922.0,12,43,60000,3,30,0.345,1
67450.0,8,48,55000,2,20,0.592,1
50.0,2,31,10000,1,10,0.0,0
76377.67,12,32,50000,1,0,0.812,0
0.0,0,36,120000,1,0,0.0,1
21954.0,12,37,65000,4,0,0.172,0
47043.0,10,48,85000,1,0,0.036,0
6031.67,10,42,30000,2,20,0.069,1
151089.33,10,42,100000,3,20,0.757,0
172977.0,12,48,105000,2,0,0.886,0
97304.67,12,35,50000,2,0,0.953,0
83350.0,12,37,190000,1,0,0.221,0
5343.33,8,38,120000,1,20,0.029,0
54411.67,8,33,75000,2,20,0.355,0
35643.33,10,35,30000,2,20,0.577,0
221674.33,12,37,175000,2,0,0.627,0
510.0,4,33,150000,1,0,0.001,0
84632.33,12,42,80000,3,0,0.474,0
89620.67,12,37,65000,1,0,0.703,0
5312.33,4,38,25000,3,0,0.085,0
44624.67,12,40,135000,2,0,0.158,1
75321.33,10,36,45000,1,20,0.974,0
55347.33,12,37,120000,1,0,0.017,0
171492.33,12,45,225000,1,0,0.447,0
6033.0,10,36,140000,1,20,0.039,1
0.0,0,38,135000,1,0,0.0,0
1050.0,0,46,5000,3,30,0.105,1
47363.33,10,37,25000,1,20,0.911,0
38320.67,12,33,50000,1,20,0.341,0
189060.67,12,32,95000,1,0,0.966,1
70348.67,12,33,120000,1,0,0.357,0
175180.0,10,33,110000,1,20,0.778,0
31323.33,12,42,250000,1,0,0.095,0
9978.67,12,32,150000,1,20,0.027,1
12835.0,12,30,250000,1,0,0.007,0
5082.33,10,30,100000,1,0,0.045,0
3051.33,10,31,130000,2,0,0.012,0
53524.67,12,31,80000,3,0,0.318,0
71565.33,12,31,170000,1,0,0.251,0
64600.33,12,32,250000,1,0,0.131,0
279085.33,12,32,155000,1,20,1.0,0
1776.67,10,30,180000,2,0,0.004,0
37246.0,12,36,55000,1,20,0.329,1
7969.67,10,36,195000,1,0,0.021,0
1764.33,4,31,70000,1,0,0.035,0
28779.33,10,32,15000,3,0,0.933,0
110.33,8,33,100000,1,10,0.0,0
103146.67,12,40,55000,1,0,0.925,0
17820.0,6,35,10000,1,20,1.0,1
87906.67,12,41,105000,2,20,0.408,1
15945.33,12,42,190000,2,0,0.007,0
24741.0,4,42,35000,1,0,0.362,0
10987.0,8,32,10000,2,0,0.727,0
980.0,6,32,130000,1,20,0.008,0
54327.33,12,46,100000,1,0,0.268,0
138718.33,12,36,95000,2,0,0.813,1
47131.67,12,42,25000,2,0,0.946,0
16626.0,12,35,10000,2,0,0.852,0
12069.33,12,49,200000,1,0,0.002,0
240849.33,12,49,140000,2,0,0.843,0
30120.67,8,38,30000,3,20,0.551,1
0.0,0,47,125000,1,0,0.0,0
7541.67,10,41,200000,1,0,0.029,0
97413.33,12,46,90000,2,0,0.543,0
41444.0,4,45,25000,2,0,1.0,0
92086.33,12,39,110000,2,0,0.469,0
2382.33,6,35,25000,2,0,0.061,0
964.0,4,61,10000,3,30,0.096,0
11668.0,6,44,50000,2,20,0.115,0
49708.33,12,44,250000,1,0,0.097,0
166.67,4,38,60000,2,20,0.004,0
3223.67,12,37,180000,1,0,0.0,0
23907.67,10,48,220000,2,0,0.053,0
8017.67,12,30,120000,2,0,0.058,0
3467.33,10,45,100000,1,0,0.018,0
2992.0,8,46,25000,2,0,0.085,0
3079.67,10,44,130000,2,20,0.003,1
147405.33,12,35,150000,2,20,0.475,1
1033.33,12,37,65000,2,0,0.007,0
6653.0,10,48,25000,2,20,0.1,1
19316.67,12,36,10000,3,0,0.939,0
18198.33,12,36,10000,1,20,0.837,0
44480.33,12,45,25000,3,0,0.869,0
35749.33,10,39,35000,2,20,0.479,1
69540.33,12,45,35000,2,20,0.982,0
304682.67,12,38,225000,3,0,0.716,0
6496.67,12,40,35000,2,0,0.078,0
120568.67,12,45,60000,2,0,1.0,0
29012.67,12,33,40000,2,0,0.405,0
9729.67,8,40,10000,2,30,0.427,1
27372.33,12,42,115000,2,0,0.116,0
443615.67,12,49,240000,1,0,0.936,0
253220.67,12,42,245000,1,0,0.579,0
253306.33,12,42,155000,2,0,0.924,0
65828.0,12,33,50000,1,0,0.681,0
247680.67,12,39,130000,1,0,0.957,0
4242.0,10,43,180000,1,10,0.0,0
261.67,8,48,250000,1,10,0.0,0
515.67,6,34,80000,1,0,0.0,0
288097.0,12,34,180000,3,0,0.847,0
157321.67,12,36,160000,2,0,0.482,0
715.0,12,42,105000,2,0,0.0,0
46225.0,12,41,70000,1,0,0.319,0
14302.33,12,39,10000,2,0,0.662,1
279488.0,12,50,150000,1,0,1.0,1
126454.0,12,50,65000,2,20,0.939,0
125319.67,8,50,100000,3,20,0.598,0
131144.67,10,51,60000,2,20,1.0,1
50404.33,12,52,25000,2,0,0.997,0
42301.0,12,51,90000,1,0,0.224,0
0.0,0,53,115000,1,10,0.0,1
6747.0,6,50,5000,3,30,0.467,0
15279.67,10,49,10000,2,20,0.669,1
114031.0,12,48,100000,2,0,0.558,0
2198.67,8,49,180000,2,20,0.009,0
174252.33,12,53,105000,2,0,0.813,0
8423.0,8,53,40000,2,20,0.081,1
27921.67,12,51,30000,2,0,0.455,0
52981.67,8,56,50000,3,20,0.51,0
16939.67,8,62,10000,3,30,0.854,0
36140.33,6,54,25000,2,30,0.701,1
105580.0,10,56,150000,3,0,0.368,0
143129.67,10,50,70000,3,20,1.0,0
62454.33,6,59,60000,3,0,0.572,0
123454.67,12,57,200000,3,0,0.043,0
7566.33,12,58,25000,3,20,0.157,0
60215.33,12,56,45000,1,0,0.649,0
47520.0,12,57,30000,2,0,0.994,0
66551.33,12,51,130000,1,0,0.241,0
29533.33,6,52,40000,3,20,0.341,0
46685.33,10,55,80000,2,0,0.0,0
8663.67,4,51,5000,3,20,0.728,0
20288.0,6,50,95000,2,20,0.105,1
132191.67,8,51,80000,1,20,0.82,0
16543.0,8,49,10000,3,30,0.803,0
481.67,10,57,150000,3,10,0.0,0
438180.33,12,79,220000,1,0,0.976,0
48259.67,10,54,25000,3,20,0.974,0
301472.0,12,50,175000,1,0,0.997,0
55909.0,12,50,30000,3,0,0.995,0
11805.67,12,47,25000,2,20,0.21,1
29286.33,10,52,15000,2,20,1.0,1
277185.33,10,52,75000,1,0,1.0,0
7052.0,4,60,50000,1,30,0.048,1
9294.33,12,55,175000,1,0,0.009,0
76476.33,12,52,40000,2,0,0.939,0
80465.33,12,55,40000,3,0,1.0,0
7994.67,8,54,5000,3,40,0.794,1
520.0,8,66,105000,2,20,0.004,1
0.0,6,62,250000,1,10,0.0,0
18043.0,2,61,10000,2,40,0.931,1
2403.0,10,54,165000,1,0,0.009,0
1355.33,4,58,125000,1,0,0.007,0
1088.0,8,54,210000,1,20,0.002,0
26183.0,12,53,45000,2,0,0.275,1
75741.0,12,52,90000,3,0,0.43,0
47644.67,12,51,25000,3,0,0.958,0
973.33,4,53,100000,2,10,0.0,1
60067.33,10,63,50000,1,0,0.612,0
1806.33,12,55,75000,1,10,0.0,0
6682.67,12,62,180000,1,0,0.016,0
51347.33,10,57,25000,2,20,1.0,0
23422.67,8,58,15000,2,30,0.783,0
739.67,10,56,165000,3,20,0.001,0
30499.33,8,47,35000,2,20,0.398,1
19605.0,8,51,210000,1,0,0.138,0
127183.0,12,51,65000,1,0,0.955,0
182361.0,10,55,100000,2,20,0.923,0
36534.67,10,58,90000,3,20,0.2,1
45456.67,10,59,85000,2,20,0.262,1
186495.33,12,54,95000,1,0,0.986,0
5514.33,12,54,100000,1,20,0.036,0
14755.0,10,54,15000,3,20,0.456,1
30081.67,12,55,230000,2,0,0.012,0
201407.33,12,54,95000,1,0,1.0,0
5702.67,10,54,5000,2,20,0.37,0
10825.67,12,57,45000,2,0,0.118,0
2919.33,10,54,220000,1,0,0.019,0
472630.33,12,58,240000,2,0,0.98,0
10314.67,12,56,180000,3,0,0.061,0
5511.67,8,69,250000,1,0,0.002,0
21813.67,10,28,15000,3,20,0.773,0
661.33,10,33,40000,3,20,0.01,1
518.67,12,66,100000,2,20,0.002,1
1182.67,2,57,175000,1,0,0.005,0
773.33,6,55,75000,2,0,0.01,0
0.0,0,54,180000,3,0,0.0,1
15897.0,10,31,10000,3,20,0.795,1
296880.0,12,47,155000,2,0,0.936,0
2092.33,12,31,100000,1,10,0.015,0
142722.0,12,40,105000,3,0,0.763,0
17597.0,12,47,15000,3,0,0.533,0
0.0,0,31,55000,1,10,0.0,0
9872.67,12,27,25000,3,20,0.28,0
1794.33,4,26,25000,1,0,0.084,1
34065.33,12,33,25000,2,0,0.655,0
17751.33,12,23,10000,1,0,0.847,0
1152.33,8,30,115000,3,20,0.001,0
19621.0,12,32,40000,2,0,0.2,0
2726.67,12,53,75000,2,0,0.016,0
1581.33,6,28,120000,2,0,0.006,0
2172.67,8,36,225000,1,0,0.009,0
316.0,12,24,90000,2,0,0.002,1
25448.67,12,22,15000,2,0,0.814,0
48483.67,12,22,25000,2,0,0.971,1
18274.0,8,31,10000,2,20,0.886,0
19.0,4,25,75000,2,0,0.0,0
6600.0,12,29,10000,2,0,0.279,1
40525.67,10,25,20000,2,20,1.0,1
3525.0,12,30,90000,2,10,0.009,0
78962.67,12,29,40000,2,0,0.983,0
45583.67,12,24,25000,2,0,0.908,0
15820.67,12,32,240000,1,0,0.008,0
18376.67,12,23,10000,1,0,0.971,0
1182.67,2,24,75000,1,0,0.01,0
17050.0,8,22,10000,2,0,0.792,0
0.0,0,29,180000,1,10,0.0,0
10650.33,12,33,100000,1,0,0.044,1
9514.67,6,28,10000,1,20,0.232,0
7401.67,10,23,25000,2,10,0.362,0
64019.33,12,23,35000,2,0,0.927,1
113646.0,12,23,60000,2,0,0.969,0
14936.0,12,46,25000,3,20,0.268,0
162672.0,12,36,155000,1,0,0.507,0
55218.67,12,24,30000,2,0,0.904,0
22021.0,12,22,10000,1,0,1.0,0
7138.33,6,22,10000,2,30,0.345,1
5278.0,10,22,25000,1,20,0.071,1
17431.67,12,22,40000,2,0,0.23,0
17957.67,12,22,10000,2,0,0.85,0
18174.33,8,22,10000,4,0,0.978,1
8426.0,12,23,5000,1,0,0.764,0
20324.33,10,21,10000,2,20,0.881,0
14706.0,10,21,10000,2,20,0.923,0
17455.33,12,22,15000,2,0,0.614,0
2219.67,10,21,10000,1,0,0.14,0
9441.0,12,22,10000,1,0,0.924,0
15687.33,6,22,10000,2,30,0.786,0
44410.0,8,22,25000,2,20,1.0,0
10952.33,12,23,25000,1,0,0.178,0
5621.67,12,23,25000,3,0,0.065,1
4565.33,4,22,10000,2,20,0.515,1
8351.33,4,22,10000,2,40,0.431,1
390.0,12,23,40000,1,0,0.005,0
42750.0,12,23,40000,2,0,0.541,0
23.0,0,23,65000,2,0,0.001,0
576.0,10,24,100000,1,0,0.003,0
39483.33,12,24,25000,1,0,0.546,0
13951.0,6,22,10000,1,20,0.624,0
15633.0,12,22,10000,2,20,0.785,1
39336.0,12,22,25000,2,20,0.9,1
20680.67,10,23,30000,2,20,0.158,0
6782.0,10,22,65000,2,0,0.066,0
11189.0,2,22,40000,2,0,0.016,1
160137.33,12,34,85000,2,0,0.921,0
21877.33,12,23,45000,1,0,0.205,0
8573.33,12,23,10000,2,0,0.171,0
460.33,8,23,10000,1,0,0.06,0
29871.67,12,23,40000,2,0,0.482,0
28029.0,10,22,15000,2,20,0.886,1
20039.33,8,22,15000,1,20,0.611,0
15456.0,10,23,15000,3,20,0.5,1
44537.67,12,23,75000,2,0,0.006,0
45488.0,12,23,25000,1,0,0.815,1
25676.67,6,23,40000,2,20,0.0,0
12966.0,10,23,15000,1,0,0.699,1
28168.33,10,23,30000,1,20,0.443,1
43419.67,12,23,50000,2,0,0.424,0
29725.67,12,23,70000,1,0,0.251,0
824.33,8,23,70000,1,0,0.009,0
32009.67,12,23,35000,4,0,0.441,0
24718.67,12,22,35000,2,20,0.5,0
22073.67,8,28,15000,2,20,0.72,1
1552.67,4,22,25000,3,20,0.025,1
49751.67,12,22,25000,2,20,0.991,1
24302.67,10,22,15000,3,20,0.773,0
28524.0,12,23,15000,3,0,0.946,1
0.0,4,24,15000,1,0,0.0,0
12069.33,12,25,10000,1,0,0.581,0
59903.0,12,23,30000,4,0,1.0,0
67538.0,12,23,100000,1,0,0.364,0
0.0,4,23,40000,1,10,0.0,1
15169.0,12,23,85000,1,0,0.092,0
277.67,8,24,115000,2,0,0.001,1
13278.67,10,24,45000,1,20,0.156,1
201814.0,12,24,145000,2,0,0.905,1
6374.67,10,24,30000,2,20,0.135,0
18985.33,8,24,10000,1,20,0.913,1
26543.33,12,23,25000,2,0,0.511,0
13804.67,12,23,105000,2,0,0.048,0
134051.33,12,29,145000,2,0,0.486,0
27483.33,12,23,45000,2,0,0.326,0
30250.0,12,23,25000,2,0,0.745,0
43624.67,10,23,25000,2,20,0.644,0
1639.33,10,24,10000,3,0,0.068,0
14589.33,12,23,180000,2,0,0.105,0
29862.0,12,23,115000,1,0,0.152,0
19779.0,12,24,15000,1,0,0.667,0
24282.33,12,23,15000,1,0,0.582,0
41032.0,12,23,35000,2,0,0.653,0
19689.0,6,25,10000,2,20,0.935,1
130.0,2,25,40000,2,0,0.005,0
80271.0,12,24,40000,2,0,1.0,0
65391.33,12,25,25000,2,0,0.983,0
14687.33,12,22,15000,4,0,0.458,0
29386.67,10,22,15000,1,20,0.933,0
50727.0,12,22,35000,2,0,0.763,0
29998.67,12,24,15000,2,0,1.0,0
24531.67,12,24,55000,2,10,0.089,0
47504.67,10,24,80000,2,0,0.347,0
29353.67,8,22,15000,2,20,0.98,1
20025.67,12,24,20000,2,20,0.475,1
1014.33,8,25,80000,2,10,0.0,1
35008.67,12,23,25000,2,20,0.68,1
78833.67,10,23,80000,1,0,0.487,1
1804.33,10,22,15000,2,0,0.103,0
64042.0,8,23,35000,2,30,0.924,0
4456.67,8,24,75000,2,0,0.085,0
35918.67,10,24,25000,2,20,0.93,0
78415.33,10,24,40000,1,20,0.992,0
36717.33,10,24,25000,2,20,0.717,1
53944.33,12,24,25000,2,0,1.0,0
26544.33,12,25,15000,3,0,0.876,0
308969.33,12,27,125000,3,30,1.0,0
1000.0,0,23,35000,1,0,0.043,0
21525.67,12,23,75000,2,0,0.002,0
183585.33,12,25,160000,1,0,0.562,0
7100.0,6,25,40000,4,0,0.144,0
12740.33,10,26,15000,3,20,0.372,1
49466.0,12,23,25000,1,0,0.943,0
32689.0,12,23,15000,3,0,1.0,0
6212.0,2,23,10000,2,0,0.447,0
111101.0,12,25,100000,2,0,0.541,1
13842.0,10,22,10000,2,20,0.647,1
82841.0,8,24,50000,2,30,0.841,1
18562.67,6,26,10000,1,20,0.91,1
35131.33,12,24,65000,2,0,0.077,0
43351.33,12,24,25000,4,0,0.844,0
128893.33,12,25,100000,4,0,0.749,1
0.0,0,25,10000,2,10,0.0,1
3494.67,10,26,10000,2,20,0.354,0
3524.33,8,26,50000,1,20,0.031,0
58055.33,12,24,85000,2,0,0.377,0
46207.67,12,22,40000,1,0,0.604,0
2020.67,6,26,65000,1,0,0.014,1
49717.0,10,26,25000,3,20,1.0,1
27050.67,12,26,140000,2,0,0.093,0
1119.67,10,27,65000,2,0,0.026,0
5384.33,8,27,75000,2,0,0.063,0
0.0,2,23,65000,1,0,0.0,0
23078.0,10,23,15000,2,20,0.673,0
50133.0,10,23,25000,1,0,1.0,0
86682.33,12,24,60000,2,0,0.744,0
29116.67,10,24,15000,2,20,0.941,0
71295.0,12,25,40000,2,0,0.873,0
1303.33,12,23,40000,1,0,0.015,0
18442.67,12,23,10000,1,0,0.789,1
333.0,8,23,40000,3,0,0.004,0
26847.33,8,27,15000,2,20,0.841,0
5966.33,12,26,60000,1,0,0.054,0
102127.67,4,26,55000,1,0,0.953,0
62893.33,12,25,35000,1,0,0.926,0
4362.67,8,25,150000,1,10,0.0,0
12151.33,12,25,80000,2,0,0.035,0
44350.67,12,25,75000,2,0,0.297,0
1821.0,12,47,105000,2,0,0.011,1
17852.33,12,26,10000,2,0,0.849,0
140380.33,12,26,120000,2,0,0.629,0
5195.0,12,25,30000,2,0,0.017,0
12041.67,10,25,10000,2,20,0.386,0
134487.67,10,25,65000,2,20,1.0,0
113779.67,12,25,165000,2,0,0.358,0
49329.67,6,25,25000,1,0,0.966,1
65188.0,12,24,55000,1,0,0.616,0
45764.33,12,24,25000,3,0,0.895,0
8059.67,0,24,45000,2,0,0.269,0
129098.67,10,26,65000,2,20,1.0,0
94541.0,6,26,75000,3,0,0.619,0
171.67,0,27,70000,2,0,0.004,0
140231.67,12,24,75000,2,0,0.955,0
40639.67,8,26,25000,2,20,0.97,1
7709.33,12,26,20000,1,0,0.156,1
164506.33,12,27,85000,2,0,0.969,0
8976.33,10,24,30000,2,20,0.058,0
453.67,6,25,100000,2,0,0.0,0
46322.33,12,25,40000,1,10,0.0,0
14664.0,10,25,50000,1,20,0.132,0
58622.67,12,25,85000,2,0,0.385,0
135767.67,12,26,70000,1,0,0.942,0
55468.67,12,26,45000,2,0,0.783,0
71236.0,12,26,35000,4,0,1.0,0
82284.0,12,26,60000,1,0,0.675,0
29555.67,12,26,30000,2,0,0.479,0
86229.0,12,26,75000,2,0,0.717,0
25471.67,6,24,25000,3,0,0.543,0
66695.33,12,26,40000,3,0,0.983,0
64324.0,12,27,155000,2,0,0.196,0
23948.0,12,23,25000,1,0,0.459,0
14007.0,10,23,10000,2,20,0.624,1
6422.0,10,24,40000,1,20,0.059,1
463.33,0,25,90000,1,0,0.015,0
36675.0,12,23,25000,2,0,0.811,0
67685.67,12,22,35000,2,0,0.95,1
20104.0,2,25,10000,2,30,0.865,0
27689.67,10,24,30000,2,20,0.477,1
25756.67,10,25,15000,2,20,0.842,0
4007.67,8,24,10000,2,30,0.148,1
10401.67,12,25,140000,4,0,0.031,0
9506.33,12,25,15000,2,0,0.0,0
26758.0,10,26,20000,1,20,0.662,1
11417.67,12,25,65000,2,0,0.11,0
43633.0,12,25,45000,2,0,0.497,0
6523.0,12,25,130000,2,0,0.019,0
123.0,12,26,50000,1,0,0.001,1
35117.67,10,24,25000,1,0,0.678,1
55670.0,12,24,95000,3,0,0.285,0
31880.67,12,22,35000,2,20,0.469,0
50715.33,12,26,25000,2,0,0.997,0
38915.67,10,26,20000,2,20,0.936,0
187789.33,12,26,100000,1,0,1.0,0
0.0,2,26,50000,1,10,0.0,0
2396.0,12,26,110000,2,0,0.007,0
8096.0,12,27,100000,2,0,0.074,0
878.0,8,27,25000,3,20,0.038,0
389.0,4,27,180000,2,0,0.003,0
5943.0,12,25,85000,1,0,0.047,0
99477.33,12,26,125000,3,0,0.114,0
79136.33,8,26,40000,2,20,0.957,0
20772.33,12,23,55000,2,0,0.182,0
4774.67,12,23,10000,2,0,0.526,0
12056.0,8,25,10000,2,20,0.56,1
21176.33,12,24,30000,2,0,0.497,0
64563.33,12,24,85000,2,0,0.112,0
56822.0,10,24,75000,2,0,0.445,0
2314.0,12,24,105000,2,0,0.005,0
9046.67,12,25,115000,2,0,0.045,0
665.67,8,25,80000,2,0,0.01,0
36651.67,12,25,75000,2,0,0.257,0
5349.33,10,26,105000,2,0,0.021,0
1777.0,6,28,150000,2,0,0.002,0
3981.67,12,27,170000,1,0,0.022,0
967.0,0,24,75000,1,0,0.019,1
4666.0,12,25,25000,2,0,0.17,0
3029.0,12,27,80000,1,0,0.004,1
41766.33,10,25,25000,1,20,0.801,1
5626.67,8,25,35000,2,20,0.077,1
67198.67,10,25,60000,2,0,0.659,0
256.67,6,25,100000,1,0,0.0,0
18713.67,10,25,25000,2,20,0.402,0
25627.0,12,26,155000,1,0,0.089,0
25140.0,12,24,25000,2,0,0.558,0
3875.33,12,24,150000,4,0,0.01,0
151147.33,12,25,80000,2,0,0.98,0
66670.67,12,25,45000,2,0,0.744,0
103075.67,12,25,80000,2,0,0.73,0
151083.33,12,25,250000,1,0,0.238,0
93.33,6,26,195000,1,0,0.0,0
319909.33,12,26,160000,2,0,1.0,0
1217.67,4,26,25000,1,0,0.073,0
7101.67,12,27,100000,4,10,0.004,0
2232.67,4,27,45000,2,0,0.049,0
4509.67,4,27,180000,2,0,0.034,0
264.0,12,27,90000,1,0,0.001,0
9049.33,12,24,30000,2,0,0.166,0
6483.0,10,24,125000,2,0,0.0,1
6052.67,2,25,10000,1,0,0.766,0
6766.67,10,24,5000,1,20,0.571,0
71733.33,10,24,55000,1,20,0.085,0
25640.67,12,25,75000,2,0,0.462,0
145882.33,12,25,80000,2,0,0.965,0
13789.0,8,25,15000,2,20,0.46,0
29975.33,10,24,15000,1,20,0.983,0
2296.0,10,26,140000,1,0,0.017,0
390.0,4,28,60000,1,20,0.0,0
105022.0,12,27,180000,3,0,0.321,0
43131.33,12,27,40000,2,0,0.525,0
87023.0,12,27,155000,3,0,0.27,0
390.0,10,27,40000,2,0,0.005,0
172897.0,12,28,90000,1,0,0.951,0
7617.0,12,26,65000,1,0,0.086,0
61761.67,12,24,35000,3,0,0.948,0
10470.0,12,24,200000,2,0,0.037,0
17472.0,10,22,10000,1,20,0.992,1
3046.0,10,23,15000,1,0,0.141,0
3126.67,6,25,40000,2,10,0.0,0
14654.67,12,26,75000,2,0,0.076,0
6336.0,8,24,10000,3,0,0.255,0
1850.33,12,25,10000,1,0,0.099,0
8932.67,12,26,75000,1,0,0.101,0
41803.67,12,27,30000,2,0,0.692,0
118203.0,12,27,160000,1,0,0.375,0
1840.67,12,27,40000,2,0,0.009,0
128409.33,4,25,65000,1,0,0.953,0
184780.0,12,24,200000,2,0,0.469,0
12589.67,10,25,10000,1,0,0.79,0
7251.67,12,24,30000,1,0,0.111,0
46805.67,12,24,40000,1,0,0.599,0
15879.33,10,24,25000,1,20,0.287,1
15899.0,12,25,10000,1,0,0.739,0
98624.67,12,25,50000,2,0,0.992,0
46983.67,10,25,40000,1,30,0.563,1
4438.67,12,25,70000,1,0,0.018,1
101603.67,12,25,55000,1,0,0.938,0
74990.67,12,27,175000,1,0,0.238,0
215.0,6,27,30000,1,10,0.0,0
40969.33,12,24,25000,1,20,0.878,1
108148.0,12,26,105000,2,20,0.514,0
36756.0,12,25,25000,3,0,0.677,0
74756.0,12,25,40000,4,0,0.927,0
25598.33,12,26,15000,2,20,0.745,1
151243.0,12,26,75000,2,0,1.0,0
3310.0,4,26,10000,1,0,0.05,0
2112.0,2,26,135000,1,10,0.0,0
42211.33,12,27,25000,2,20,0.823,1
119348.33,12,27,190000,2,0,0.312,0
25569.67,12,28,30000,1,0,0.392,0
32354.67,8,26,25000,3,20,0.627,1
13615.67,8,26,60000,2,0,0.077,0
13962.0,10,26,130000,1,20,0.006,0
51547.0,8,26,95000,2,40,0.273,0
17832.33,12,26,25000,1,0,0.336,0
1433.67,8,26,40000,1,0,0.054,0
795.67,10,26,55000,2,0,0.015,1
28056.33,12,26,25000,2,0,0.576,0
28971.33,12,27,75000,1,0,0.238,0
520.0,6,27,25000,2,20,0.016,1
82360.33,12,25,40000,2,0,1.0,0
24011.67,12,24,10000,1,0,1.0,0
229757.0,12,24,100000,2,0,1.0,0
2086.67,6,25,40000,1,20,0.009,0
34564.67,8,25,35000,2,40,0.477,1
192561.33,12,26,140000,1,0,0.678,0
3461.67,6,26,80000,3,0,0.015,0
88913.33,10,26,45000,2,20,0.958,0
4367.67,2,27,100000,1,20,0.053,0
127.33,4,28,75000,1,10,0.0,0
79587.0,10,27,40000,2,20,0.987,0
251267.33,12,28,195000,1,0,0.639,0
4989.0,12,28,95000,2,0,0.024,0
15725.67,12,28,120000,1,0,0.035,0
13415.33,12,29,100000,1,0,0.028,0
1792.33,10,29,65000,2,0,0.011,0
116211.0,12,29,50000,2,0,1.0,0
10286.0,6,29,95000,2,0,0.023,0
85690.0,12,29,45000,1,0,0.939,0
4256.33,6,27,10000,3,20,0.315,1
50862.33,10,26,45000,2,20,0.558,0
88388.67,10,26,45000,2,20,0.959,0
76897.67,10,27,40000,2,20,0.928,0
32649.33,6,28,20000,2,30,0.778,0
26360.67,12,22,25000,2,20,0.511,0
82144.33,10,25,75000,1,20,0.525,0
86.67,12,27,100000,1,0,0.0,0
17038.33,6,27,10000,2,0,0.797,0
25463.33,12,27,80000,1,0,0.169,0
75477.33,12,28,40000,2,0,0.996,0
27969.33,12,22,15000,2,0,0.956,0
777.33,0,23,25000,1,0,0.047,0
188489.0,12,25,155000,2,0,0.619,0
6551.67,12,26,25000,2,0,0.161,1
29888.0,12,26,100000,2,0,0.21,0
22371.33,12,22,10000,2,0,0.775,1
0.0,0,22,15000,3,0,0.0,0
819.0,10,23,10000,1,0,0.059,1
26843.67,12,22,25000,2,0,0.571,0
17734.67,6,28,115000,2,0,0.108,0
363.33,12,29,65000,1,0,0.003,0
27000.67,12,29,250000,1,0,0.028,0
80596.0,12,29,100000,2,0,0.391,0
2453.67,2,29,55000,1,0,0.067,0
6939.0,6,30,115000,1,20,0.027,0
12452.67,6,30,40000,2,0,0.462,0
1578.0,2,27,10000,1,0,0.237,1
11035.0,10,27,60000,2,0,0.127,1
0.0,6,27,100000,1,10,0.0,0
14723.0,8,28,35000,2,20,0.229,0
34469.0,12,28,115000,2,0,0.144,0
55951.33,10,28,30000,3,20,1.0,0
50857.67,8,28,30000,2,20,0.805,0
6876.67,8,28,180000,2,20,0.026,1
63842.67,12,25,50000,2,0,0.627,0
195.67,6,25,120000,1,10,0.0,0
663.33,0,25,65000,1,20,0.015,0
1574.0,6,25,65000,2,20,0.024,1
36486.33,12,25,25000,1,20,0.74,0
70793.0,10,26,75000,1,20,0.465,1
0.0,0,28,150000,2,0,0.0,1
12585.67,12,28,100000,1,0,0.091,0
5734.33,10,28,160000,1,0,0.014,0
0.0,2,27,80000,2,10,0.0,0
182868.0,12,26,105000,1,0,0.888,0
38686.67,8,25,35000,1,20,0.529,1
26461.0,8,25,125000,2,30,0.103,0
37910.33,12,27,65000,1,0,0.452,0
12602.0,8,27,15000,1,20,0.352,0
158284.67,12,27,105000,1,0,0.767,0
172283.67,12,27,85000,2,20,1.0,1
30379.67,10,28,50000,3,20,0.309,0
41146.33,10,28,25000,2,20,0.829,0
33321.33,2,27,65000,1,0,0.384,0
28093.33,8,26,15000,2,0,0.904,1
146533.0,8,30,65000,2,20,1.0,0
47579.67,12,26,35000,1,0,0.66,0
16560.67,12,26,105000,1,0,0.111,0
70200.33,12,25,85000,1,0,0.414,0
25672.0,12,28,210000,1,0,0.019,0
43200.0,12,26,40000,2,0,0.537,0
31658.0,12,26,75000,2,0,0.251,0
72828.33,12,26,100000,1,0,0.368,0
41861.67,6,26,35000,2,20,0.601,1
89247.0,12,26,45000,2,20,0.973,1
56669.33,8,27,65000,2,20,0.462,0
31874.0,12,28,180000,2,0,0.034,0
173636.33,12,28,130000,2,0,0.697,0
66830.67,12,28,80000,2,0,0.074,0
8845.33,12,28,10000,2,0,0.071,0
97995.33,8,28,70000,3,20,0.686,1
3354.33,6,29,100000,2,0,0.046,0
50345.33,12,29,100000,2,0,0.231,0
121994.33,12,28,60000,2,0,1.0,0
53218.67,12,29,105000,2,0,0.248,0
31897.33,12,23,25000,2,0,0.752,1
81279.0,10,23,40000,1,20,1.0,1
55433.33,12,23,30000,2,0,0.938,0
44079.0,6,24,25000,2,0,0.883,0
28010.33,8,25,25000,2,20,0.53,0
54001.33,6,25,35000,1,20,0.768,0
49728.0,10,25,40000,2,20,0.626,1
6471.0,10,25,25000,2,0,0.192,1
3581.0,6,25,15000,1,20,0.176,1
0.0,0,26,150000,1,0,0.0,0
1556.67,4,26,120000,2,0,0.01,0
25000.0,6,26,70000,4,0,0.536,0
26364.67,12,27,15000,1,0,0.852,0
12169.33,6,29,35000,2,0,0.164,0
130758.67,10,29,110000,2,0,0.988,0
33440.0,12,29,115000,2,0,0.146,0
15014.33,12,29,10000,2,0,0.698,0
12027.67,8,25,65000,2,20,0.088,0
60926.0,10,26,30000,2,20,1.0,1
16411.33,12,26,100000,2,0,0.114,0
10595.0,12,26,155000,2,0,0.037,0
209550.33,12,26,120000,2,0,0.877,0
3205.33,4,26,100000,1,0,0.012,0
187324.0,12,27,220000,2,0,0.448,0
11929.67,8,27,90000,2,0,0.094,0
21564.33,12,29,150000,1,0,0.085,0
8868.0,10,30,80000,2,20,0.108,0
153282.33,10,30,80000,1,20,0.945,0
2765.33,10,30,115000,2,20,0.008,0
75594.33,10,30,80000,1,20,0.464,1
34287.33,8,28,100000,1,20,0.194,0
49840.0,12,29,120000,2,0,0.277,0
23032.67,4,29,210000,1,0,0.126,0
390.0,10,30,105000,1,0,0.002,0
161147.67,12,28,110000,1,0,0.715,0
2235.0,12,28,100000,1,0,0.009,0
77.67,4,28,115000,2,20,0.0,0
5343.33,6,28,125000,1,0,0.015,0
56873.0,12,28,40000,2,0,0.735,0
26998.67,12,26,40000,2,0,0.327,0
5862.0,10,26,25000,3,20,0.121,1
710.0,6,26,10000,2,0,0.038,1
55345.33,12,27,30000,2,0,0.915,1
21643.33,10,27,25000,2,20,0.388,1
29328.33,12,28,155000,1,0,0.026,0
32699.0,12,29,70000,1,0,0.421,0
43129.33,12,27,110000,1,0,0.305,0
0.0,0,27,65000,2,10,0.0,0
1269.33,6,29,150000,1,0,0.011,0
6219.0,10,28,70000,3,0,0.006,0
417.67,2,29,200000,1,0,0.003,0
29007.67,8,30,100000,1,20,0.192,0
1101.67,6,29,75000,1,0,0.022,0
40067.0,12,27,210000,1,0,0.098,0
65316.0,12,26,115000,2,0,0.081,0
17129.33,12,27,105000,1,0,0.077,0
7944.33,8,27,60000,1,0,0.185,0
37238.33,12,28,25000,1,0,0.738,0
56275.67,12,28,100000,2,0,0.297,0
8444.0,8,28,90000,2,0,0.048,0
26612.0,12,28,15000,2,0,0.845,0
110287.0,12,29,55000,2,20,1.0,1
84766.67,12,29,25000,2,0,1.0,0
100158.33,10,29,60000,2,20,0.866,0
32985.67,12,29,115000,1,0,0.148,0
7999.33,2,29,40000,2,20,0.035,1
1581.0,12,29,160000,2,0,0.007,0
47618.67,12,29,25000,3,0,0.928,0
94076.67,12,29,55000,2,0,0.947,0
110.0,4,25,75000,1,20,0.0,0
1340.33,12,26,15000,1,0,0.07,0
37344.33,12,26,40000,2,0,0.44,0
74315.0,12,26,75000,2,0,0.556,0
86284.0,12,26,135000,1,0,0.497,0
121874.33,12,26,80000,1,0,0.739,0
2800.33,8,29,75000,1,0,0.025,0
0.0,6,31,85000,3,10,0.0,0
72115.0,12,31,35000,2,0,1.0,0
13455.67,12,31,105000,1,0,0.052,0
26423.0,12,30,25000,1,0,0.624,0
4818.67,8,27,35000,1,20,0.098,0
217.33,10,28,90000,1,10,0.0,0
208.0,12,27,130000,2,0,0.001,1
42719.33,12,27,25000,2,0,0.913,0
142470.67,12,27,70000,1,0,1.0,0
100555.0,10,30,50000,2,20,1.0,1
67838.67,12,29,210000,2,0,0.196,0
68477.0,12,30,150000,2,10,0.006,0
28037.67,12,25,15000,2,0,0.95,1
0.0,4,26,75000,4,10,0.0,0
123919.33,10,26,90000,2,0,1.0,0
179549.67,12,26,165000,1,20,0.545,1
1642.33,4,26,180000,2,0,0.005,0
15574.67,6,27,105000,2,0,0.003,1
82677.33,12,27,45000,1,0,0.932,0
29733.67,10,28,125000,2,20,0.113,1
12839.67,6,24,40000,3,30,0.151,0
109492.0,12,27,145000,1,0,0.378,0
152401.0,12,29,140000,1,0,0.533,0
14708.33,12,29,170000,1,0,0.035,0
109867.0,12,29,60000,1,0,0.93,0
3084.33,8,31,55000,3,0,0.037,0
20357.33,10,22,15000,2,0,0.681,0
36731.67,10,24,35000,2,0,0.489,0
1611.67,4,24,10000,3,0,0.249,0
44703.0,10,25,40000,2,0,0.564,0
19098.33,10,25,60000,2,20,0.146,1
35453.33,12,26,250000,1,0,0.065,0
183716.0,10,27,160000,2,20,0.563,0
7625.33,8,27,75000,1,0,0.002,0
4682.33,12,27,95000,2,20,0.021,1
0.0,0,29,65000,2,10,0.0,0
48125.67,12,34,35000,2,0,0.721,0
472.67,12,30,175000,1,0,0.002,0
19907.0,12,27,105000,1,0,0.088,1
82445.0,10,27,60000,2,20,0.712,1
126168.67,12,28,65000,2,0,0.953,0
45436.0,12,27,85000,2,0,0.258,0
602.0,0,30,50000,3,10,0.0,0
157454.0,12,28,100000,1,0,0.702,0
8616.67,12,28,135000,1,0,0.056,0
27809.67,6,30,15000,2,50,0.951,1
23025.0,8,24,80000,2,0,0.231,0
73165.67,10,26,40000,3,20,0.87,0
28332.0,12,26,155000,1,0,0.088,0
15678.67,12,23,10000,1,0,0.715,0
53778.33,12,27,40000,1,0,0.658,1
896.67,10,28,90000,1,20,0.002,0
64693.67,12,29,40000,1,0,0.806,0
131770.67,12,28,70000,2,0,0.928,0
99579.33,8,26,75000,4,0,0.781,0
23038.0,10,27,50000,2,20,0.21,0
15333.33,10,27,25000,1,10,0.0,1
108432.0,12,28,100000,1,0,0.533,0
83068.33,6,28,65000,2,20,0.759,0
2080.33,0,29,75000,1,20,0.042,0
165608.33,12,30,85000,2,0,0.973,0
193840.33,2,28,90000,2,80,1.0,1
23178.67,10,28,160000,2,20,0.074,1
5518.33,4,28,25000,1,20,0.098,0
21495.67,12,27,25000,2,0,0.415,0
17297.0,12,27,40000,3,0,0.226,0
628.33,10,27,50000,1,10,0.0,0
36129.67,12,23,40000,2,0,0.631,0
4506.0,10,26,60000,1,20,0.031,0
19781.33,12,31,115000,1,0,0.214,0
1728.33,12,31,30000,2,0,0.749,1
41662.0,12,30,110000,1,0,0.206,0
65102.33,12,30,40000,2,0,0.882,0
0.0,0,28,150000,1,10,0.0,0
2934.0,12,30,200000,1,0,0.007,0
50202.33,12,31,25000,2,0,1.0,0
4267.0,12,30,100000,1,0,0.024,0
0.0,0,32,60000,1,10,0.0,0
9499.67,12,31,180000,1,0,0.042,0
31535.0,12,30,110000,2,0,0.147,0
135080.67,12,31,140000,2,0,0.5,0
9.0,4,31,250000,2,0,0.0,0
129109.67,8,31,120000,3,0,0.699,0
299627.33,12,30,155000,2,0,0.958,0
198080.67,10,28,100000,1,20,1.0,1
70812.67,12,28,130000,2,0,0.292,0
173055.33,6,28,100000,2,20,0.857,1
0.0,0,27,90000,1,0,0.0,0
22886.67,10,27,135000,2,20,0.092,0
2243.67,0,28,15000,2,0,0.224,0
173.33,10,28,90000,2,0,0.002,0
26110.0,12,29,170000,2,0,0.107,0
40281.67,12,28,70000,4,0,0.772,1
6677.67,4,28,90000,1,20,0.033,1
92120.33,12,27,75000,2,20,0.595,0
111612.0,12,27,55000,1,0,1.0,0
1175.67,10,28,25000,2,20,0.02,0
14010.33,12,28,70000,1,0,0.054,0
13151.33,12,28,180000,1,0,0.027,0
33.0,2,29,140000,2,0,0.0,0
24260.67,12,28,155000,1,0,0.12,0
13087.33,6,28,145000,2,0,0.084,0
4625.33,12,28,105000,1,0,0.028,0
742.0,12,29,105000,1,0,0.004,0
600.0,0,29,55000,2,40,0.005,1
44197.0,12,28,25000,1,0,0.964,0
2673.0,12,28,140000,1,0,0.001,0
46764.33,8,28,25000,2,30,0.909,1
59471.67,8,28,60000,2,20,0.502,1
382.0,12,28,40000,2,10,0.0,0
10178.33,12,29,25000,1,0,0.345,0
5867.0,12,28,30000,2,20,0.069,1
159485.67,10,28,95000,1,20,0.818,1
56066.0,12,28,75000,1,20,0.439,1
766.67,4,28,85000,1,0,0.014,0
50760.33,12,28,75000,2,0,0.414,0
135799.33,2,28,195000,1,0,0.519,0
48989.33,12,29,35000,2,0,0.289,0
63694.33,12,29,60000,2,0,0.512,0
26698.0,8,29,15000,2,20,0.893,0
96463.0,10,26,100000,2,0,0.494,0
262281.67,12,28,150000,2,20,0.908,1
8500.0,10,29,45000,1,20,0.078,1
4515.0,12,30,100000,1,0,0.024,0
326.0,12,31,105000,1,0,0.002,0
1636.0,8,31,115000,2,0,0.021,0
2743.33,8,31,100000,1,10,0.02,0
41285.33,12,32,210000,2,0,0.214,0
33742.33,10,28,30000,3,20,0.543,0
48143.67,10,34,25000,2,20,0.841,0
61328.0,8,28,30000,2,20,1.0,0
54383.0,12,28,105000,1,0,0.012,0
46783.67,8,28,25000,2,20,0.873,0
129808.33,12,28,195000,3,0,0.331,1
12862.33,10,28,75000,1,10,0.0,0
37343.0,10,30,100000,2,0,0.193,0
4140.0,0,31,75000,1,0,0.083,0
200432.33,12,30,235000,2,0,0.46,0
33936.0,12,30,100000,1,20,0.093,0
45.33,4,31,80000,1,0,0.001,0
5820.0,10,30,110000,2,20,0.026,1
140873.67,12,32,145000,2,20,0.506,0
434.67,6,32,25000,3,20,0.007,0
78103.0,12,32,145000,2,0,0.263,0
33129.67,10,23,15000,2,20,1.0,1
8513.67,8,23,20000,3,30,0.206,1
61104.0,12,26,35000,1,0,0.921,0
45755.33,12,23,50000,2,0,0.823,0
14069.0,12,23,10000,1,0,0.809,0
50665.67,12,23,25000,2,0,1.0,1
264.0,8,39,65000,4,0,0.002,0
117323.33,10,28,70000,2,20,0.822,1
31347.0,12,30,115000,1,0,0.164,0
3663.67,8,30,150000,2,20,0.029,0
792.0,6,29,100000,1,0,0.0,1
65891.0,10,29,50000,1,20,0.635,0
87979.33,12,30,50000,2,0,0.927,0
2477.0,8,29,40000,2,20,0.018,1
48224.0,12,29,85000,2,0,0.302,0
16123.0,12,29,210000,1,0,0.001,0
18649.67,10,29,35000,1,20,0.245,0
156800.0,4,30,240000,2,0,0.98,1
79210.0,12,27,125000,4,0,0.511,0
97882.0,12,28,90000,1,0,1.0,0
10419.67,12,28,120000,1,0,0.036,0
13846.67,12,28,105000,1,0,0.047,0
49572.0,8,28,50000,1,30,0.5,0
48211.67,10,28,25000,1,0,0.979,0
33172.0,12,28,150000,1,0,0.097,0
21270.33,12,28,35000,1,0,0.311,0
12396.33,12,29,245000,1,0,0.043,0
38723.33,12,29,85000,1,0,0.22,0
52907.67,12,29,50000,1,0,0.516,0
952.33,8,32,100000,2,20,0.011,0
3569.0,8,32,40000,2,0,0.043,0
76314.33,12,32,110000,2,0,0.684,0
0.0,0,33,150000,3,0,0.0,1
89233.0,12,33,60000,2,0,0.755,0
228268.67,12,30,120000,2,0,0.943,0
105159.0,12,30,100000,1,0,0.481,0
40354.67,12,30,20000,2,0,0.998,0
202533.67,10,30,100000,1,20,0.976,0
96244.67,12,30,50000,1,30,0.959,0
49895.33,12,31,25000,2,0,0.97,0
48731.33,12,32,20000,2,0,1.0,0
71000.0,6,32,35000,2,30,0.976,0
378.67,12,31,105000,1,0,0.001,0
26155.67,12,28,15000,2,0,0.838,0
87930.33,12,30,50000,1,0,0.918,0
17790.33,12,30,10000,2,0,0.838,0
7565.33,4,36,200000,2,20,0.052,0
225606.33,10,28,165000,2,20,0.672,0
13225.33,12,30,120000,2,0,0.02,1
74240.67,6,29,35000,1,20,1.0,1
178.0,10,29,120000,1,0,0.001,0
752.33,6,27,100000,1,20,0.0,0
1391.67,12,27,50000,1,0,0.009,0
27732.67,12,29,90000,1,0,0.245,0
63374.67,10,30,180000,2,0,0.228,0
114952.67,12,29,65000,2,0,0.871,0
8422.33,8,30,60000,2,0,0.022,0
282.0,8,30,115000,1,0,0.0,0
44285.67,12,30,170000,4,0,0.138,0
202765.67,12,29,160000,1,0,0.62,0
311698.0,12,29,165000,3,0,0.944,0
3949.33,6,30,40000,3,20,0.06,1
4700.33,10,30,75000,1,0,0.027,0
920.67,4,31,80000,3,0,0.001,1
40917.67,12,37,25000,3,0,0.796,0
0.0,0,48,150000,4,0,0.0,0
183735.0,12,36,95000,2,0,0.978,0
22777.67,12,27,25000,2,0,0.517,0
463.67,12,28,45000,1,0,0.01,0
74790.33,12,28,105000,1,0,0.408,0
248910.33,12,28,120000,1,0,1.0,0
43183.33,10,34,30000,2,20,0.675,1
3652.0,12,35,220000,2,0,0.007,0
27974.33,10,42,15000,2,20,0.95,1
7919.33,0,26,115000,2,0,0.103,0
209592.0,12,28,220000,2,20,0.475,1
58587.0,12,29,40000,2,0,0.799,1
29016.33,10,30,15000,2,0,0.976,0
228836.67,12,35,125000,2,0,0.955,0
27265.33,12,45,15000,1,20,0.872,1
49508.33,10,49,25000,3,20,0.988,0
47933.0,12,34,25000,2,0,0.946,0
26906.33,6,34,15000,2,20,0.878,0
29492.33,12,45,15000,2,0,1.0,1
49946.0,0,42,250000,2,0,0.3,0
25496.67,8,41,25000,2,20,0.491,1
38929.33,12,36,25000,2,0,0.997,0
805.33,0,22,25000,1,0,0.048,0
42884.67,12,26,45000,2,0,0.501,0
15135.0,10,26,15000,1,20,0.463,1
114669.0,12,43,75000,3,0,0.836,0
37822.33,12,23,25000,2,0,0.289,0
16408.0,8,23,35000,2,20,0.212,1
22950.0,0,23,40000,2,0,0.861,0
11.0,6,29,140000,1,0,0.0,0
6896.0,12,30,45000,2,0,0.072,0
62837.67,12,39,165000,1,0,0.286,0
83900.0,12,46,95000,2,0,0.426,0
49551.33,12,40,105000,1,0,0.224,0
100260.0,6,30,50000,1,40,0.981,1
19086.33,8,30,10000,2,30,1.0,1
11944.67,10,31,130000,1,0,0.002,0
16382.67,6,26,10000,2,40,0.79,1
72345.67,12,37,40000,3,0,0.968,1
30197.0,12,42,25000,2,0,0.613,0
51352.33,8,35,35000,3,20,0.726,1
29077.67,10,38,15000,2,20,0.889,0
91695.0,10,25,50000,1,20,0.973,1
47648.0,10,25,25000,1,20,1.0,0
65002.0,10,27,40000,2,20,0.796,1
6374.0,8,27,25000,2,0,0.149,1
136053.33,12,28,75000,4,0,1.0,0
107361.33,12,29,70000,1,0,0.93,0
61885.33,12,31,35000,1,0,0.912,0
29463.67,6,31,15000,2,20,0.964,0
69707.33,8,32,40000,2,20,0.88,1
16863.0,6,41,20000,2,0,0.549,0
35191.0,12,37,50000,2,0,0.346,0
47670.0,12,40,25000,2,0,0.961,0
26564.0,6,35,15000,3,20,0.87,1
12454.67,12,35,60000,1,0,0.081,0
147491.67,12,39,130000,3,0,0.587,0
17576.0,12,35,45000,2,0,0.234,0
11526.33,12,33,15000,2,0,0.137,0
164312.67,12,37,130000,1,0,0.673,0
142058.0,8,39,85000,1,20,0.948,0
141162.33,12,36,75000,2,0,0.918,0
41494.0,10,40,45000,3,20,0.45,0
4376.67,12,45,25000,3,0,0.075,0
62544.0,12,29,35000,1,0,0.955,0
215249.0,12,29,105000,1,0,1.0,0
0.0,0,31,225000,1,0,0.0,0
11952.67,10,32,35000,3,20,0.203,1
24727.0,8,32,35000,3,20,0.339,1
5980.0,8,34,150000,3,20,0.008,0
68833.67,12,29,35000,1,0,0.978,0
80507.67,12,37,90000,2,0,0.49,0
56522.0,10,29,25000,3,20,1.0,1
17831.67,10,27,10000,2,20,1.0,0
212679.0,12,31,130000,1,0,0.882,0
10638.0,12,34,35000,3,0,0.075,0
41615.67,12,31,25000,2,30,0.784,1
142843.0,12,34,75000,2,0,0.978,0
44110.0,12,45,75000,3,0,0.316,0
19122.0,12,37,10000,2,0,0.966,0
55349.0,12,45,30000,2,0,0.962,0
41638.33,12,30,25000,2,0,0.812,0
27097.33,10,25,25000,1,20,0.525,0
71330.33,6,27,40000,1,30,0.9,1
10756.67,12,27,70000,1,0,0.072,0
6957.0,8,28,10000,3,20,0.331,1
3152.0,12,49,5000,2,20,0.224,1
7127.67,4,45,60000,2,0,0.096,0
34411.33,4,40,25000,2,30,0.726,1
12928.67,10,39,15000,2,20,0.381,1
113827.0,12,49,105000,2,20,0.544,1
0.0,0,27,75000,1,0,0.0,1
70867.33,8,28,90000,3,0,0.628,0
0.0,8,29,295000,2,0,0.0,1
41762.0,12,30,130000,1,0,0.099,0
8634.67,12,35,45000,3,0,0.154,0
19336.33,12,28,55000,2,0,0.184,0
1626.67,12,28,70000,1,0,0.013,0
6265.67,12,30,105000,1,0,0.036,0
0.0,0,31,40000,2,0,0.0,0
7530.0,12,36,15000,3,20,0.297,0
94291.0,12,28,60000,3,0,0.78,0
9167.33,6,44,10000,3,20,0.383,0
49864.33,12,42,40000,3,0,0.629,0
23209.67,12,35,55000,2,0,0.205,0
60670.67,10,34,120000,2,0,0.321,0
5426.67,8,49,50000,2,0,0.055,0
153266.33,12,32,100000,2,0,0.751,0
2452.0,10,32,225000,1,0,0.003,0
35551.67,12,32,75000,2,0,0.332,0
7411.33,10,39,60000,2,20,0.094,0
67534.67,10,26,35000,2,20,0.944,1
136806.33,12,31,95000,1,0,0.7,0
37199.0,12,45,25000,3,0,0.984,0
33723.67,10,44,30000,3,20,0.658,0
16746.33,6,30,45000,1,20,0.178,1
64378.0,12,33,150000,2,0,0.21,0
706.0,8,32,105000,3,0,0.007,0
48091.0,10,34,25000,2,20,0.937,0
84241.0,12,34,175000,1,0,0.106,0
27327.0,10,34,15000,2,0,0.875,0
0.0,0,34,140000,3,10,0.0,0
17233.33,12,35,190000,3,0,0.048,0
749.0,10,34,180000,2,0,0.002,0
8634.33,6,37,130000,2,10,0.023,0
18539.0,8,37,80000,2,0,0.173,0
15074.0,12,43,125000,3,0,0.034,0
25243.33,10,27,160000,1,0,0.062,0
137798.33,12,31,70000,2,0,0.981,0
58611.0,12,32,40000,3,0,0.726,0
63795.33,8,40,50000,1,20,0.634,1
7713.0,12,41,105000,4,0,0.008,0
8531.67,6,29,100000,3,0,0.028,0
98035.67,12,37,55000,3,0,0.952,0
19245.67,8,36,35000,1,20,0.264,1
240051.0,6,46,120000,2,0,0.973,0
71655.33,12,38,40000,2,0,0.883,0
129469.67,12,47,75000,3,0,0.881,0
47893.33,12,42,25000,2,0,0.931,0
49855.33,12,37,115000,2,0,0.232,0
2761.67,12,43,145000,1,0,0.005,0
3413.33,2,36,175000,1,0,0.009,0
84352.33,12,39,50000,3,0,0.865,0
48902.67,6,46,25000,3,0,0.976,0
0.0,0,43,180000,2,0,0.0,0
3047.67,12,38,105000,2,0,0.005,0
1033.0,8,39,250000,2,0,0.004,0
244435.33,12,47,145000,2,0,0.843,0
263956.67,10,36,175000,3,20,0.731,0
2553.67,10,33,95000,2,0,0.011,0
152779.0,12,34,90000,1,0,0.6,0
5679.33,12,35,55000,2,0,0.056,1
52577.0,10,33,100000,3,20,0.26,1
3232.33,8,40,105000,2,0,0.049,0
476.0,12,36,50000,3,0,0.005,0
134202.0,12,43,65000,2,0,1.0,0
69708.33,12,38,35000,3,0,1.0,0
90261.0,12,33,50000,2,0,0.922,0
530.0,8,35,75000,3,20,0.004,0
69034.67,12,39,80000,3,0,0.64,0
0.0,2,48,15000,3,10,0.0,0
1360.0,8,36,40000,2,0,0.01,0
5625.33,12,44,100000,2,0,0.035,0
99130.33,10,41,90000,3,20,0.534,1
30610.33,12,34,90000,2,0,0.264,0
140070.67,12,35,85000,2,0,0.851,0
10131.33,12,35,25000,1,0,0.086,0
91360.67,12,40,80000,3,0,0.583,0
390.0,12,40,80000,2,0,0.002,1
18906.67,12,22,10000,1,0,0.92,0
35317.67,12,24,35000,2,0,0.48,0
29713.33,12,38,120000,2,0,0.145,0
333555.67,12,45,150000,2,0,1.0,0
5165.33,12,37,210000,2,0,0.012,0
118340.67,10,43,100000,3,20,0.597,1
33759.0,12,47,25000,2,0,0.542,0
13118.67,10,38,25000,2,0,0.412,0
2638.0,12,38,100000,1,0,0.013,0
119574.0,12,32,100000,1,0,0.593,0
372662.67,12,33,190000,2,20,0.958,0
15787.0,10,27,25000,1,0,0.353,0
2196.67,10,28,25000,1,0,0.029,0
21810.0,12,35,250000,2,0,0.072,0
823.33,0,40,150000,2,0,0.008,0
8327.33,10,32,85000,2,0,0.064,1
13183.33,10,46,10000,2,50,0.585,1
2221.33,8,43,10000,2,0,0.074,0
171224.33,12,36,140000,2,0,0.656,0
1350.0,12,22,40000,2,0,0.011,0
18599.33,10,24,10000,2,20,0.869,0
74708.67,12,24,35000,1,0,1.0,0
26164.67,10,25,15000,2,20,0.796,1
119702.33,12,37,85000,2,0,0.691,0
100352.33,12,30,160000,2,0,0.305,0
0.0,0,30,105000,1,0,0.0,0
15261.67,12,31,155000,2,0,0.045,0
430.33,6,29,115000,1,10,0.0,0
90354.67,12,31,45000,2,20,1.0,1
3651.33,10,31,100000,1,0,0.03,0
108182.0,12,34,75000,2,50,0.689,0
21167.33,12,27,30000,1,0,0.395,0
23058.33,12,38,25000,2,0,0.03,0
134958.67,12,40,100000,1,0,0.663,0
39406.0,10,35,110000,2,0,0.188,0
16706.33,6,34,150000,3,0,0.0,0
28629.67,12,47,15000,2,20,0.863,1
47281.33,12,36,165000,4,0,0.057,0
173514.33,12,42,140000,1,0,0.617,0
0.0,0,38,165000,1,0,0.0,1
32404.0,10,45,195000,3,0,0.242,0
824.33,10,38,100000,2,0,0.004,0
13583.67,12,45,10000,3,0,0.634,0
51992.0,12,32,70000,2,0,0.377,0
4142.0,12,32,15000,1,0,0.123,0
0.0,0,41,105000,2,10,0.0,0
336.67,4,44,50000,3,0,0.01,0
1120.67,6,38,25000,2,0,0.022,0
27003.0,12,42,15000,3,0,0.867,1
30222.0,12,45,15000,4,20,0.976,1
229.67,6,37,75000,1,10,0.0,0
3903.67,12,39,90000,1,0,0.065,0
0.0,2,49,115000,2,10,0.0,0
953.67,12,36,110000,1,0,0.001,0
5058.67,12,35,100000,1,0,0.03,0
8948.0,12,35,40000,2,0,0.214,0
5508.33,12,44,190000,3,0,0.019,0
10794.33,10,42,15000,2,20,0.333,1
6184.0,12,41,80000,2,0,0.051,0
29220.67,8,47,30000,2,20,0.466,1
3674.0,10,42,50000,3,20,0.077,0
590.33,8,37,75000,2,0,0.0,0
37517.33,8,38,50000,2,20,0.364,0
1439.33,8,44,15000,2,0,0.0,0
3665.33,4,36,110000,1,30,0.019,1
1816.67,0,38,110000,1,20,0.012,0
4806.0,12,30,200000,2,0,0.0,1
16615.0,10,30,340000,1,0,0.058,1
41229.33,12,30,140000,1,0,0.13,0
30043.0,12,44,35000,2,0,0.488,0
5812.67,10,39,150000,2,0,0.021,1
1298.0,8,41,125000,2,0,0.001,0
523.33,0,31,100000,1,0,0.008,0
22022.33,12,31,225000,1,0,0.028,0
21962.33,8,33,15000,1,30,0.706,1
1340.0,10,29,105000,2,0,0.008,0
125889.67,10,29,125000,1,20,0.499,1
77546.67,12,31,35000,2,0,0.927,0
322.67,4,31,115000,1,10,0.0,0
0.0,2,37,75000,2,0,0.0,0
31158.0,10,47,35000,3,20,0.42,0
93141.67,12,35,75000,2,0,0.68,1
208.67,10,37,100000,2,0,0.002,0
4253.67,4,42,100000,4,0,0.027,0
295.0,4,42,150000,3,0,0.003,0
3382.67,12,39,40000,3,0,0.037,1
30504.0,2,43,15000,2,50,1.0,1
87847.67,12,40,50000,2,0,0.892,0
173922.67,12,32,180000,1,0,0.807,0
30905.0,12,32,75000,2,0,0.216,0
10.0,2,32,90000,1,10,0.0,0
2793.0,12,33,105000,1,0,0.006,0
104099.67,12,41,55000,3,0,0.921,0
1657.33,8,41,40000,2,0,0.034,0
806.0,6,39,25000,2,30,0.005,0
0.0,2,32,75000,2,0,0.0,0
0.0,0,40,130000,1,0,0.0,0
3853.0,4,33,100000,1,0,0.032,0
1971.0,12,29,115000,2,0,0.011,0
70934.67,12,32,35000,1,0,1.0,1
35857.33,12,32,35000,1,20,0.495,1
3796.33,10,32,80000,2,0,0.018,1
194397.0,12,34,100000,3,0,0.977,0
1506.0,6,35,135000,2,0,0.006,0
96927.33,12,36,50000,2,0,0.97,0
6229.0,10,42,205000,1,20,0.03,0
3212.33,12,33,80000,2,0,0.01,0
1469.33,12,39,60000,2,0,0.003,1
11926.0,12,37,25000,2,0,0.245,0
0.0,0,38,225000,1,0,0.0,0
194820.67,12,36,100000,2,0,0.965,0
2063.33,12,41,180000,2,0,0.01,0
43105.67,12,40,170000,2,0,0.12,0
0.0,0,40,150000,3,0,0.0,1
210532.67,12,40,110000,3,0,1.0,0
302831.33,12,37,185000,1,0,0.832,0
3682.0,10,39,85000,2,20,0.017,0
477632.0,12,39,250000,2,0,0.983,0
57260.33,4,36,50000,1,20,0.948,0
74.33,0,31,55000,1,0,0.002,0
12984.0,4,31,115000,1,20,0.102,0
24896.33,12,31,115000,1,0,0.144,0
26861.0,12,33,75000,2,0,0.172,0
6648.33,12,32,105000,1,0,0.036,0
16370.67,8,32,50000,3,20,0.24,0
147992.0,12,42,115000,1,0,0.641,0
0.0,0,33,180000,1,0,0.0,1
78378.67,10,34,180000,2,0,0.224,0
2113.0,2,34,100000,1,10,0.0,1
14822.0,12,34,100000,1,0,0.08,0
1177.0,10,33,75000,2,0,0.003,0
150.0,0,41,55000,1,70,0.001,0
0.0,6,38,160000,2,0,0.0,0
19588.33,6,44,25000,3,20,0.384,1
34156.0,12,39,80000,2,0,0.206,0
31963.33,12,42,40000,2,0,0.538,1
29693.67,4,35,50000,2,0,0.284,0
295981.0,10,36,75000,2,0,1.0,0
91564.0,6,38,30000,2,70,1.0,0
233.33,4,39,100000,1,0,0.002,0
1873.67,12,38,80000,3,0,0.033,0
9837.0,10,38,115000,2,0,0.02,0
1168.0,8,40,115000,2,10,0.0,0
0.0,2,39,45000,3,10,0.0,0
31773.33,12,40,70000,3,20,0.22,1
24562.33,10,41,15000,3,20,0.807,0
65210.67,10,41,160000,1,0,0.187,0
17783.67,10,35,10000,3,0,0.85,0
2438.33,12,35,25000,3,0,0.062,0
25575.0,12,38,15000,3,0,0.817,0
9722.33,8,36,80000,3,0,0.17,0
49286.0,12,48,140000,2,0,0.284,0
33242.0,12,35,195000,2,0,0.108,0
63764.67,12,44,50000,3,0,0.418,1
66180.0,0,48,100000,4,0,0.993,0
39193.33,12,43,55000,3,0,0.444,0
48539.67,12,45,25000,2,0,0.978,0
108758.33,12,41,50000,2,0,1.0,0
0.0,0,31,100000,3,10,0.0,0
145487.0,10,34,125000,1,20,0.554,0
14835.33,8,48,10000,3,20,0.692,1
4576.33,12,35,130000,2,0,0.013,0
16214.67,8,31,10000,3,20,0.752,1
0.0,0,44,160000,2,10,0.0,0
8478.67,12,37,15000,1,0,0.266,0
35154.33,12,41,25000,2,0,0.797,0
13440.33,2,36,40000,2,20,0.246,1
60179.67,8,40,60000,2,30,0.482,1
37980.67,12,49,145000,2,0,0.128,0
31295.67,6,43,25000,2,0,0.611,0
22504.0,12,39,15000,3,20,0.706,1
18283.0,12,33,290000,2,0,0.032,0
1612.67,8,41,135000,1,0,0.005,0
836.0,10,42,15000,3,20,0.028,0
148754.0,10,31,80000,1,20,0.923,0
416.0,12,31,90000,2,0,0.002,0
2206.33,8,34,10000,2,20,0.161,1
3852.33,10,33,105000,2,0,0.036,0
114930.67,12,43,100000,3,0,0.568,0
33821.33,12,43,65000,3,0,0.251,0
4393.67,6,36,15000,4,0,0.295,0
5988.67,12,40,65000,2,0,0.032,0
25247.33,12,43,90000,3,0,0.017,0
89815.0,12,39,55000,2,0,0.846,0
13544.0,8,39,10000,2,20,0.765,0
73062.33,12,35,75000,2,0,0.648,0
1468.0,12,37,105000,3,10,0.0,0
94236.67,12,42,45000,2,0,1.0,0
65730.0,12,42,250000,2,0,0.124,0
11156.67,12,37,150000,2,0,0.052,0
18484.0,12,33,185000,3,0,0.049,0
107562.67,12,35,100000,2,20,0.522,0
9728.0,12,38,250000,4,0,0.005,0
41772.67,4,41,25000,2,0,0.878,1
35663.0,8,36,60000,2,0,0.888,0
60793.67,12,38,135000,2,0,0.231,0
23105.33,12,43,150000,1,0,0.073,0
18862.0,6,37,45000,2,20,0.203,0
626.0,6,48,60000,2,0,0.005,0
7798.67,10,47,45000,2,20,0.074,0
121014.67,12,41,175000,1,0,0.349,0
18499.67,0,29,90000,2,40,0.116,0
26551.0,12,30,15000,3,20,0.806,0
2146.67,12,29,120000,2,0,0.011,1
80214.67,10,38,40000,2,20,1.0,0
48284.33,10,37,25000,2,20,0.925,1
272909.0,12,42,185000,1,0,0.787,0
5652.0,12,43,75000,2,0,0.036,0
377870.67,12,31,205000,1,0,0.978,0
1683.67,10,32,115000,2,0,0.007,0
18965.67,10,32,40000,3,0,0.062,0
20955.0,8,32,70000,1,0,0.073,0
8666.67,6,32,90000,2,0,0.029,0
90410.33,12,33,120000,1,0,0.399,0
38.0,0,30,80000,2,0,0.0,0
6552.0,10,31,160000,1,0,0.037,0
233.33,10,35,40000,2,20,0.003,0
4452.0,10,36,115000,2,20,0.016,0
988.0,12,40,115000,2,0,0.001,0
12444.33,10,38,10000,2,0,0.595,0
154725.0,12,37,110000,2,0,0.72,0
638.67,4,42,90000,1,0,0.003,0
6724.0,12,36,130000,2,0,0.028,0
14869.67,10,37,180000,2,0,0.028,0
164474.0,10,36,105000,2,20,0.8,1
752.33,8,32,100000,1,0,0.001,0
9545.33,12,35,175000,1,0,0.024,0
0.0,2,35,180000,1,10,0.0,0
35484.33,8,27,30000,2,30,0.511,0
1314.0,12,47,95000,1,0,0.002,0
22898.33,10,35,90000,1,0,0.136,0
1694.0,12,37,115000,1,0,0.001,1
0.0,0,45,135000,1,0,0.0,1
181293.0,12,45,110000,3,0,0.804,0
26260.0,2,36,40000,1,0,0.985,0
63292.0,12,29,45000,1,0,0.878,0
21775.33,12,35,250000,1,0,0.012,0
1343.33,10,35,105000,2,0,0.001,1
87732.33,10,27,55000,1,20,0.815,0
7932.33,10,31,75000,1,0,0.072,0
3000.0,10,33,45000,1,0,0.033,0
88155.33,8,34,95000,2,20,0.442,0
117570.67,6,43,90000,2,0,0.845,0
51963.0,12,37,120000,2,0,0.214,0
2518.0,4,28,100000,2,20,0.023,0
772.33,8,49,100000,3,10,0.0,0
0.0,4,38,80000,2,0,0.0,0
4355.33,8,27,120000,1,20,0.029,0
75947.0,12,25,40000,2,0,0.954,0
0.0,0,39,90000,2,10,0.0,1
0.0,0,26,40000,2,10,0.0,0
67880.67,12,26,35000,2,0,1.0,0
109184.33,12,38,80000,2,0,0.462,0
139145.0,12,30,100000,1,0,0.743,0
6666.0,12,34,10000,1,0,0.089,0
125656.0,12,35,150000,2,0,0.518,0
84875.33,8,42,75000,1,20,0.72,0
2689.67,10,45,15000,1,20,0.194,0
1903.0,10,37,180000,2,0,0.001,1
91398.67,12,39,140000,1,0,0.349,0
29902.33,8,23,15000,3,20,1.0,0
39967.67,12,24,25000,1,0,0.974,0
382.0,12,28,80000,4,0,0.005,0
38540.0,10,28,40000,1,20,0.459,0
95656.33,10,29,50000,1,20,0.929,0
55644.67,12,47,30000,2,0,0.909,0
203029.0,12,27,210000,1,0,0.473,0
0.0,4,27,70000,2,0,0.0,0
12269.67,10,32,135000,1,20,0.034,1
0.0,2,35,80000,1,10,0.0,1
4432.67,8,31,115000,1,0,0.012,0
42694.0,12,47,50000,1,0,0.432,0
413.67,12,36,130000,1,0,0.0,0
144881.67,10,37,100000,1,0,0.959,0
266046.33,12,44,190000,2,0,0.707,0
18475.33,4,33,65000,2,0,0.32,0
68516.67,8,33,35000,2,20,0.971,0
8401.0,12,33,135000,2,0,0.038,0
26630.33,12,49,15000,2,0,0.931,1
17852.0,10,37,145000,1,0,0.071,0
48008.33,12,40,25000,2,20,0.926,0
30204.0,12,40,15000,2,20,1.0,1
3006.0,12,38,105000,3,0,0.012,0
219829.67,12,43,110000,3,0,1.0,0
64049.33,12,32,170000,2,0,0.181,0
4058.67,12,41,250000,1,0,0.009,0
20468.67,8,31,15000,2,20,0.683,0
14614.33,8,32,90000,2,20,0.074,1
55129.0,12,24,30000,2,0,0.898,0
50665.67,12,32,50000,1,0,0.415,0
6080.67,10,33,135000,2,20,0.029,1
4846.0,10,47,100000,2,0,0.044,0
231166.33,12,38,120000,2,0,0.976,0
75354.0,12,40,55000,2,0,0.973,0
161327.67,12,32,180000,1,0,0.465,0
50449.0,12,35,25000,3,0,1.0,0
40127.33,12,39,30000,2,0,0.844,0
7215.0,10,38,25000,2,20,0.115,0
2131.67,8,28,60000,1,0,0.03,0
123636.33,12,48,70000,2,0,0.865,0
97711.67,10,46,50000,2,20,0.975,0
353517.33,10,46,140000,3,20,1.0,1
173866.33,12,28,90000,1,0,0.982,0
0.0,0,28,90000,1,10,0.0,0
106526.33,10,37,75000,2,20,0.669,0
137657.33,12,42,90000,1,20,0.724,1
10353.67,6,35,90000,1,0,0.108,0
26999.0,12,41,15000,2,0,0.858,0
61010.33,12,48,190000,2,0,0.168,0
1738.0,12,36,65000,3,0,0.013,0
2854.33,8,28,85000,1,0,0.008,0
3865.0,8,43,110000,1,20,0.004,1
0.0,8,49,75000,1,10,0.0,0
49.67,2,34,90000,4,10,0.0,0
0.0,0,46,90000,1,0,0.0,1
0.0,0,27,180000,1,10,0.0,0
45989.33,8,30,75000,1,0,0.719,0
4047.0,10,39,85000,4,0,0.011,0
11200.0,12,44,25000,1,0,0.2,0
89630.0,10,39,150000,1,20,0.292,0
266.33,0,40,225000,1,0,0.002,0
84215.67,10,29,105000,2,0,0.693,0
5101.33,2,30,40000,2,20,0.191,0
0.0,0,32,120000,2,0,0.0,0
69227.33,12,32,55000,2,0,0.618,0
28773.33,12,40,200000,3,0,0.068,0
0.0,8,49,45000,2,10,0.0,1
198884.67,10,29,105000,1,0,0.949,0
70452.67,12,31,130000,1,0,0.267,0
56514.0,12,27,85000,1,0,0.529,0
158.0,8,30,105000,2,20,0.0,0
0.0,0,38,100000,1,10,0.0,0
112107.33,12,45,280000,1,0,0.062,0
1268.0,12,34,270000,1,0,0.002,0
166.67,0,29,50000,2,0,0.005,0
80125.33,4,26,40000,2,0,0.972,1
22838.67,8,35,15000,2,20,0.793,1
77448.33,12,28,40000,2,0,0.973,1
19864.33,8,28,25000,1,20,0.399,1
51762.0,12,26,60000,1,0,0.364,0
17371.67,2,32,120000,2,0,0.103,0
5550.33,12,33,130000,2,0,0.013,0
58927.0,10,33,140000,2,0,0.254,0
29890.0,12,35,15000,2,0,1.0,1
4123.67,10,38,75000,3,20,0.011,0
31538.67,12,36,175000,2,0,0.06,1
1304.33,6,34,50000,2,0,0.019,0
20278.67,8,46,160000,1,0,0.18,0
400228.67,8,41,190000,2,30,1.0,1
9042.33,6,43,20000,2,30,0.232,0
5271.0,12,43,50000,3,0,0.057,0
76143.33,12,30,135000,1,0,0.302,0
27812.33,12,44,15000,3,20,0.888,1
13276.67,4,40,25000,2,0,0.397,0
42878.67,12,30,90000,1,0,0.247,0
2721.67,6,31,75000,1,0,0.037,0
18605.67,12,32,180000,1,0,0.045,0
1970.0,4,38,85000,1,0,0.035,0
89281.0,12,37,70000,2,0,0.62,0
26186.33,12,41,45000,2,0,0.282,0
3911.0,12,46,10000,3,0,0.047,0
135035.33,10,28,80000,3,20,0.828,0
26986.67,12,36,15000,2,0,0.884,0
0.0,8,38,150000,2,10,0.0,1
77048.33,12,24,40000,2,20,1.0,1
15451.33,10,32,180000,1,0,0.032,1
12531.67,6,41,230000,1,0,0.014,0
12493.67,2,46,15000,3,20,0.661,0
2000.0,12,37,40000,2,0,0.025,1
83212.67,12,25,70000,4,0,0.653,0
928.0,8,43,140000,2,20,0.002,0
18327.33,8,28,150000,2,0,0.102,0
17110.67,8,29,15000,2,20,0.512,1
189055.33,12,37,250000,1,0,0.416,0
267876.33,10,42,90000,2,20,1.0,0
17656.33,10,37,80000,3,0,0.109,0
826.33,2,40,100000,1,0,0.0,0
114015.67,12,37,65000,2,0,0.849,0
793.33,4,30,115000,3,0,0.01,0
3383.33,12,34,115000,1,0,0.014,1
316.0,12,48,30000,3,0,0.005,1
2691.33,6,47,40000,2,20,0.052,0
17035.33,8,47,120000,2,0,0.116,0
50257.67,12,30,120000,2,0,0.147,0
699.67,2,33,110000,3,0,0.005,0
7803.0,12,44,25000,2,0,0.219,1
50118.67,12,42,25000,3,0,1.0,0
588.0,12,38,25000,2,0,0.012,0
1203.33,12,39,45000,2,0,0.015,1
80298.33,10,46,40000,2,20,0.998,0
95896.33,12,43,95000,3,0,0.491,0
149076.0,12,31,105000,1,0,0.75,0
127139.0,12,45,185000,2,0,0.371,0
53901.67,8,45,40000,2,20,0.674,1
28389.67,12,32,110000,2,0,0.131,0
1194.67,10,44,115000,2,0,0.004,0
16689.67,12,39,100000,2,0,0.066,0
39844.0,12,31,200000,1,0,0.015,0
17234.33,12,44,40000,2,0,0.285,0
18331.0,12,36,180000,2,0,0.046,0
296757.33,12,35,155000,1,0,0.994,1
82301.0,12,29,75000,1,0,0.535,0
86501.33,12,30,40000,2,0,1.0,0
15366.0,10,30,20000,2,20,0.36,1
3579.67,12,30,160000,1,0,0.008,0
150845.0,12,38,85000,2,0,0.901,0
35624.33,12,36,40000,2,0,0.292,0
16854.67,10,33,210000,1,20,0.019,0
169799.33,12,45,85000,2,0,0.998,0
883.33,6,40,115000,1,0,0.005,0
14178.0,4,35,100000,1,0,0.102,0
289485.67,10,42,215000,2,20,0.658,1
25022.0,8,32,50000,2,20,0.186,0
16217.0,8,32,105000,1,10,0.072,0
490.0,8,40,25000,1,0,0.0,0
57357.0,12,36,145000,1,0,0.199,0
696.67,6,32,100000,1,0,0.0,0
4168.0,10,37,85000,1,0,0.043,0
3243.33,0,38,15000,2,0,0.324,0
833.33,0,48,180000,2,0,0.007,1
0.0,0,31,55000,1,10,0.0,0
158706.33,12,31,90000,1,20,0.843,0
82028.0,12,34,110000,2,0,0.426,0
82644.67,12,34,95000,2,0,0.479,0
11164.0,12,29,75000,4,0,0.115,0
72948.67,12,38,175000,2,0,0.18,0
124202.33,12,47,120000,2,0,0.506,0
41114.33,12,30,115000,2,0,0.0,0
4119.67,10,29,250000,1,0,0.014,0
14947.67,8,30,80000,2,20,0.211,0
22433.33,12,30,145000,1,0,0.144,0
40114.67,12,30,25000,2,0,0.449,0
173901.0,6,30,135000,1,20,0.64,1
2013.0,12,30,130000,2,0,0.017,0
16149.0,12,31,90000,3,0,0.06,0
660.0,4,32,90000,2,0,0.0,0
40858.33,8,33,25000,4,0,0.865,0
45663.0,12,34,25000,2,20,0.96,1
22995.33,10,37,40000,1,0,0.346,1
216948.33,12,37,125000,2,0,0.852,0
54492.67,2,45,40000,2,0,1.0,0
17680.0,10,37,80000,2,0,0.083,0
29590.0,12,42,15000,2,0,0.928,0
1494.33,12,44,50000,2,0,0.016,0
357.0,4,46,50000,2,10,0.0,0
1320.0,10,45,65000,2,20,0.015,0
79499.67,12,35,40000,2,0,1.0,0
95548.0,12,41,85000,1,0,0.548,0
4678.0,10,42,140000,1,0,0.023,0
136718.33,12,44,250000,3,20,0.003,1
24303.0,12,41,150000,2,0,0.004,0
19548.67,10,42,155000,2,20,0.07,0
4898.33,8,29,60000,1,20,0.069,0
50061.33,4,49,25000,3,20,0.966,1
199859.0,12,29,170000,4,0,0.772,0
59818.67,12,31,45000,1,30,0.223,0
18005.33,10,32,30000,1,20,0.3,1
278564.67,10,29,190000,1,0,1.0,0
4215.33,12,29,100000,1,0,0.013,0
137810.67,12,29,230000,1,0,0.179,0
7551.33,10,30,150000,2,20,0.036,0
3239.67,12,30,180000,1,0,0.013,0
18228.0,12,30,60000,2,0,0.214,0
3169.33,8,31,250000,2,10,0.0,0
194373.0,12,33,105000,1,0,0.952,1
120257.33,10,33,90000,2,20,0.64,1
50549.67,12,32,100000,2,0,0.238,0
4000.0,0,32,120000,2,0,0.05,0
314.33,4,32,25000,2,0,0.019,0
46126.0,12,32,120000,1,0,0.375,0
1883.0,2,33,80000,3,20,0.015,1
8150.33,12,33,75000,1,0,0.077,0
2403.33,6,33,50000,1,20,0.056,0
46652.0,12,33,25000,2,20,0.993,0
33844.33,12,33,90000,1,0,0.176,0
23146.33,8,33,25000,2,20,0.465,1
19777.0,8,44,10000,3,20,0.906,1
1047.67,6,39,60000,2,20,0.023,0
73997.33,12,44,160000,1,0,0.091,0
189854.67,12,36,185000,2,0,0.593,0
38567.0,12,37,105000,2,0,0.126,0
180651.33,10,40,110000,3,20,0.896,0
122900.67,12,41,110000,2,0,0.545,0
276884.0,12,36,105000,3,20,1.0,0
5468.33,12,34,100000,2,0,0.027,0
8663.67,12,41,90000,2,0,0.052,0
55281.33,10,44,30000,2,20,1.0,0
15709.33,12,37,215000,2,0,0.041,0
6870.33,10,34,10000,2,0,0.259,0
45160.33,12,35,25000,2,0,0.973,0
8673.0,12,38,250000,1,0,0.006,0
337898.33,12,37,170000,1,0,0.983,0
520.0,10,40,40000,3,20,0.01,1
48768.67,12,41,115000,1,0,0.237,0
77344.33,12,37,85000,2,0,1.0,0
279.0,10,40,130000,2,0,0.002,0
6326.67,12,34,60000,2,0,0.071,0
105271.67,12,39,55000,2,0,0.935,0
104653.67,12,46,100000,2,0,0.533,0
13826.33,8,46,40000,3,20,0.319,1
63958.0,12,35,210000,3,0,0.157,0
12049.0,10,38,25000,1,20,0.208,1
30584.33,10,39,15000,2,20,1.0,1
5627.67,12,40,105000,3,0,0.012,0
218772.0,12,33,120000,1,0,0.893,0
6538.0,12,45,120000,1,0,0.036,0
161462.0,12,37,195000,2,0,0.45,0
1935.33,12,33,15000,2,0,0.017,0
3036.33,10,37,25000,3,20,0.051,0
65872.0,12,49,35000,2,0,0.915,1
38634.33,10,38,90000,2,20,0.203,0
93155.0,12,49,90000,3,0,0.512,0
152993.67,12,37,235000,1,0,0.347,0
65073.0,12,38,60000,2,20,0.531,1
6817.33,12,33,195000,2,0,0.021,0
47545.67,10,48,25000,3,20,0.992,1
47659.67,12,39,25000,3,0,0.974,0
115403.33,12,32,70000,1,0,0.807,0
1906.33,12,40,80000,1,0,0.0,0
10732.33,12,37,15000,3,0,0.129,0
6620.0,4,31,10000,2,0,0.275,0
4444.0,4,47,50000,2,0,0.067,1
3732.33,12,47,40000,2,0,0.035,0
23968.0,8,24,20000,2,30,0.604,1
132959.33,12,28,90000,1,0,0.728,0
4781.33,12,34,40000,2,0,0.105,0
2585.67,8,41,150000,4,0,0.011,0
4488.67,6,29,110000,1,30,0.021,1
36282.67,12,27,40000,1,0,0.441,0
281.67,6,27,145000,1,0,0.0,0
1810.0,8,28,180000,1,0,0.015,0
13224.33,12,32,250000,2,0,0.053,0
13546.67,8,34,215000,1,20,0.035,0
36932.67,10,35,140000,3,0,0.02,0
42499.33,12,28,75000,1,0,0.389,0
117915.33,12,32,100000,1,0,0.508,0
107851.33,12,27,55000,3,0,0.963,0
22542.33,12,30,75000,3,0,0.163,0
38181.67,12,39,60000,1,0,0.272,0
256490.0,12,44,250000,1,0,0.659,0
35103.33,12,28,135000,2,0,0.144,0
23501.67,12,29,25000,2,0,0.488,0
134794.67,12,30,150000,3,20,0.44,0
97818.0,12,30,70000,2,0,0.695,1
4864.67,12,32,85000,1,0,0.039,0
147211.33,12,35,160000,2,0,0.497,0
145507.0,12,39,100000,3,0,0.728,0
107.67,2,31,25000,2,0,0.0,0
37103.0,12,32,60000,2,0,0.317,0
8692.33,10,38,85000,2,0,0.079,0
1379.67,12,40,75000,1,0,0.005,0
63884.33,12,27,100000,1,0,0.313,0
26171.67,12,30,55000,1,0,0.446,0
47268.67,10,35,25000,2,30,1.0,0
15013.33,12,42,25000,3,0,0.271,0
61582.33,8,46,25000,2,30,1.0,1
102970.67,12,30,55000,2,0,0.925,0
4315.0,12,32,80000,1,0,0.043,0
6656.67,10,43,10000,2,20,0.324,1
67742.0,12,48,100000,2,0,0.469,0
1300.67,12,45,230000,1,0,0.0,0
2386.67,10,43,25000,3,20,0.007,0
27677.67,12,35,40000,2,0,0.357,0
7539.33,12,40,90000,1,0,0.084,0
533049.33,12,39,220000,2,0,0.981,0
320.33,8,31,150000,2,0,0.001,0
291.33,6,33,90000,2,0,0.002,1
4406.0,10,47,40000,2,20,0.045,0
11163.0,10,41,10000,2,20,0.539,1
81424.67,12,36,155000,1,0,0.329,0
500.0,4,41,90000,1,10,0.008,0
16463.33,12,42,10000,2,20,0.778,1
33465.67,12,38,240000,1,0,0.061,0
77004.67,12,33,45000,2,20,0.838,0
35048.0,10,35,155000,1,0,0.087,0
157784.67,12,35,155000,1,0,0.462,0
5235.0,12,34,100000,2,20,0.035,0
205.0,10,34,50000,2,20,0.002,1
80496.33,12,35,50000,3,0,0.793,0
198218.0,12,35,185000,2,0,0.545,0
56749.0,12,46,30000,3,0,0.976,0
49461.0,10,39,25000,2,20,1.0,0
153147.67,12,35,140000,1,0,0.329,0
7031.67,12,46,45000,3,0,0.066,1
233.33,4,45,180000,3,0,0.0,0
93390.0,12,47,50000,3,0,1.0,0
20553.33,8,37,15000,3,20,0.712,1
50.0,10,40,115000,4,0,0.0,0
263.0,6,44,90000,2,0,0.001,0
3698.67,10,48,75000,3,0,0.065,0
89950.67,12,37,120000,1,0,0.361,0
6580.33,10,42,55000,2,20,0.047,0
7621.33,12,36,90000,1,0,0.005,0
27640.33,12,42,25000,2,0,0.837,0
0.0,0,44,85000,3,0,0.0,0
114534.67,12,42,60000,1,0,0.935,0
9824.0,12,45,200000,2,0,0.027,0
390.0,12,40,120000,2,0,0.002,0
37292.0,12,37,25000,2,20,0.941,1
1196.33,12,35,145000,2,10,0.0,0
139076.33,12,36,75000,2,0,0.899,1
48328.67,12,40,85000,1,0,0.0,0
7372.33,12,46,115000,1,0,0.022,0
0.0,0,38,90000,1,0,0.0,0
1949.33,10,41,130000,1,10,0.0,0
62387.67,10,41,45000,2,0,0.681,0
58392.0,12,35,260000,1,0,0.111,0
49616.67,10,40,25000,3,0,0.97,1
0.0,4,45,160000,1,10,0.0,0
23821.67,10,42,30000,3,20,0.442,0
8699.33,12,39,90000,2,0,0.014,0
147470.0,12,43,145000,2,0,0.587,0
818.0,6,40,150000,2,0,0.0,0
12708.0,12,47,110000,1,0,0.014,0
17758.0,8,32,35000,2,20,0.223,1
0.0,2,40,75000,3,0,0.0,0
5652.33,12,40,40000,2,0,0.043,0
1220.33,8,41,5000,3,20,0.184,1
31414.67,12,46,140000,2,0,0.123,0
5956.0,12,43,225000,2,0,0.003,0
1381.0,4,34,115000,2,0,0.007,0
833.33,2,35,160000,1,0,0.0,1
35203.33,12,42,100000,2,0,0.129,0
37155.0,12,37,30000,2,0,0.644,0
28961.0,12,31,25000,3,0,0.595,0
13468.67,12,47,15000,3,20,0.434,0
6840.67,10,36,130000,1,0,0.02,0
3453.0,6,42,105000,2,0,0.034,0
26491.67,12,41,145000,2,0,0.111,0
8113.67,10,41,10000,3,20,0.333,0
94717.67,4,45,50000,3,30,0.945,1
35173.0,12,40,115000,2,0,0.147,0
28676.67,12,36,150000,1,0,0.094,0
18622.67,12,33,10000,2,20,0.997,1
24375.33,8,42,15000,3,20,0.732,1
660.0,10,43,85000,2,10,0.0,0
2403.33,8,46,100000,2,20,0.014,1
48648.67,12,46,25000,3,0,0.956,0
20252.0,12,41,10000,2,0,1.0,0
59381.67,10,32,30000,2,0,0.988,0
10168.67,10,46,10000,2,30,0.507,1
2005.33,6,35,110000,2,0,0.015,0
21368.0,12,43,10000,3,0,0.748,0
5574.33,8,33,35000,2,0,0.133,0
113015.33,12,43,190000,1,0,0.321,0
36030.67,10,48,15000,3,20,1.0,0
2494.67,6,35,100000,2,20,0.0,0
106005.67,10,36,40000,2,20,1.0,1
19388.0,12,38,75000,2,0,0.177,0
114035.33,12,40,105000,2,0,0.531,0
41932.0,12,43,35000,3,20,0.658,0
94357.0,12,38,140000,2,0,0.331,0
2354.0,12,35,70000,2,0,0.002,0
634.67,6,44,100000,4,0,0.0,0
116678.67,12,40,85000,2,0,0.69,0
20474.67,10,49,25000,2,20,0.384,0
1590.33,8,32,45000,2,0,0.054,0
64659.0,12,33,65000,1,0,0.488,0
176573.0,8,40,125000,1,20,0.682,0
109182.33,8,35,60000,1,20,0.922,1
16455.33,8,37,245000,1,20,0.039,0
200.33,6,43,100000,1,10,0.0,1
197236.0,12,42,100000,2,0,0.964,0
14149.67,12,30,50000,2,20,0.007,0
6868.0,12,31,140000,1,0,0.052,0
13043.67,12,34,145000,1,0,0.075,0
153328.33,12,45,80000,4,0,0.945,0
73523.67,12,45,115000,2,0,0.309,0
55228.0,12,49,65000,2,0,0.413,0
0.0,0,42,210000,1,10,0.0,1
16830.67,12,46,10000,2,0,0.786,0
71741.0,8,38,35000,2,20,1.0,1
1909.33,12,47,115000,1,0,0.0,0
245527.0,12,38,170000,1,0,0.737,0
16331.0,12,34,210000,1,0,0.046,0
24520.33,12,34,70000,1,0,0.163,0
20266.67,12,26,15000,3,0,0.907,0
49643.33,8,27,25000,2,20,1.0,1
411629.33,12,27,215000,2,0,0.933,0
5060.33,12,41,130000,3,0,0.01,1
17948.0,12,34,90000,1,0,0.0,0
13276.33,6,33,50000,2,20,0.126,0
35420.0,6,39,80000,2,0,0.664,0
0.0,0,38,130000,1,0,0.0,0
25163.0,12,33,100000,2,0,0.119,0
1750.0,10,34,225000,1,0,0.003,0
872.0,10,34,195000,2,0,0.003,0
37794.0,12,35,195000,1,0,0.111,0
38962.67,8,38,20000,2,20,0.938,1
198546.33,10,46,250000,2,20,0.397,0
3978.0,10,39,90000,2,0,0.03,0
927.33,8,39,50000,3,10,0.0,0
22129.67,10,42,25000,2,0,0.752,0
38473.0,10,38,20000,2,0,1.0,0
5850.33,2,46,175000,1,0,0.015,0
1356.0,2,37,180000,1,0,0.004,0
10753.33,12,36,100000,2,0,0.049,1
4158.67,12,38,115000,1,0,0.011,0
960.0,6,39,100000,2,0,0.014,0
5256.67,12,42,115000,2,0,0.034,0
16842.33,12,31,250000,1,10,0.058,0
201725.33,12,32,115000,2,0,0.864,0
248693.0,12,34,170000,1,0,0.979,0
15719.33,8,47,10000,1,20,0.698,1
15320.67,10,48,10000,3,0,0.71,0
84126.67,12,35,155000,3,0,0.27,0
2188.33,10,36,80000,2,0,0.013,0
11858.33,12,41,115000,3,0,0.15,0
2421.67,6,40,100000,1,0,0.036,0
114241.0,12,42,60000,2,0,0.956,0
343686.67,12,37,175000,2,0,0.96,0
5345.33,4,32,85000,2,20,0.059,1
12403.67,12,35,120000,3,0,0.075,0
0.0,0,49,50000,2,10,0.0,0
72871.67,10,33,65000,1,20,0.563,1
355577.0,12,41,205000,2,20,0.85,1
1828.0,8,42,100000,3,20,0.002,0
60296.0,12,45,30000,2,0,1.0,0
3998.67,4,44,200000,2,0,0.0,0
11623.0,12,40,190000,1,0,0.034,0
1526.67,4,43,105000,2,0,0.017,0
19596.0,12,45,250000,1,0,0.001,0
90113.33,10,42,50000,2,20,0.915,1
2288.0,6,44,40000,2,0,0.05,0
389.33,4,31,40000,2,0,0.013,1
79542.33,12,33,100000,1,0,0.388,0
72082.0,8,31,130000,2,0,0.269,0
303960.33,12,31,155000,2,0,0.997,0
29315.33,12,32,15000,2,0,0.983,1
39388.33,12,33,25000,3,0,0.815,0
45665.67,12,46,155000,2,0,0.142,0
238309.33,12,40,250000,3,0,0.426,0
1520.0,8,49,15000,1,0,0.111,0
3650.0,12,45,80000,2,0,0.023,0
72373.67,12,44,175000,2,0,0.316,0
3313.0,8,44,175000,1,0,0.012,1
45925.33,12,40,25000,1,0,0.895,0
10853.67,12,44,15000,2,0,0.324,0
99405.67,12,31,55000,2,0,0.896,1
20458.67,12,31,25000,2,0,0.454,0
4802.0,12,34,160000,2,0,0.012,0
434.67,10,34,40000,1,20,0.008,1
40005.0,12,42,20000,3,0,1.0,1
460.0,8,39,165000,2,20,0.0,0
410.67,2,36,80000,3,0,0.001,0
4803.33,12,49,105000,2,0,0.056,0
24812.67,12,36,25000,2,0,0.526,0
48612.67,10,49,25000,3,20,0.929,1
72281.33,12,36,60000,1,0,0.593,0
589.67,10,45,75000,1,20,0.006,0
26332.33,12,31,50000,2,0,0.01,0
49622.0,8,31,25000,2,20,1.0,0
188279.67,10,36,120000,1,20,0.733,0
60.33,4,39,115000,1,10,0.0,1
35881.67,12,45,145000,2,0,0.125,0
4002.67,8,42,115000,1,0,0.032,0
390.0,8,39,180000,1,10,0.0,0
128285.67,12,38,160000,2,0,0.404,0
4013.33,4,45,180000,2,0,0.033,0
86608.0,10,38,45000,1,20,0.949,0
5213.0,10,34,250000,1,0,0.009,0
95411.0,12,36,105000,2,0,0.437,0
47106.0,12,39,45000,2,0,0.505,0
20601.0,8,44,40000,3,20,0.388,0
103179.33,12,39,195000,2,0,0.072,0
189.0,0,33,85000,2,10,0.0,0
85065.67,12,37,150000,3,0,0.285,0
3765.67,8,38,15000,3,0,0.051,0
1348.67,12,39,130000,2,0,0.0,0
5340.33,10,44,250000,1,0,0.004,0
163068.33,12,35,120000,2,0,0.995,0
0.0,4,35,50000,2,10,0.0,0
18490.0,10,45,90000,1,20,0.091,0
2286.33,6,45,25000,2,20,0.07,0
18271.67,10,35,100000,2,0,0.138,0
18782.0,10,45,10000,3,20,0.862,0
2316.67,6,46,10000,2,20,0.221,1
21513.33,12,35,30000,2,30,0.336,0
9763.0,10,42,130000,1,0,0.065,0
9120.33,10,41,90000,3,20,0.057,0
14655.0,12,44,105000,1,0,0.023,0
65847.33,12,36,135000,2,0,0.274,0
10528.33,12,36,185000,1,0,0.008,0
1127.33,12,35,100000,1,0,0.002,0
14786.67,12,31,135000,1,0,0.023,0
7473.0,12,32,175000,1,0,0.034,0
2237.67,8,37,115000,2,20,0.002,0
9544.0,12,41,65000,2,0,0.069,0
260522.0,12,31,130000,1,0,1.0,0
2314.67,10,32,200000,1,0,0.009,0
1425.0,4,36,90000,2,0,0.0,0
148698.0,10,41,110000,1,20,0.63,0
6138.33,6,32,105000,1,10,0.0,0
0.0,0,32,120000,2,10,0.0,0
0.0,0,35,120000,2,0,0.0,0
50367.33,12,45,75000,2,0,0.402,0
127175.0,12,31,150000,1,0,0.411,0
143592.67,12,43,90000,2,0,0.451,0
5000.0,0,47,150000,1,30,0.017,1
3947.67,4,34,35000,2,0,0.022,0
61028.33,12,43,30000,3,0,1.0,1
701.33,4,33,130000,1,0,0.007,0
6479.33,12,37,200000,2,0,0.006,0
3013.67,10,48,245000,1,10,0.001,0
36001.0,8,42,25000,1,20,0.684,1
52079.33,12,32,65000,1,0,0.452,0
11019.67,10,32,75000,2,20,0.021,0
49807.0,10,33,35000,2,20,0.741,0
7762.33,12,34,120000,2,0,0.003,0
368.0,4,49,125000,1,0,0.004,0
357010.67,12,41,220000,2,0,0.792,0
127153.33,12,40,65000,2,0,1.0,0
58111.67,12,37,30000,2,0,0.991,1
675.0,6,41,145000,2,0,0.007,0
3187.33,8,41,75000,2,0,0.03,0
5542.0,4,37,120000,2,20,0.007,0
6022.67,12,43,110000,1,0,0.018,1
1486.0,10,38,50000,1,30,0.022,0
2735.33,8,39,100000,1,0,0.028,0
22933.0,10,37,200000,1,0,0.027,0
1632.0,10,47,250000,1,0,0.007,0
2438.33,6,45,115000,1,0,0.028,1
45278.0,12,43,25000,2,0,0.969,0
689.0,12,46,90000,2,0,0.003,0
84625.67,12,31,100000,1,0,0.454,0
9752.67,10,37,115000,1,0,0.009,0
203100.0,10,34,105000,2,20,0.958,1
166338.33,12,33,85000,3,20,1.0,0
7877.33,12,41,100000,1,0,0.013,0
11179.0,10,42,175000,1,20,0.011,0
3604.67,12,41,180000,3,0,0.01,0
2107.33,10,35,80000,1,0,0.019,0
2146.67,12,36,115000,1,0,0.0,0
43036.0,12,44,55000,2,0,0.384,0
408006.67,12,42,260000,2,0,0.841,0
195104.0,12,30,140000,1,0,0.686,0
2675.0,6,30,120000,1,0,0.014,0
15.0,6,31,10000,3,30,0.0,0
188878.0,12,30,105000,2,0,0.88,0
158439.67,12,30,125000,1,0,0.579,0
1473.0,12,44,45000,3,0,0.016,0
3754.67,12,30,35000,2,0,0.035,1
29391.67,12,36,45000,1,0,0.437,1
617.67,10,39,90000,1,0,0.003,0
0.0,0,43,105000,1,10,0.0,1
201849.67,12,30,125000,2,0,0.79,0
9105.67,10,30,100000,1,20,0.086,0
244027.33,12,36,120000,2,20,1.0,0
0.0,0,32,250000,3,10,0.0,0
18900.33,8,32,10000,2,20,0.947,0
18.0,0,44,80000,3,0,0.0,0
4203.0,12,32,125000,1,0,0.015,0
5990.67,12,44,180000,2,0,0.005,0
3728.0,12,44,150000,2,0,0.026,0
327606.33,12,45,250000,2,0,0.988,0
100420.67,10,40,210000,2,20,0.243,0
11018.67,12,36,15000,2,0,0.07,0
76747.33,12,48,130000,2,0,0.328,0
9003.67,12,45,180000,2,0,0.056,0
15314.33,12,32,110000,2,0,0.084,0
20018.67,12,35,10000,3,0,0.99,0
18.0,2,37,115000,1,0,0.0,1
1529.0,4,41,50000,2,20,0.024,0
0.0,0,44,90000,1,0,0.0,0
13177.33,12,45,150000,2,0,0.043,0
481.67,2,46,80000,3,0,0.006,0
6128.0,10,43,5000,2,20,0.611,0
4312.33,12,39,150000,1,0,0.01,0
99850.67,12,37,40000,1,0,1.0,0
388802.0,12,39,220000,1,0,0.883,1
13575.33,10,33,40000,2,20,0.157,0
0.0,4,45,115000,1,0,0.0,0
2206.67,12,47,170000,2,0,0.001,0
28870.67,12,48,25000,2,0,1.0,0
5523.0,12,37,40000,1,0,0.025,0
22420.33,12,47,75000,1,0,0.261,0
1932.33,10,43,80000,1,0,0.019,1
197560.67,12,40,195000,4,0,0.502,0
18226.0,12,37,250000,1,0,0.034,0
28003.0,12,32,50000,2,0,0.292,0
95665.0,12,41,155000,1,0,0.099,0
29743.67,8,43,15000,1,0,0.978,0
8130.0,4,45,10000,2,0,0.361,0
65861.67,10,45,250000,1,0,0.174,0
234.0,0,37,75000,1,0,0.005,0
5255.33,6,38,180000,1,20,0.013,1
65025.67,12,31,100000,1,0,0.341,0
17907.0,12,36,135000,1,0,0.062,0
18925.0,12,32,115000,2,0,0.078,0
465.67,2,40,75000,1,0,0.008,0
128514.0,12,41,120000,1,0,0.541,0
58882.67,12,49,125000,2,0,0.164,0
6615.33,12,35,120000,1,0,0.015,1
32344.33,12,34,170000,1,0,0.005,0
18998.67,6,35,80000,1,20,0.325,0
47046.0,12,33,90000,2,0,0.249,0
63087.67,10,41,120000,2,0,0.004,0
81104.33,10,43,60000,2,0,1.0,0
15998.0,10,40,75000,4,0,0.14,0
0.0,0,31,105000,1,10,0.0,0
343823.33,12,31,250000,2,0,0.697,0
76618.33,12,49,40000,3,0,1.0,0
0.0,6,45,15000,3,0,0.0,0
33548.67,12,33,30000,2,0,0.94,0
15674.33,12,35,185000,2,0,0.054,0
390.0,10,33,15000,2,0,0.013,0
2051.33,2,30,75000,1,0,0.041,1
60188.33,12,42,50000,1,0,0.616,0
44880.33,12,39,40000,2,0,0.61,0
3850.0,10,32,100000,1,0,0.042,0
51385.33,10,33,40000,2,30,0.638,1
158412.67,12,42,70000,2,0,1.0,0
262431.67,12,40,145000,2,0,0.891,0
25993.67,12,36,175000,1,0,0.081,0
6211.67,10,39,155000,1,0,0.039,0
19389.33,10,42,40000,2,20,0.227,1
26556.33,12,37,15000,3,0,0.856,1
0.0,4,47,115000,2,0,0.0,0
0.0,0,37,75000,1,0,0.0,0
60837.33,12,29,55000,2,0,0.546,0
31620.33,12,29,85000,2,0,0.295,0
736.67,8,30,100000,1,20,0.0,0
149641.67,12,30,130000,2,0,0.568,0
40558.33,12,47,25000,2,0,0.786,0
49946.33,12,42,25000,2,0,0.994,0
15662.33,10,46,210000,1,0,0.047,0
212.33,6,36,110000,1,20,0.003,1
497.33,12,36,115000,1,0,0.004,0
260535.67,12,49,140000,2,0,0.995,0
26387.0,10,45,10000,2,20,1.0,1
34872.0,12,44,100000,1,0,0.176,0
8676.33,12,37,140000,1,0,0.032,0
125060.67,10,45,85000,2,20,0.769,1
49449.0,12,42,25000,2,0,0.992,0
106475.67,12,33,120000,1,0,0.43,0
33202.67,12,45,100000,3,0,0.229,0
93634.67,12,42,50000,2,0,1.0,1
185642.0,12,30,115000,1,0,0.805,0
201404.0,12,32,120000,2,0,0.832,0
134576.33,12,32,120000,2,0,0.551,0
20822.33,12,36,40000,2,0,0.283,0
6534.0,10,30,40000,2,0,0.263,0
1689.33,12,48,25000,3,20,0.058,0
147989.0,12,38,90000,2,0,0.835,1
3038.33,6,31,75000,1,0,0.032,0
140742.33,12,42,70000,1,20,1.0,1
70143.0,12,43,40000,2,20,0.858,0
3310.33,12,43,150000,2,0,0.02,0
17526.33,12,34,175000,2,0,0.055,0
45846.67,10,46,55000,3,0,0.405,1
37914.67,12,37,65000,2,0,0.257,0
101141.67,4,45,65000,2,0,0.976,0
99173.0,12,48,85000,2,0,0.587,0
52908.33,12,43,155000,1,0,0.362,0
22510.67,10,36,250000,3,0,0.102,0
896.67,4,35,115000,1,0,0.008,0
9672.33,6,35,25000,2,20,0.178,1
21805.33,12,44,195000,3,0,0.091,0
3952.33,10,43,100000,3,0,0.029,0
55758.0,12,34,190000,1,0,0.066,0
115321.0,12,41,70000,2,0,0.932,0
114068.33,12,49,210000,2,0,0.275,0
24281.67,12,42,25000,2,30,0.484,1
1327.67,6,46,50000,3,20,0.038,0
51087.0,10,36,25000,2,20,1.0,1
59707.67,12,37,70000,2,0,0.415,0
37980.0,12,40,25000,1,0,0.97,0
0.0,4,48,10000,2,10,0.0,1
220695.33,12,45,130000,2,0,0.938,0
150.0,0,37,120000,2,0,0.0,1
13130.0,8,49,10000,3,0,0.608,0
11838.0,10,38,100000,2,20,0.094,0
81935.0,12,40,75000,2,0,0.581,0
1024.0,0,35,140000,1,0,0.011,0
7882.0,10,34,140000,1,0,0.01,0
490.33,8,34,60000,1,10,0.0,1
6828.33,4,47,80000,2,0,0.012,0
64002.0,12,37,40000,2,0,0.794,0
42688.33,12,43,250000,2,0,0.084,0
19638.33,0,42,25000,2,50,0.405,1
3413.33,10,36,60000,1,0,0.023,1
9682.33,10,34,75000,1,0,0.038,0
148502.67,12,34,75000,2,0,1.0,0
575.0,4,31,100000,2,0,0.008,0
944.0,8,31,80000,1,0,0.0,0
75182.33,12,33,100000,2,0,0.42,0
1749.0,12,43,140000,2,10,0.0,1
22264.33,12,39,60000,2,20,0.172,1
4039.0,8,42,180000,1,20,0.028,0
846.33,10,49,75000,2,10,0.0,0
29941.0,10,39,195000,1,0,0.11,0
9125.33,12,34,100000,2,0,0.036,0
216980.33,10,37,100000,2,20,1.0,0
60652.33,12,43,30000,2,0,1.0,0
270.33,10,30,150000,1,0,0.0,0
206603.0,12,32,210000,2,0,0.504,0
0.0,4,33,85000,1,10,0.0,0
59521.33,12,28,85000,1,0,0.334,0
29183.0,12,28,80000,1,0,0.097,0
2234.33,12,28,105000,1,0,0.013,0
1337.67,8,29,100000,4,0,0.013,0
150587.33,12,30,100000,2,0,0.77,0
45602.33,12,32,30000,1,0,0.986,0
1051.0,8,33,250000,1,0,0.0,0
2257.0,6,33,75000,1,20,0.023,0
164844.33,12,42,155000,2,0,0.0,0
38850.33,12,31,175000,1,0,0.101,0
7044.0,10,35,70000,1,0,0.057,1
12639.0,12,30,160000,1,0,0.03,0
10887.67,12,32,165000,1,0,0.037,0
11899.67,12,36,100000,2,0,0.054,0
10013.33,12,41,215000,4,0,0.006,0
168152.67,12,30,85000,3,0,1.0,0
13244.0,12,30,150000,1,0,0.052,0
100200.0,12,39,225000,2,0,0.483,0
9096.0,8,44,125000,2,0,0.094,0
3833.33,2,29,150000,1,0,0.038,0
162663.67,12,30,115000,2,0,0.651,0
3000.0,0,35,115000,1,0,0.039,0
23262.0,4,37,50000,2,0,0.144,0
16654.67,10,52,10000,3,20,0.93,0
46818.33,12,54,25000,1,0,0.916,0
61642.67,12,50,35000,1,20,0.886,1
166579.33,12,52,85000,2,0,1.0,1
107196.33,12,53,55000,3,0,0.958,0
19018.67,12,50,15000,3,20,0.596,0
60594.0,12,50,30000,2,20,1.0,1
64489.33,12,59,35000,2,20,0.958,0
5167.33,6,50,10000,3,0,0.257,1
14094.0,12,51,15000,3,0,0.504,0
9194.67,8,52,15000,2,20,0.234,1
384.33,12,54,245000,3,0,0.001,0
1885.33,12,53,140000,2,20,0.007,0
0.0,0,51,75000,1,10,0.0,0
0.0,4,52,120000,2,10,0.0,0
13571.33,12,53,115000,2,0,0.041,0
13976.67,8,52,50000,1,20,0.137,1
54267.0,12,51,30000,2,0,0.954,0
39340.67,12,51,25000,3,0,0.766,0
38501.33,8,52,35000,2,20,0.55,0
48800.67,10,52,25000,3,30,0.991,0
39308.0,12,52,55000,2,0,0.348,0
443294.0,12,51,100000,4,20,1.0,0
40247.67,12,51,110000,3,0,0.2,0
18303.0,6,50,15000,3,0,0.855,0
14794.0,10,50,10000,2,20,0.689,1
14305.33,10,51,10000,2,20,0.736,0
16677.33,6,51,10000,3,0,0.938,0
8946.0,12,51,140000,1,0,0.001,1
41018.67,12,54,50000,3,0,0.401,0
127319.67,12,56,150000,2,0,0.431,0
1954.0,10,54,100000,3,20,0.014,0
49379.67,12,52,25000,3,20,0.979,0
18669.0,12,52,10000,2,0,0.933,0
23876.33,8,61,15000,3,20,0.815,0
226022.33,12,50,215000,2,0,0.625,0
1129.33,2,55,45000,2,0,0.038,0
63494.0,12,50,140000,2,0,0.031,0
19636.67,8,50,10000,3,0,0.984,0
136965.67,12,52,75000,3,0,0.932,0
26698.0,12,50,150000,1,0,0.075,0
78434.0,12,52,40000,4,20,0.998,0
5638.67,8,50,140000,1,0,0.01,0
81389.33,2,50,60000,3,0,1.0,0
43802.67,10,51,105000,3,20,0.204,1
0.0,2,52,20000,2,0,0.0,0
40564.0,10,52,50000,2,0,0.396,0
0.0,2,54,45000,3,0,0.0,1
390.0,10,49,40000,2,0,0.005,1
5913.33,12,51,85000,2,0,0.057,0
2400.0,0,52,175000,1,70,0.007,1
77679.67,12,55,40000,3,20,0.955,0
26123.0,12,58,15000,3,0,0.829,0
6535.33,12,54,250000,1,0,0.013,1
954.0,12,53,90000,2,0,0.0,0
11200.0,8,57,40000,3,0,0.42,0
4799.33,6,51,75000,2,0,0.088,0
107083.0,12,51,300000,3,0,0.159,0
23215.33,12,51,25000,2,0,0.484,0
6617.67,10,51,10000,2,20,0.271,0
416.67,8,72,75000,3,0,0.0,0
48961.0,12,50,50000,3,0,0.479,0
10157.33,12,58,10000,3,20,0.414,1
62705.67,10,55,40000,3,20,0.846,0
19200.33,10,52,25000,3,20,0.387,0
88670.67,8,52,75000,2,20,0.569,0
50330.67,4,52,45000,3,0,0.546,0
22348.33,8,50,40000,1,0,0.384,0
92240.67,10,48,95000,2,20,0.474,1
1730.0,10,50,160000,1,0,0.006,0
13544.0,12,50,250000,2,0,0.02,0
50311.0,12,57,25000,3,0,1.0,1
56420.67,10,62,30000,1,20,0.965,0
99297.33,12,53,50000,3,0,0.98,0
196.67,12,54,75000,1,0,0.0,1
2537.67,6,50,140000,4,20,0.019,0
48038.0,12,50,50000,3,0,0.49,0
22561.33,10,50,15000,2,30,0.733,1
39525.33,10,50,25000,1,20,0.77,1
32931.67,12,50,30000,2,0,0.555,0
28429.67,6,55,20000,3,20,0.696,0
0.0,0,51,80000,3,0,0.0,0
8442.0,8,50,75000,2,0,0.057,0
450.0,4,50,100000,2,0,0.0,1
60673.0,12,51,30000,3,0,1.0,0
7007.0,10,51,105000,1,20,0.017,0
4600.67,6,52,25000,1,20,0.128,0
3464.67,12,52,180000,1,0,0.018,0
77727.67,12,52,40000,3,0,0.964,0
3.0,2,52,180000,1,0,0.0,1
9366.67,12,52,70000,2,0,0.006,0
12612.67,10,52,130000,3,20,0.038,1
71419.33,12,52,90000,2,0,0.425,0
0.0,2,55,150000,1,0,0.0,0
71762.33,10,53,100000,3,20,0.444,0
31562.0,12,53,195000,1,0,0.078,0
1373.0,10,59,65000,3,0,0.003,0
32018.0,12,56,65000,3,0,0.232,0
375.33,10,53,120000,2,0,0.004,0
13498.67,12,54,40000,3,0,0.152,0
16555.67,12,56,175000,1,0,0.024,0
66947.33,10,62,55000,2,20,0.599,0
11965.0,10,56,15000,2,20,0.341,1
112910.33,6,53,65000,2,20,0.864,0
62368.33,8,54,40000,3,0,0.941,0
58343.67,12,55,30000,2,20,1.0,0
157843.67,12,70,90000,3,0,0.904,0
43765.67,12,54,25000,3,0,0.847,0
10582.67,12,57,35000,3,0,0.143,0
836.0,10,60,135000,1,20,0.003,1
4666.33,6,55,55000,3,20,0.045,1
25076.67,12,53,75000,2,0,0.077,0
19439.67,10,53,75000,3,0,0.194,0
10402.0,12,56,85000,3,0,0.002,0
49373.67,12,62,35000,2,20,0.691,1
2.0,4,57,180000,1,0,0.0,0
94158.0,12,59,100000,1,0,0.461,0
46909.67,12,69,100000,2,0,0.229,0
0.0,0,61,70000,3,10,0.0,1
200.0,4,58,180000,2,0,0.0,0
88881.0,12,54,90000,4,0,0.487,0
46074.0,12,55,40000,2,0,0.998,0
203.67,6,53,195000,1,0,0.002,0
278156.0,12,53,220000,1,0,0.671,0
366.67,0,55,25000,2,0,0.022,0
503.0,12,60,40000,2,0,0.007,0
2204.67,2,54,115000,2,20,0.001,0
61598.0,12,53,45000,3,0,0.675,0
18556.0,10,54,40000,3,20,0.208,0
29085.0,12,64,175000,3,0,0.088,0
135791.0,12,64,220000,4,0,0.305,0
87433.33,10,54,45000,3,30,0.958,1
31080.33,12,56,20000,2,0,0.751,1
51856.0,12,61,25000,2,30,1.0,1
40331.0,12,58,25000,3,30,0.793,0
390.0,12,55,50000,3,0,0.004,1
170474.67,8,56,100000,3,0,0.967,0
53610.33,12,55,90000,3,0,0.293,0
0.0,0,62,90000,2,10,0.0,1
16585.67,10,58,10000,2,0,0.895,0
50662.67,12,63,60000,3,0,0.412,0
85038.0,12,65,40000,3,20,1.0,0
51121.33,12,66,30000,3,40,0.789,0
100923.33,12,55,70000,2,0,0.772,0
3431.33,12,39,110000,2,0,0.007,0
26333.33,0,25,40000,1,20,0.988,0
51133.33,8,29,180000,2,0,0.187,0
57852.0,12,26,30000,3,0,0.94,0
509.33,0,29,25000,1,0,0.031,0
23246.67,8,28,10000,2,0,0.851,0
834.0,6,22,25000,2,10,0.0,0
390.0,12,29,180000,1,0,0.001,0
38343.33,12,34,25000,2,0,0.883,0
1284.67,8,27,65000,3,0,0.004,1
17733.33,12,22,10000,2,20,0.867,1
17324.33,8,22,10000,2,30,0.807,1
57498.67,12,35,150000,1,0,0.304,0
2464.0,8,36,125000,1,0,0.024,1
94401.33,12,37,50000,1,0,0.995,1
78504.33,12,37,40000,1,20,1.0,1
11218.33,10,22,10000,2,20,0.471,1
33927.33,12,23,25000,1,0,0.688,0
49999.0,12,23,25000,2,20,0.986,1
12944.0,4,23,10000,2,40,0.556,1
3052.0,0,23,25000,2,0,0.183,1
122844.0,4,23,90000,1,0,0.987,0
7176.0,8,23,25000,1,0,0.226,1
9566.0,12,23,10000,3,0,0.402,1
16144.67,12,22,10000,2,20,0.774,0
7553.67,8,22,5000,2,20,0.702,1
8276.67,10,21,5000,2,0,0.733,0
19795.67,10,22,10000,4,0,0.981,0
46520.0,8,24,75000,2,0,0.928,0
9359.67,10,21,5000,2,20,0.9,1
5241.33,10,23,10000,1,30,0.164,0
19845.33,4,24,10000,2,30,1.0,0
44736.0,10,23,25000,3,0,0.862,1
6654.0,6,24,5000,2,30,0.557,1
16425.33,0,23,25000,2,0,0.986,0
16963.33,10,23,10000,2,0,0.797,0
80321.33,8,23,45000,3,30,1.0,1
29984.67,6,23,15000,3,20,1.0,0
90170.0,12,25,55000,1,0,0.815,0
520.0,4,23,5000,1,20,0.078,1
18238.33,10,23,10000,2,20,0.839,1
5576.33,8,24,5000,2,20,0.538,0
732.67,6,25,40000,2,0,0.004,0
7724.67,10,24,10000,2,0,0.341,0
62099.33,12,25,120000,2,0,0.262,0
171501.67,12,40,85000,4,0,1.0,0
49298.33,4,23,40000,2,0,0.982,0
19670.33,10,22,10000,2,20,1.0,0
10527.0,10,22,10000,2,0,0.475,0
29091.0,12,37,240000,1,0,0.006,0
11386.67,6,23,10000,2,30,0.593,1
18646.0,12,24,10000,2,0,0.896,0
36289.0,12,22,50000,2,0,0.36,0
50185.0,4,23,25000,2,0,0.976,0
476.67,8,24,40000,2,20,0.018,0
3188.33,8,24,100000,1,0,0.046,0
129932.33,12,32,75000,4,0,1.0,0
390.0,2,34,15000,2,0,0.013,0
18915.67,10,25,70000,2,20,0.123,0
8077.67,10,21,5000,2,0,0.743,0
12090.33,12,24,10000,3,20,0.559,1
13878.0,12,26,25000,1,0,0.251,0
119600.0,12,25,65000,2,0,0.779,0
7377.0,10,26,25000,1,0,0.138,0
11914.67,12,26,80000,1,0,0.034,0
27794.33,10,26,15000,2,0,0.972,0
59156.0,12,27,40000,2,0,0.76,0
11790.33,8,25,10000,3,30,0.462,0
16993.33,8,24,10000,3,0,0.778,0
1886.0,6,24,5000,3,10,0.0,0
10106.0,12,26,55000,3,0,0.093,0
47449.0,12,24,25000,1,0,0.956,0
1776.67,10,25,20000,1,20,0.024,0
316.0,12,26,60000,2,0,0.003,0
49827.33,12,26,25000,2,0,0.989,0
186552.67,12,27,135000,1,0,0.653,0
170326.67,10,27,100000,1,20,0.89,1
8318.67,8,24,10000,2,20,0.387,0
26732.0,10,24,15000,2,0,0.929,0
150.0,2,26,10000,3,30,0.008,1
6506.67,6,24,10000,2,40,0.261,1
8226.0,8,24,5000,1,20,0.884,1
46812.33,12,24,25000,2,20,0.942,0
42691.0,12,25,30000,2,0,0.761,0
10418.0,6,26,100000,1,0,0.072,0
17885.33,10,26,55000,2,0,0.334,0
205942.0,12,27,105000,4,0,0.938,0
1599.33,12,27,10000,2,0,0.083,0
12255.33,12,27,150000,2,0,0.039,0
26412.0,4,22,15000,2,30,0.869,1
23258.33,12,24,25000,3,20,0.587,0
178642.33,10,24,40000,2,20,1.0,1
32840.67,8,26,25000,2,20,0.628,1
148102.33,12,27,115000,2,0,0.641,0
74440.67,10,27,55000,3,0,0.646,0
74728.67,12,27,70000,2,0,0.573,0
158721.67,12,28,70000,2,0,1.0,0
1293.67,10,28,180000,1,20,0.008,0
24333.33,8,25,45000,3,30,0.28,1
5584.0,10,26,5000,1,0,0.446,0
11395.67,10,26,90000,1,0,0.081,0
34777.67,12,26,60000,3,0,0.381,0
127860.0,12,25,65000,2,20,0.992,0
2113.33,10,25,45000,2,0,0.026,0
156720.0,12,26,85000,2,0,0.967,1
47821.67,10,23,25000,2,20,0.948,0
109370.33,12,26,200000,1,0,0.246,0
5961.67,12,24,5000,3,0,0.928,0
8497.33,12,27,180000,1,0,0.013,0
1201.33,12,25,50000,1,0,0.015,0
1100.0,8,25,40000,1,20,0.01,0
636.0,6,25,10000,2,0,0.02,0
12655.67,12,25,25000,1,0,0.313,0
1425.33,4,24,25000,1,20,0.039,0
10847.0,8,24,25000,1,0,0.251,0
32021.0,12,26,50000,2,0,0.309,1
165160.33,8,26,75000,1,20,1.0,1
4494.33,10,25,95000,1,20,0.017,0
76997.0,12,26,40000,1,0,0.947,0
10549.67,12,26,5000,2,0,0.986,0
28848.67,12,26,25000,1,0,0.58,0
135410.33,12,26,70000,4,0,0.972,0
143.67,2,25,40000,2,10,0.0,0
43710.33,10,26,25000,2,20,0.854,0
72609.33,8,34,40000,3,20,0.889,1
12302.67,0,27,10000,3,0,1.0,0
141949.33,12,27,85000,2,0,0.92,1
194.0,10,27,105000,1,10,0.0,1
4716.67,12,27,115000,2,0,0.024,0
19755.0,6,28,25000,1,0,0.465,0
25096.67,12,28,15000,2,20,0.803,0
49053.0,12,25,25000,2,0,0.968,0
15767.67,10,28,25000,2,20,0.282,1
16390.67,12,26,10000,2,20,0.898,0
33829.0,2,26,80000,2,0,0.012,0
65320.67,10,26,35000,3,20,0.921,1
18362.0,12,28,145000,1,0,0.063,0
83348.67,10,26,60000,3,0,0.735,0
46497.0,12,27,25000,2,0,0.912,0
99959.33,12,26,55000,1,0,0.926,0
11330.67,8,26,80000,4,0,0.07,0
26597.67,12,27,15000,3,0,0.986,0
236.33,4,27,105000,2,20,0.0,0
83714.0,12,27,75000,3,0,0.573,0
49518.33,10,28,60000,1,0,0.978,1
0.0,0,28,50000,2,10,0.0,1
112837.33,10,28,60000,1,20,0.951,1
186431.0,12,23,110000,4,0,0.827,0
123001.67,8,26,70000,2,20,0.853,1
7495.33,10,24,10000,2,20,0.348,1
226095.33,12,25,165000,2,0,0.695,0
173878.0,12,29,105000,1,0,0.872,0
325.0,10,29,215000,1,0,0.001,0
108318.67,12,28,75000,2,0,0.861,0
58946.33,12,28,105000,3,0,0.278,0
242794.0,12,29,120000,2,0,1.0,0
138618.0,12,30,70000,2,20,0.989,1
46982.33,12,28,25000,2,0,0.912,1
90454.33,12,28,200000,1,0,0.053,0
156536.67,12,28,80000,4,0,0.965,0
93417.67,6,28,65000,1,0,0.701,0
1504.0,12,26,80000,2,0,0.023,0
26919.33,10,27,15000,2,20,0.836,0
14318.0,10,27,10000,3,0,0.669,1
203402.67,12,27,100000,2,0,1.0,0
13002.33,12,27,10000,2,10,0.0,0
2120.0,2,27,65000,1,0,0.017,0
473.67,10,30,50000,2,0,0.004,0
48026.33,12,24,75000,4,0,0.07,0
85467.0,12,25,50000,2,0,0.837,0
10903.33,12,27,20000,1,20,0.255,1
26969.0,12,26,25000,1,0,0.865,0
126497.67,10,32,75000,2,20,0.849,1
48168.0,8,29,25000,2,20,0.927,0
51187.67,12,24,25000,2,0,1.0,0
36389.33,8,29,30000,2,20,0.599,1
5150.67,10,30,160000,1,0,0.017,0
77254.33,8,30,45000,2,20,1.0,1
146393.0,12,30,80000,2,0,0.975,0
2260.0,10,25,15000,2,20,0.133,1
34893.0,12,26,25000,2,0,0.828,0
18852.67,10,27,10000,2,0,0.991,0
60942.33,8,27,75000,2,20,0.392,0
5649.67,12,28,35000,1,0,0.074,0
35873.67,12,28,90000,1,0,0.226,0
16167.33,12,29,160000,1,0,0.029,0
71334.67,10,29,45000,2,0,0.943,0
81061.33,10,29,105000,2,0,0.298,0
67172.0,12,26,90000,2,0,0.374,0
7869.33,12,28,180000,2,0,0.02,0
333.33,0,28,50000,4,0,0.01,0
0.0,0,28,150000,1,10,0.0,0
390.0,8,27,80000,2,0,0.002,0
41135.33,8,27,25000,2,20,0.861,1
27988.33,12,29,25000,1,0,0.544,1
2091.33,2,33,80000,4,0,0.001,0
9802.67,12,30,80000,1,0,0.07,0
19255.33,4,30,10000,2,40,0.969,0
171371.33,8,27,125000,1,0,0.578,0
20846.0,10,27,25000,1,0,0.671,0
30649.67,10,26,15000,2,30,1.0,0
17920.67,10,31,25000,2,20,0.461,0
45615.67,8,28,25000,1,0,0.841,0
54526.0,12,28,25000,3,0,1.0,0
6738.33,12,28,100000,1,0,0.013,0
61342.33,12,28,40000,1,0,0.949,0
137501.67,12,29,110000,1,0,0.664,0
44610.33,10,28,30000,1,20,0.984,0
3622.67,6,29,115000,1,0,0.02,0
29970.0,12,31,105000,2,0,0.147,0
46291.0,12,32,25000,2,0,0.986,0
10836.67,6,26,10000,3,30,0.522,1
47560.67,12,28,160000,2,0,0.145,0
29368.67,8,28,90000,2,20,0.164,0
4784.33,10,30,70000,2,20,0.001,0
240.33,2,25,15000,3,0,0.04,0
30843.67,12,25,25000,3,0,0.705,0
1341.0,12,30,85000,4,0,0.002,0
11508.0,12,29,40000,2,20,0.124,1
84606.0,12,30,145000,2,0,0.029,0
17155.0,8,28,10000,2,20,0.871,1
839.67,10,27,10000,2,0,0.034,0
2904.33,12,26,50000,1,0,0.018,0
0.0,0,27,5000,3,10,0.0,0
23653.67,12,28,15000,3,20,0.754,1
124601.33,10,29,90000,1,20,1.0,0
2419.33,6,31,80000,1,20,0.021,0
68967.67,12,29,195000,2,0,0.168,0
43330.0,10,28,45000,2,0,0.47,0
400.0,4,29,155000,2,30,0.001,0
64166.33,12,29,50000,2,0,0.662,0
4416.67,12,27,25000,3,0,0.063,0
24158.67,12,30,250000,2,20,0.041,0
81653.33,10,30,60000,2,20,0.669,0
48066.33,12,29,40000,3,0,0.652,0
88146.33,12,27,70000,1,0,0.633,0
43184.0,8,31,25000,2,20,1.0,0
162982.0,12,30,200000,1,0,0.406,0
25035.0,12,29,190000,1,0,0.064,0
60361.0,12,29,50000,1,0,0.578,0
117060.33,12,29,55000,1,0,0.947,0
34206.0,12,29,65000,2,10,0.0,0
2669.33,12,29,100000,2,0,0.007,0
38317.67,12,25,85000,1,0,0.0,0
18249.0,12,27,25000,2,0,0.357,0
8101.67,12,29,70000,3,0,0.052,0
46959.0,12,32,25000,2,0,0.825,1
93960.33,12,29,50000,4,0,0.921,0
112394.67,10,32,100000,2,20,0.552,1
67763.0,6,33,35000,3,0,1.0,1
133623.67,12,29,160000,2,0,0.458,0
34922.0,10,31,45000,1,20,0.362,0
180784.33,12,31,110000,2,0,0.761,1
166126.33,12,28,85000,4,0,0.999,0
149301.0,12,28,75000,2,20,1.0,0
346.67,4,29,90000,1,0,0.0,1
107227.67,12,29,55000,2,0,0.954,0
182463.67,8,30,100000,1,20,0.912,1
3184.67,8,30,75000,1,0,0.007,0
2285.67,12,30,130000,1,0,0.009,0
362179.67,12,30,180000,1,0,1.0,0
47456.33,10,29,65000,2,20,0.364,0
20498.33,12,29,250000,1,0,0.059,0
273901.67,12,29,170000,1,0,0.815,1
51764.33,10,26,35000,1,20,0.741,0
9356.33,8,29,45000,2,0,0.006,0
48574.67,8,30,25000,2,40,0.999,1
9735.67,12,30,85000,2,0,0.002,0
45145.33,12,30,25000,3,0,0.874,0
48694.0,10,29,45000,1,20,0.529,0
61064.67,12,29,100000,2,0,0.346,0
18546.33,12,32,10000,2,0,0.924,0
163501.67,12,32,140000,3,0,0.567,1
5976.67,12,33,100000,3,0,0.029,0
50136.67,10,32,25000,2,20,1.0,1
7121.0,10,32,50000,1,0,0.136,0
1217.33,10,32,60000,2,0,0.01,0
7297.33,12,32,15000,3,0,0.199,0
31472.0,12,32,80000,2,0,0.239,0
3823.33,12,29,180000,1,20,0.019,0
13050.67,12,33,100000,2,0,0.09,1
25642.0,12,29,110000,1,0,0.118,0
3930.33,12,30,40000,1,0,0.069,0
34051.0,12,30,80000,1,0,0.105,0
6457.0,10,30,130000,2,20,0.018,0
116462.67,12,31,60000,2,0,1.0,0
46005.33,10,30,40000,2,20,0.67,0
86441.67,12,30,10000,1,0,1.0,0
82508.0,12,30,50000,3,0,0.922,0
12948.0,8,31,25000,2,30,0.209,0
10300.0,2,29,25000,2,0,0.618,0
181572.67,10,37,130000,1,30,0.629,1
17610.67,12,38,25000,2,0,0.33,0
294384.33,12,28,95000,2,0,1.0,0
46504.67,12,33,100000,1,0,0.245,0
119560.67,12,48,70000,2,0,0.943,0
578.33,4,42,65000,1,20,0.003,1
14581.0,10,26,25000,3,20,0.293,1
36717.67,8,31,50000,2,20,0.362,0
101829.67,12,37,100000,3,0,0.519,0
8549.67,10,23,5000,3,0,0.779,0
17136.67,12,24,10000,2,0,0.77,0
2539.0,8,25,10000,2,0,0.267,0
27307.67,2,22,15000,2,50,0.838,1
10534.67,2,27,15000,2,40,0.362,1
259730.33,12,30,155000,2,0,0.818,0
64763.0,12,31,25000,2,0,0.98,1
6415.0,10,47,160000,4,0,0.027,0
148927.33,8,45,80000,2,0,0.974,1
27849.0,10,31,25000,3,20,0.904,0
4782.67,12,31,10000,2,0,0.188,1
64376.0,10,32,165000,2,20,0.184,0
2435.0,12,36,5000,3,0,0.058,1
82362.33,8,41,50000,1,20,0.891,0
22021.0,12,42,65000,1,0,0.184,0
10711.67,0,44,10000,3,40,0.551,1
338304.67,12,39,185000,2,20,0.928,1
27809.33,8,41,95000,3,20,0.436,0
28805.67,12,35,25000,2,0,0.405,0
27555.0,12,28,90000,1,0,0.148,0
46266.67,8,30,30000,2,20,0.769,1
162891.33,12,29,85000,1,0,1.0,0
37869.0,10,49,35000,1,20,0.546,1
104452.33,12,32,75000,2,0,0.979,1
37995.67,10,32,50000,2,20,0.349,1
11370.0,8,35,10000,2,70,0.343,1
129560.0,12,38,165000,2,0,0.439,0
11783.67,8,31,10000,3,30,0.568,1
15350.0,12,32,100000,3,0,0.024,0
54125.67,12,40,45000,3,0,0.592,1
36552.0,6,47,45000,2,0,0.603,1
0.0,0,39,75000,3,0,0.0,0
17492.67,8,47,10000,3,20,0.881,1
17595.0,12,28,25000,2,0,0.338,0
7893.67,8,32,10000,2,0,0.358,0
65372.0,12,48,90000,1,0,0.36,0
36540.0,10,29,25000,2,20,0.71,1
180162.33,6,37,90000,2,0,0.974,0
203349.0,10,40,100000,2,20,1.0,1
168153.0,12,28,90000,1,20,0.973,0
30203.0,12,31,220000,1,0,0.085,0
25426.33,8,40,15000,2,30,0.871,1
69219.67,12,36,135000,1,0,0.406,0
132914.0,12,28,65000,3,0,1.0,0
12938.0,12,29,25000,2,0,0.264,0
396.0,12,42,65000,2,0,0.003,0
120808.33,10,41,95000,2,20,0.67,1
55009.0,8,34,25000,2,20,1.0,1
46130.33,12,35,25000,2,0,0.998,0
31756.33,12,42,25000,3,0,0.845,0
56553.67,8,44,40000,3,0,0.691,1
29500.33,12,36,35000,2,0,0.472,0
33023.0,12,49,25000,3,0,0.965,0
26281.33,8,33,15000,1,20,0.861,0
98745.0,10,34,155000,2,20,0.646,0
52847.67,10,35,60000,2,20,0.412,1
188888.33,12,47,140000,2,0,0.685,0
38318.0,12,39,45000,2,0,0.408,0
26.0,4,42,140000,1,0,0.0,0
6043.0,8,44,5000,2,0,0.644,1
1534.33,8,43,170000,1,0,0.001,0
54571.67,6,44,35000,2,20,0.776,1
11090.33,10,49,280000,2,20,0.024,0
2023.67,10,40,180000,2,20,0.004,0
34974.33,12,47,35000,3,0,0.584,0
168410.67,12,45,110000,2,0,0.753,0
820.0,12,40,100000,1,0,0.004,0
25080.67,12,39,90000,3,0,0.134,0
117515.67,12,39,105000,2,0,0.825,0
75108.0,12,39,50000,2,0,0.741,0
31940.0,10,44,25000,3,20,0.116,0
37525.67,12,34,25000,3,0,0.881,0
58987.67,10,34,105000,1,0,0.203,0
2400.0,0,37,10000,2,70,0.12,1
172541.0,10,36,85000,1,20,1.0,0
6266.67,10,37,90000,3,0,0.063,0
263468.67,10,38,135000,3,20,0.957,1
1085.33,12,41,225000,2,0,0.002,0
30666.67,8,41,30000,2,20,0.452,1
25905.0,6,36,15000,2,40,0.742,0
40938.33,12,41,25000,2,0,0.787,0
19537.0,12,46,140000,3,0,0.051,0
59972.33,10,33,210000,1,20,0.405,0
24730.0,12,45,25000,3,0,0.586,0
19173.0,10,45,60000,2,20,0.188,0
31355.33,4,41,25000,2,40,0.643,1
80723.67,10,49,60000,1,0,0.084,0
390.0,12,43,50000,2,0,0.004,0
10724.0,8,22,10000,1,20,0.53,0
20540.33,0,24,10000,3,50,1.0,0
25213.33,6,30,15000,2,30,0.864,1
182623.67,12,30,120000,1,0,0.745,0
35292.33,12,33,180000,3,0,0.09,0
1615.33,4,44,25000,2,20,0.029,1
1450.67,4,46,90000,2,0,0.002,1
96378.67,12,39,110000,1,0,0.439,0
24733.33,12,45,225000,1,0,0.059,1
2662.33,12,42,15000,2,0,0.093,0
26820.0,12,41,25000,2,0,0.624,0
3661.0,12,36,180000,2,0,0.013,0
51713.67,12,34,180000,2,0,0.138,0
15887.67,12,40,10000,2,0,0.718,0
933.33,6,36,115000,2,0,0.0,0
48112.67,12,40,25000,2,0,0.941,1
19204.67,12,42,210000,1,0,0.031,0
18506.33,12,40,10000,3,0,0.949,1
15886.33,8,40,10000,3,30,0.668,1
63380.67,12,37,35000,2,0,0.828,0
29982.33,6,46,20000,2,30,0.683,1
16884.0,8,34,10000,2,30,0.823,1
6356.0,6,30,70000,1,0,0.096,0
99.0,12,33,65000,2,0,0.001,0
20480.0,6,35,120000,1,0,0.075,0
16289.0,12,30,10000,2,0,0.754,1
9344.67,10,34,115000,2,0,0.118,0
130815.67,12,44,250000,2,0,0.154,0
18492.33,10,46,10000,2,0,0.874,1
41915.67,12,42,25000,2,0,0.893,0
88199.0,2,38,65000,1,0,1.0,0
4903.0,12,42,200000,2,0,0.007,1
38324.67,12,40,25000,3,20,0.745,0
36328.67,12,30,180000,1,0,0.023,0
45909.67,10,34,25000,3,30,0.899,1
8402.33,10,44,10000,2,0,0.442,0
833.33,6,40,80000,1,0,0.003,1
30149.33,12,32,210000,3,0,0.004,0
31554.33,8,34,75000,1,30,0.216,1
86876.0,12,37,95000,1,0,0.519,0
17884.33,10,31,10000,3,20,0.825,1
8050.0,12,32,205000,1,0,0.008,0
48767.0,12,32,135000,1,0,0.175,0
110079.67,4,32,60000,1,0,0.888,0
30219.0,12,33,15000,2,0,1.0,0
109944.33,10,33,120000,3,20,0.27,0
25649.0,12,33,150000,1,0,0.106,0
93180.0,12,34,250000,1,0,0.209,0
5176.0,12,34,350000,1,0,0.005,0
88870.33,12,33,55000,1,0,0.842,0
21581.33,12,34,245000,2,0,0.051,0
23997.33,12,34,250000,1,0,0.065,0
396.0,10,43,25000,2,0,0.008,1
9521.33,12,42,215000,1,0,0.026,0
19353.0,12,37,100000,2,0,0.147,0
209833.67,12,38,135000,3,0,0.977,0
7480.0,12,49,110000,2,0,0.002,0
520.0,4,34,10000,2,20,0.02,0
193.0,12,35,140000,1,10,0.0,0
54962.0,12,49,35000,2,0,0.845,0
9898.0,12,43,210000,1,0,0.019,0
59864.67,12,44,45000,2,20,0.649,1
5987.67,10,37,5000,2,0,0.693,0
79997.33,8,41,60000,2,20,1.0,1
294866.67,12,49,170000,2,0,0.934,0
211020.33,12,49,175000,2,0,0.609,0
74582.33,10,34,50000,2,20,0.842,1
23752.0,12,37,30000,1,20,0.366,1
0.0,6,42,145000,2,0,0.0,1
15195.33,8,37,15000,2,0,0.502,1
4708.33,12,31,90000,2,0,0.035,1
53825.33,12,49,25000,2,0,1.0,1
35716.0,10,39,80000,2,20,0.214,1
29618.33,12,49,15000,4,0,0.981,0
833.33,0,47,120000,1,20,0.01,1
154941.0,12,43,130000,3,0,0.594,0
11123.67,8,42,10000,2,20,0.553,1
43359.33,12,39,25000,3,20,0.845,0
31714.33,8,37,90000,1,0,0.275,0
1943.33,12,43,55000,3,0,0.004,0
390.0,12,33,65000,2,0,0.003,0
390.0,8,45,15000,2,0,0.013,0
1344.0,12,48,65000,2,0,0.009,0
16585.67,10,38,85000,2,0,0.097,1
169581.33,12,38,120000,2,0,0.698,0
2310.67,12,38,180000,1,0,0.005,0
35405.33,10,37,75000,1,0,0.002,0
69417.0,12,38,35000,3,0,0.977,1
211143.0,12,30,110000,2,0,1.0,0
70414.33,12,31,40000,2,0,0.979,0
25681.67,12,31,90000,1,0,0.097,0
28481.67,12,32,195000,1,0,0.067,0
18674.33,12,48,10000,3,0,0.96,1
84191.0,10,44,50000,1,20,0.818,0
13014.33,12,37,5000,2,0,1.0,0
763.33,4,42,40000,3,0,0.005,0
13674.0,10,48,165000,1,0,0.0,0
12176.67,8,47,10000,2,20,0.531,1
776.67,12,33,135000,1,0,0.001,0
1981.33,12,33,140000,2,0,0.0,0
104377.0,12,33,90000,2,0,0.578,0
101118.33,12,44,175000,3,0,0.762,0
112241.67,12,44,100000,3,20,0.739,1
49981.0,12,41,25000,2,0,0.988,1
42596.33,6,41,250000,1,20,0.125,0
1524.67,12,43,70000,1,0,0.01,0
0.0,0,40,90000,1,0,0.0,1
84204.0,12,49,270000,4,0,0.155,0
516.0,2,28,15000,1,0,0.02,0
6324.33,12,42,135000,1,0,0.024,0
0.0,0,28,105000,1,10,0.0,0
3475.67,6,45,80000,4,10,0.0,0
23272.33,10,39,25000,3,20,0.692,0
6552.33,12,29,25000,2,0,0.103,0
39576.0,12,33,100000,2,20,0.288,0
433.33,8,35,120000,1,20,0.001,1
46489.33,10,32,25000,1,20,0.92,1
8252.67,6,28,40000,2,0,0.133,0
80683.0,10,34,40000,2,20,1.0,1
22610.67,10,30,40000,2,30,0.171,1
3494.67,8,38,100000,2,0,0.037,0
158277.67,6,41,100000,3,0,0.86,1
0.0,0,38,145000,1,10,0.0,0
124103.33,10,39,40000,2,0,1.0,0
105865.33,8,40,125000,1,20,1.0,0
390.0,6,37,25000,2,10,0.0,0
228193.33,12,45,120000,2,0,0.951,0
60676.33,12,43,65000,2,0,0.46,0
67050.33,12,45,95000,2,0,0.436,0
7570.0,10,40,10000,2,0,0.063,0
48829.33,8,32,30000,2,20,0.798,0
18597.0,8,35,85000,2,20,0.105,0
35454.0,8,46,25000,3,20,0.711,0
228425.33,12,31,120000,2,0,0.959,0
188648.0,10,31,100000,1,30,0.912,1
0.0,0,31,65000,1,10,0.0,0
275556.0,12,31,180000,4,0,0.753,0
58394.33,12,33,100000,1,20,0.274,0
143475.67,12,38,80000,3,0,0.868,0
660.0,12,39,115000,1,0,0.003,0
4123.33,12,38,140000,1,10,0.016,0
22959.67,10,40,105000,1,20,0.113,0
47619.67,12,39,190000,3,0,0.098,0
6893.67,10,36,135000,2,20,0.021,1
818.33,4,34,75000,2,20,0.006,0
90170.0,10,30,55000,1,20,0.803,0
34669.67,12,32,250000,1,0,0.055,0
2750.67,6,41,50000,2,20,0.019,1
78997.0,12,30,65000,1,0,0.619,0
156439.67,8,34,100000,1,20,0.752,1
216531.33,12,47,140000,2,0,0.819,0
102756.33,12,39,210000,1,0,0.239,0
388.0,12,29,190000,1,0,0.001,0
0.0,0,33,110000,1,10,0.0,1
354.0,2,35,155000,2,0,0.0,0
102342.0,12,48,155000,2,0,0.331,0
552292.0,10,35,275000,1,20,0.98,0
17775.33,12,36,85000,1,0,0.223,0
43233.33,12,35,25000,1,0,0.985,0
2612.0,12,41,195000,1,0,0.018,0
12470.33,6,24,10000,2,0,0.91,0
23632.67,8,26,40000,1,0,0.228,0
111510.0,12,25,100000,2,0,0.443,0
0.0,4,27,40000,2,10,0.0,0
115204.67,12,28,100000,1,0,0.437,0
28287.0,12,30,65000,2,0,0.54,0
2443.0,0,28,100000,2,70,0.012,1
250.0,0,48,10000,3,70,0.012,1
8643.67,8,35,155000,2,0,0.007,0
152937.0,12,40,80000,3,0,0.94,0
150596.33,10,40,95000,2,20,0.786,1
52028.67,12,49,55000,2,0,0.467,0
86767.0,12,49,75000,2,0,0.574,0
43390.0,12,37,45000,1,0,0.572,0
56751.0,12,34,75000,1,0,0.374,0
785.33,10,41,80000,1,20,0.005,1
0.0,0,34,90000,1,0,0.0,0
9516.0,8,26,10000,2,20,0.424,1
50901.0,12,32,25000,2,0,1.0,1
198013.67,12,41,210000,2,0,0.46,0
29746.33,12,30,15000,2,0,0.973,0
1162.33,4,46,10000,3,20,0.092,1
1728.67,10,38,100000,1,20,0.009,0
43887.67,10,36,25000,1,20,0.919,1
51405.0,10,39,250000,1,20,0.032,1
13537.0,8,42,15000,3,20,0.488,0
4591.33,12,46,180000,2,0,0.024,1
128149.33,4,38,65000,2,0,1.0,0
966.67,8,45,10000,2,20,0.0,0
4046.33,8,34,100000,1,0,0.009,0
186408.67,10,39,170000,1,20,0.521,0
44325.67,8,33,25000,1,20,0.81,0
355.33,4,33,180000,1,0,0.002,0
3353.33,10,35,100000,2,0,0.006,0
48478.0,12,33,25000,2,0,0.947,1
3286.33,12,36,280000,2,0,0.008,0
68970.33,6,39,65000,3,20,0.512,1
14681.33,12,38,10000,3,0,0.612,0
24316.0,8,42,180000,1,0,0.086,0
22592.67,12,39,25000,3,0,0.465,0
45175.67,12,35,35000,2,20,0.631,1
33355.33,10,49,140000,2,20,0.115,0
7875.0,6,39,140000,2,0,0.022,0
45030.0,12,37,25000,3,0,0.886,0
102570.0,10,40,80000,2,0,0.636,0
4528.0,12,40,120000,3,0,0.037,0
0.0,0,48,150000,2,10,0.0,0
132471.33,12,39,140000,2,20,0.466,1
271178.0,12,30,265000,1,0,0.388,0
6891.67,12,32,60000,2,0,0.059,0
103011.0,12,33,65000,3,0,0.974,0
7903.67,12,35,250000,1,0,0.013,0
3040.67,10,31,35000,2,0,0.051,0
260.0,4,31,5000,2,0,0.039,0
15054.33,12,41,250000,1,0,0.022,0
8525.67,12,41,170000,1,0,0.033,0
5965.33,12,37,5000,3,0,0.495,1
170606.0,10,41,70000,2,20,1.0,0
1395.67,12,36,25000,2,0,0.025,0
182378.0,12,44,135000,2,20,0.694,1
65998.67,12,30,145000,2,0,0.225,0
40034.0,2,33,25000,1,20,0.727,0
5794.67,12,33,15000,2,0,0.213,0
259168.67,12,41,145000,1,0,0.95,0
12426.0,10,31,100000,1,0,0.045,0
52175.33,12,31,25000,1,20,1.0,0
3738.0,8,32,145000,1,30,0.013,1
130611.0,10,36,65000,1,20,0.986,0
13041.67,12,47,110000,2,0,0.016,0
80129.33,12,33,125000,1,0,0.306,0
159809.33,12,44,180000,1,0,0.452,0
243515.0,4,38,75000,1,50,1.0,1
134419.0,12,37,80000,2,0,0.877,0
1385.33,12,34,180000,1,0,0.007,0
201299.67,12,42,105000,2,0,0.939,0
43036.0,12,43,30000,3,0,0.734,0
16551.67,12,48,10000,2,20,0.827,0
4029.33,8,45,25000,3,20,0.21,1
58275.67,12,41,30000,3,0,0.976,0
258360.67,12,39,230000,1,0,0.631,0
9444.33,4,40,120000,4,0,0.08,0
18834.0,10,44,15000,2,20,0.592,1
45272.67,12,41,25000,2,0,0.872,0
0.0,0,41,60000,2,0,0.0,1
115015.0,12,32,60000,2,0,0.954,0
4852.67,4,40,115000,1,0,0.028,1
54763.67,10,39,40000,1,0,0.606,0
19420.67,10,34,10000,2,20,0.875,1
27458.33,12,33,180000,2,0,0.042,0
76193.67,12,30,250000,1,0,0.15,0
15909.67,10,45,15000,2,20,0.491,1
20188.33,12,29,85000,1,20,0.085,0
231117.33,12,41,120000,2,0,0.942,0
1921.33,12,40,115000,1,0,0.001,0
172022.0,8,31,90000,1,20,0.958,0
122823.33,8,38,105000,3,20,0.582,1
288929.0,10,44,230000,1,20,0.615,1
198351.67,12,47,100000,1,20,0.993,1
72406.0,12,40,40000,2,0,0.895,0
50278.0,10,49,25000,2,20,1.0,1
181485.33,10,38,115000,2,20,0.774,0
27257.0,12,38,40000,2,0,0.504,0
60429.33,12,32,100000,2,0,0.0,0
1317.67,12,40,25000,3,0,0.025,0
260.0,4,36,15000,2,10,0.0,0
183826.33,12,40,140000,3,20,0.636,1
89422.67,12,37,130000,2,0,0.495,0
134913.0,4,32,100000,2,20,0.801,1
70597.0,10,32,40000,2,20,0.99,1
15649.33,12,45,100000,1,0,0.07,0
6559.33,2,28,10000,4,0,0.464,0
162068.33,12,47,100000,2,0,0.211,1
18918.33,10,41,30000,3,0,0.014,0
47072.67,12,38,25000,2,0,0.93,0
861.33,10,42,25000,2,0,0.027,0
38339.0,12,41,25000,2,0,1.0,0
2500.0,0,43,100000,3,30,0.012,1
109745.0,12,38,65000,3,20,0.883,1
101471.67,12,41,65000,2,0,1.0,1
390.0,2,32,25000,2,20,0.016,1
153697.67,12,33,80000,1,20,0.913,1
49362.67,10,32,25000,2,20,0.976,1
9343.0,8,46,5000,2,0,0.887,0
89622.33,12,35,100000,2,0,0.439,0
21696.0,12,38,180000,1,0,0.034,0
2157.67,12,37,115000,1,0,0.006,0
2404.67,12,34,100000,1,0,0.016,0
28832.67,12,43,25000,3,0,0.552,1
101373.67,12,34,45000,2,0,1.0,0
6746.33,12,36,135000,1,0,0.042,0
50814.0,4,41,25000,2,0,1.0,0
16915.33,8,39,25000,2,30,0.343,1
13683.33,12,39,10000,2,0,0.831,0
50103.67,12,35,25000,3,0,1.0,1
5824.0,12,39,195000,2,20,0.02,0
50236.67,10,36,25000,2,40,1.0,0
0.0,2,38,80000,3,10,0.0,0
17895.33,6,36,10000,2,30,0.875,1
2559.0,10,36,115000,2,0,0.014,0
49758.0,12,46,25000,1,0,0.988,0
56203.0,10,40,25000,3,20,1.0,0
50966.33,12,37,40000,3,0,0.649,0
1413.67,12,42,120000,2,0,0.003,0
91244.0,12,39,45000,3,0,1.0,1
256169.0,12,44,130000,3,0,0.963,0
48385.0,12,47,25000,2,0,0.96,0
25308.33,12,41,175000,1,0,0.069,0
16830.67,12,42,10000,2,0,0.786,0
51200.67,12,41,55000,3,0,0.486,0
8218.33,12,34,40000,3,0,0.065,0
11.0,6,34,115000,2,20,0.0,1
322108.0,12,39,185000,2,0,1.0,0
3988.0,12,38,50000,2,20,0.078,1
378293.33,10,35,245000,2,20,0.871,1
22884.0,10,42,25000,2,20,0.452,0
8094.0,6,41,100000,3,0,0.105,0
61725.67,10,37,35000,2,20,0.864,1
1003.33,6,38,105000,2,0,0.002,0
48032.33,12,33,25000,3,0,0.957,0
49461.33,12,34,25000,3,0,0.989,0
22454.33,6,34,50000,1,20,0.182,1
98703.67,8,38,80000,2,40,0.621,1
4514.0,8,32,15000,2,0,0.169,0
178962.67,10,34,110000,1,20,0.774,1
1992.0,10,29,75000,3,20,0.005,0
286115.67,12,31,150000,2,0,0.939,0
0.0,0,36,195000,2,10,0.0,0
173496.33,12,36,90000,1,0,0.948,0
0.0,0,40,150000,1,10,0.0,0
103809.33,12,37,75000,1,20,0.751,0
79699.67,12,36,40000,2,0,0.973,1
0.0,4,31,125000,2,10,0.0,0
881.0,12,37,175000,1,0,0.003,0
233802.67,12,40,190000,1,0,0.61,0
959.67,10,34,225000,1,0,0.001,0
35475.33,12,35,170000,1,0,0.185,0
14944.0,12,44,35000,2,0,0.203,0
363481.67,12,37,160000,2,0,1.0,1
636.67,8,48,90000,1,0,0.002,0
15106.0,4,43,180000,1,0,0.106,0
193291.67,10,46,115000,1,20,0.825,1
302886.67,10,36,140000,1,20,1.0,0
48513.67,12,34,25000,2,20,0.928,0
164231.0,12,34,130000,2,0,0.716,1
24177.67,12,41,115000,2,0,0.101,0
21271.67,10,41,120000,1,0,0.0,0
93206.0,12,44,70000,1,20,0.647,0
15047.0,12,43,180000,1,0,0.085,0
5920.33,12,44,160000,1,0,0.004,0
7094.0,12,36,155000,1,0,0.027,0
72795.0,12,42,30000,2,0,1.0,0
366985.0,12,38,190000,2,0,0.962,0
30934.33,10,37,20000,4,0,0.918,0
57067.33,6,40,75000,2,0,0.5,0
2601.33,12,40,180000,3,0,0.007,0
18014.0,12,36,100000,1,0,0.023,0
149713.0,12,42,130000,4,0,0.785,0
15671.0,12,38,215000,3,0,0.088,0
4236.0,8,36,100000,2,0,0.027,0
111438.33,10,40,190000,1,20,0.253,0
103671.67,12,37,55000,2,0,1.0,0
171857.0,12,42,100000,1,20,0.841,0
19710.33,8,34,135000,1,20,0.078,0
682.67,12,31,60000,1,0,0.01,0
54328.0,12,47,210000,1,0,0.13,0
6062.33,4,34,10000,3,20,0.328,0
190676.0,12,40,100000,2,20,0.969,1
36055.67,12,45,40000,2,0,0.436,0
2434.67,8,45,135000,2,10,0.0,0
13336.33,8,45,15000,2,30,0.425,1
52798.33,12,45,40000,3,0,0.692,0
19640.33,10,39,15000,2,20,0.619,1
19135.33,8,36,10000,1,0,0.948,1
18853.67,8,33,10000,2,20,0.9,1
280210.33,12,35,160000,2,0,0.858,1
326.0,10,36,60000,3,0,0.003,0
227678.67,12,38,145000,2,20,1.0,0
8319.67,4,39,190000,2,0,0.008,0
389330.0,12,49,240000,1,0,0.784,0
181649.0,12,47,175000,2,0,0.543,0
528.0,10,36,110000,1,20,0.004,0
962.0,12,44,180000,1,0,0.001,1
16510.33,12,39,210000,2,0,0.053,0
4670.33,6,40,80000,1,20,0.025,1
26274.0,8,47,15000,1,20,0.88,0
9678.33,12,31,85000,2,0,0.047,0
64764.33,12,38,355000,2,0,0.094,0
2017.67,12,34,175000,2,0,0.006,0
6074.33,12,36,115000,2,0,0.021,0
3893.67,10,40,15000,2,20,0.097,0
1814.33,6,38,180000,1,0,0.001,0
520.0,4,41,250000,1,20,0.001,0
109510.0,12,34,190000,1,0,0.328,0
211445.67,12,37,120000,2,20,0.883,0
32465.0,12,41,50000,1,0,0.315,1
180358.0,12,38,100000,2,0,0.883,1
12758.67,12,35,250000,1,0,0.012,0
709.33,10,48,110000,3,0,0.0,1
19180.33,10,33,320000,1,0,0.033,0
316258.67,12,34,170000,3,0,0.984,1
116452.0,12,48,200000,1,0,0.282,0
4653.33,12,39,100000,1,0,0.044,0
11336.67,12,41,10000,2,0,0.482,0
326.67,4,35,105000,1,0,0.001,0
270223.0,12,35,140000,3,0,0.984,0
150904.33,12,36,75000,2,0,1.0,0
42308.67,12,36,25000,1,0,0.9,0
37521.0,12,36,30000,2,0,0.619,1
0.0,0,36,30000,3,10,0.0,1
186784.0,12,45,100000,2,0,0.988,0
23119.33,4,35,15000,2,20,0.724,1
52.0,2,42,65000,2,10,0.0,1
136600.33,12,39,70000,2,0,0.972,0
278599.33,12,39,140000,2,0,0.977,0
103591.33,12,44,55000,3,0,0.93,0
836.0,12,42,65000,1,0,0.006,0
91260.0,12,48,55000,2,0,0.844,0
21479.67,12,38,160000,1,0,0.059,0
252267.33,12,41,245000,1,0,0.704,0
13061.33,6,45,180000,1,0,0.001,0
1486.0,8,37,140000,1,20,0.005,0
170900.67,12,36,145000,1,20,0.589,0
121503.33,12,39,90000,2,0,0.664,0
25481.0,10,36,75000,2,0,0.215,0
4554.0,8,44,130000,2,0,0.044,0
76461.0,12,34,45000,3,0,0.822,0
16469.0,12,35,10000,3,0,0.848,0
3717.33,12,34,90000,1,0,0.024,0
529.67,4,36,115000,2,0,0.001,0
1666.67,0,38,130000,1,30,0.01,1
104590.33,12,31,75000,1,30,0.834,1
330.33,10,44,240000,1,0,0.001,0
111842.67,12,45,55000,2,20,1.0,1
22251.0,10,49,75000,1,20,0.137,0
113514.33,12,42,85000,1,0,0.981,0
42673.67,12,44,25000,2,0,0.994,0
182195.67,12,40,200000,4,0,0.445,0
5068.33,12,47,215000,3,10,0.0,0
1425.33,2,40,150000,1,0,0.016,0
22705.67,6,33,20000,1,30,0.528,0
123075.0,12,45,90000,2,0,0.728,0
82693.33,12,31,150000,3,0,0.27,0
17355.33,12,49,10000,2,0,0.817,1
326.0,10,32,115000,3,0,0.001,0
148361.33,12,46,90000,1,0,0.992,0
20028.0,8,36,25000,2,20,0.393,1
10535.0,12,37,80000,1,0,0.105,0
10103.67,12,43,50000,2,0,0.068,0
123814.67,12,35,70000,2,0,0.966,0
67359.67,10,30,35000,3,20,0.968,0
54359.67,12,32,200000,1,0,0.139,0
7041.67,12,35,165000,1,0,0.012,0
104030.67,10,39,65000,2,0,0.797,1
7301.67,12,46,205000,1,0,0.021,0
25120.67,12,36,175000,2,0,0.043,0
45866.33,12,35,180000,1,0,0.115,0
188.0,12,41,45000,2,0,0.002,0
3196.67,12,46,50000,2,0,0.004,0
199373.33,4,36,100000,2,0,0.965,0
6718.67,10,38,10000,2,20,0.285,1
169198.0,12,35,115000,2,0,0.741,0
19454.0,12,31,10000,2,0,0.938,0
300.0,2,31,65000,2,30,0.002,1
127108.33,10,32,75000,3,0,1.0,0
2000.67,10,31,80000,1,0,0.018,0
16983.0,8,30,10000,2,50,0.778,0
103172.67,12,48,65000,1,0,0.791,0
2345.67,8,43,245000,1,20,0.008,1
4102.0,10,45,180000,1,0,0.007,0
87268.0,12,40,75000,2,0,1.0,0
12911.67,6,44,35000,1,20,0.214,1
22200.67,8,32,180000,2,0,0.029,0
100798.0,12,37,250000,1,10,0.542,0
18627.0,8,38,125000,2,0,0.01,0
36501.67,12,38,25000,2,0,0.92,0
138458.67,12,45,125000,2,0,0.568,0
16330.33,8,40,10000,1,20,0.778,0
0.0,0,33,180000,3,0,0.0,0
78583.67,12,41,40000,2,0,1.0,0
74906.33,12,44,70000,1,20,0.52,0
123295.33,12,36,70000,2,0,0.882,1
74355.67,10,37,25000,2,20,1.0,1
124187.33,8,34,80000,2,0,0.906,0
31450.67,12,49,25000,2,0,0.833,0
4553.0,8,41,100000,2,20,0.005,0
68247.67,10,38,40000,1,20,0.838,1
808.33,8,33,70000,2,0,0.0,0
47386.67,10,34,45000,2,20,0.865,0
36333.67,6,47,20000,2,30,0.867,0
5301.67,12,38,5000,2,20,0.444,0
20750.0,12,33,250000,2,0,0.053,0
396660.0,12,41,205000,1,0,0.968,0
18878.33,8,49,10000,2,0,0.956,0
83.33,4,37,100000,1,10,0.0,0
49263.0,12,32,25000,1,0,0.991,0
4664.0,12,44,75000,1,0,0.032,0
1410.0,2,49,90000,1,20,0.006,1
1331.67,4,33,40000,3,10,0.0,0
51943.0,12,34,150000,2,0,0.168,0
75948.0,4,36,75000,1,20,1.0,1
0.0,0,48,110000,3,10,0.0,0
93455.67,12,35,60000,2,0,0.758,0
1608.0,10,43,180000,1,0,0.0,0
378358.67,12,37,275000,4,0,0.823,1
158933.67,12,39,130000,1,30,0.907,0
9874.0,10,45,40000,3,20,0.102,1
0.0,0,48,80000,1,10,0.0,0
128190.0,12,48,95000,2,0,0.034,0
22322.67,12,44,125000,1,20,0.016,0
15477.33,12,37,15000,3,0,0.754,0
26525.33,10,37,50000,2,20,0.249,1
13421.67,8,35,175000,1,20,0.043,0
13658.67,6,45,60000,3,0,0.205,0
1242.67,10,43,175000,1,0,0.008,0
147175.67,12,49,170000,2,0,0.029,0
2648.67,6,39,180000,1,0,0.008,0
19954.0,12,47,205000,2,0,0.099,0
153396.33,12,42,85000,2,0,0.958,0
98335.67,12,38,55000,2,0,0.872,0
25291.67,12,51,15000,3,20,0.802,0
33271.0,12,54,100000,2,0,0.206,0
258799.67,12,50,125000,3,20,1.0,0
36956.33,12,50,120000,1,0,0.146,0
0.0,2,50,105000,1,10,0.0,0
29160.0,10,52,15000,3,0,0.951,0
13685.67,6,51,15000,3,0,0.446,0
0.0,0,56,20000,3,10,0.0,1
22106.67,12,55,25000,3,0,0.47,0
23468.0,12,50,25000,2,0,0.941,1
16125.0,8,50,10000,2,20,0.706,0
9539.67,2,52,10000,3,20,0.407,1
100594.67,12,51,120000,2,0,0.411,1
57307.33,12,52,55000,3,20,0.512,0
87179.33,12,52,45000,2,0,0.965,0
83633.0,12,52,55000,1,0,0.749,0
358701.33,12,50,250000,1,0,0.701,0
18416.0,10,54,10000,2,0,0.92,0
42110.33,12,50,35000,3,20,0.587,1
0.0,0,51,25000,3,10,0.0,1
98226.67,12,53,60000,3,20,0.739,1
37583.67,12,60,25000,2,0,0.927,0
6565.0,10,50,10000,2,20,0.276,0
29074.33,12,51,15000,2,0,0.988,0
288835.67,12,61,145000,3,0,0.972,0
73657.33,12,61,40000,2,0,1.0,1
109959.0,12,50,55000,2,0,1.0,0
75250.0,12,54,95000,3,0,0.748,0
54511.0,12,48,25000,1,0,1.0,0
39434.67,8,51,25000,3,20,0.766,0
17534.33,12,52,10000,3,20,0.814,0
390.0,12,57,55000,3,0,0.004,0
84571.0,12,50,175000,2,0,0.238,0
58811.33,12,52,30000,3,0,0.958,1
6038.67,12,59,10000,3,20,0.373,0
9221.67,10,51,215000,1,0,0.011,0
0.0,0,51,130000,2,0,0.0,1
31341.67,8,52,70000,2,20,0.225,1
619.33,4,50,180000,1,0,0.005,0
4849.67,12,50,140000,2,0,0.02,0
5023.33,8,50,5000,2,0,0.366,0
96877.33,12,49,140000,2,0,0.339,0
352.0,10,63,25000,1,20,0.005,0
43068.0,12,56,25000,2,0,0.752,0
117515.0,12,53,140000,2,0,0.993,1
24560.33,10,50,10000,2,0,0.943,0
737.0,4,51,40000,2,20,0.013,1
47306.67,8,51,25000,2,0,0.922,0
345672.67,12,51,180000,1,0,0.962,1
2819.67,8,50,130000,1,0,0.002,0
17444.67,10,60,10000,3,20,0.875,0
45966.0,12,51,55000,2,0,0.409,0
19848.0,10,52,10000,2,0,0.981,1
52769.67,10,55,10000,4,20,1.0,1
69852.0,12,60,35000,1,0,0.999,0
2173.0,8,52,15000,3,20,0.133,1
833.33,0,61,115000,3,20,0.011,1
187.0,8,57,80000,3,0,0.005,1
390.0,12,50,15000,3,0,0.013,0
0.0,0,52,25000,3,0,0.0,1
554.0,0,47,105000,3,0,0.008,0
47462.0,12,60,25000,3,0,0.927,0
98249.67,10,55,75000,1,30,0.651,1
299447.67,12,55,330000,1,0,0.431,0
97893.0,10,47,50000,2,20,0.998,0
259513.0,12,50,350000,2,0,0.401,0
250681.0,12,50,150000,1,20,0.817,1
7311.33,10,50,160000,1,0,0.059,0
63.67,8,50,125000,1,10,0.0,0
7387.67,10,50,75000,1,20,0.006,0
715.67,10,50,100000,1,10,0.0,1
34038.0,4,52,25000,3,0,1.0,1
258442.33,12,52,160000,1,0,0.917,0
17430.0,8,51,10000,3,0,0.748,0
1237.0,8,64,85000,2,0,0.011,0
57562.0,10,52,25000,2,20,1.0,1
4031.33,10,52,65000,2,20,0.053,0
3816.0,12,59,75000,1,0,0.034,0
14124.0,12,53,250000,1,0,0.027,0
3226.67,12,54,205000,2,20,0.003,0
57588.0,12,53,25000,2,0,1.0,0
100322.33,12,66,100000,4,0,0.72,0
212427.0,12,55,115000,3,0,0.906,0
16815.67,8,53,10000,3,0,0.958,1
3.0,8,53,150000,3,0,0.0,0
19884.67,12,57,10000,3,20,0.954,0
61100.33,12,55,190000,1,0,0.158,0
15448.33,10,57,75000,2,20,0.097,1
5821.33,8,53,10000,2,20,0.27,0
35355.33,12,56,65000,3,0,0.261,0
265182.33,12,57,175000,1,0,0.751,0
424061.0,12,64,220000,1,0,0.971,0
100.67,4,54,85000,2,0,0.001,0
225.67,4,67,35000,1,20,0.004,0
7126.33,12,58,135000,1,0,0.034,0
201701.67,12,59,250000,2,0,0.396,0
138485.33,10,60,100000,3,20,0.679,0
25259.0,12,55,145000,3,0,0.074,0
39611.67,12,54,25000,1,0,0.962,0
211.0,2,57,10000,3,20,0.074,1
51087.0,12,56,40000,3,0,0.624,0
26545.67,12,55,35000,2,0,0.444,0
49564.67,12,53,25000,3,0,0.974,0
154088.67,10,55,80000,2,0,0.971,0
69933.67,12,57,35000,1,0,1.0,0
0.0,2,59,115000,1,10,0.0,0
13811.67,12,70,90000,2,0,0.068,0
19252.33,6,56,10000,2,50,0.999,0
92650.67,12,70,175000,1,0,0.305,0
21517.67,12,54,35000,2,0,0.296,0
19661.67,12,54,10000,2,0,1.0,0
91122.67,12,56,90000,2,0,0.498,0
245569.33,12,56,160000,3,0,0.857,0
19598.67,10,53,25000,2,20,0.359,0
49198.33,12,56,25000,2,0,0.978,0
6004.67,8,55,90000,2,0,0.038,1
650.0,8,55,65000,2,20,0.006,0
220.0,6,57,10000,3,0,0.008,0
105640.67,12,54,250000,2,0,0.216,0
350.0,4,58,25000,2,20,0.008,0
455379.0,12,54,380000,3,0,0.589,0
13662.33,8,55,10000,2,30,0.657,1
8317.33,10,54,100000,1,0,0.112,0
1864.33,10,59,250000,2,0,0.0,0
970.67,8,54,35000,1,0,0.018,0
48814.33,10,54,25000,2,20,0.971,1
574409.33,12,64,340000,2,0,0.836,0
3942.33,12,53,145000,2,0,0.017,0
8174.0,12,53,225000,1,0,0.039,0
11700.33,12,68,185000,1,0,0.022,0
31514.33,10,53,40000,1,20,0.119,0
89539.33,8,57,20000,1,20,1.0,0
59350.33,10,54,30000,1,20,1.0,0
5826.0,6,58,150000,1,0,0.045,0
4070.33,10,69,215000,1,0,0.009,0
191229.33,10,67,95000,3,20,0.983,0
3602.67,12,65,100000,2,0,0.006,0
24176.33,8,54,75000,1,20,0.16,1
0.0,0,58,100000,1,0,0.0,1
52922.0,12,58,25000,1,0,1.0,0
4734.0,6,55,150000,1,0,0.047,0
8266.33,12,53,240000,2,10,0.0,0
267004.33,12,53,145000,3,0,0.936,0
3249.0,12,54,180000,1,10,0.0,1
88420.33,12,56,55000,2,0,0.854,0
500.0,8,27,110000,1,20,0.002,0
82785.67,8,59,60000,2,20,0.685,1
5731.33,6,26,25000,3,0,0.129,1
68348.67,10,37,35000,2,20,0.962,0
24419.67,4,35,15000,2,0,0.991,0
14536.67,12,32,30000,2,0,0.218,0
36617.67,12,28,55000,2,0,0.32,1
1747.33,12,30,15000,3,0,0.049,0
41574.0,12,34,30000,3,0,0.896,0
602.67,10,26,30000,1,0,0.016,0
17951.67,10,24,15000,2,20,0.557,0
53613.0,12,49,30000,3,0,1.0,0
90942.33,12,26,90000,4,0,0.234,0
66571.0,12,34,120000,2,0,0.275,0
3265.33,12,30,110000,1,0,0.041,0
260.0,4,35,50000,3,0,0.004,0
5759.0,10,27,90000,1,20,0.026,0
130240.0,12,26,70000,2,0,0.919,0
26036.67,8,27,30000,2,20,0.426,1
58387.0,12,56,45000,3,0,0.661,0
18299.33,10,27,25000,2,20,0.331,1
118530.67,12,28,145000,1,0,0.433,0
8817.33,12,47,200000,1,0,0.016,0
34399.0,12,35,30000,2,0,0.703,0
8520.0,12,29,30000,2,0,0.174,0
1563.33,8,29,90000,2,0,0.0,1
127767.67,12,24,65000,2,0,0.988,0
53811.0,10,24,55000,1,20,0.774,1
26355.0,10,35,80000,2,20,0.152,0
3542.0,10,25,250000,1,10,0.0,0
3013.33,10,26,80000,1,0,0.033,0
416.0,10,29,40000,1,10,0.0,0
17297.0,12,28,35000,1,0,0.172,0
108117.67,12,27,65000,4,0,0.822,0
6990.0,12,23,10000,3,0,0.269,0
92569.33,10,27,45000,3,20,1.0,1
5887.33,10,24,15000,1,0,0.162,0
354005.0,12,25,180000,2,0,0.985,1
103116.0,12,30,75000,2,0,0.713,0
359632.33,12,26,180000,2,0,0.997,1
6958.67,12,29,80000,1,0,0.022,0
29636.67,10,51,60000,3,20,0.221,0
82931.0,12,25,80000,2,0,0.519,0
15795.33,12,27,95000,1,0,0.077,0
61605.33,12,28,55000,1,0,0.591,0
257745.0,12,26,145000,2,0,1.0,0
672.0,6,24,10000,1,10,0.0,0
229.33,4,28,100000,1,30,0.0,0
29605.0,12,30,220000,1,0,0.002,0
44665.67,12,27,35000,1,20,0.623,1
28316.67,8,24,80000,2,0,0.248,0
2127.0,12,30,60000,2,0,0.001,0
17275.67,12,22,10000,3,20,0.818,0
1052.0,12,27,155000,1,0,0.003,0
17195.67,12,29,40000,3,0,0.188,0
76698.0,10,29,90000,2,20,0.431,0
180723.33,12,28,125000,1,0,0.708,1
8776.33,12,24,90000,2,0,0.045,1
123508.0,12,29,65000,2,20,0.93,1
4289.0,12,27,165000,3,0,0.022,0
86026.0,12,29,155000,2,0,0.436,0
26016.0,12,25,35000,1,0,0.4,0
20569.67,8,29,15000,2,20,0.629,1
114476.0,12,29,145000,2,20,0.389,1
18165.0,12,29,130000,1,20,0.073,1
186838.0,12,26,125000,1,0,0.749,0
0.0,0,28,60000,2,10,0.0,1
156237.33,12,26,115000,1,0,0.724,0
370360.67,12,27,195000,1,0,0.962,0
145.0,4,28,15000,2,0,0.014,0
45353.0,10,26,25000,2,20,0.982,1
47601.0,12,28,90000,1,0,0.275,0
305594.67,12,34,250000,2,0,0.735,0
821.0,6,29,25000,1,0,0.049,0
4320.67,12,28,40000,2,0,0.105,0
21649.67,12,28,230000,2,0,0.056,0
3754.33,6,28,75000,3,0,0.024,0
44414.0,12,27,25000,2,0,0.966,0
5524.33,12,27,10000,1,0,0.294,0
9005.67,12,33,175000,1,0,0.04,0
19705.33,4,24,10000,2,40,0.996,1
2449.0,12,29,200000,1,0,0.01,0
46698.0,12,35,245000,2,0,0.098,0
1263.67,12,30,140000,1,0,0.002,0
48764.33,12,23,25000,2,0,0.971,0
17642.0,10,24,10000,2,20,0.995,1
48169.67,10,27,45000,1,20,0.518,0
2005.0,10,29,75000,1,0,0.011,0
38401.0,10,28,35000,1,0,0.533,0
1063.67,12,30,115000,1,0,0.006,0
5260.33,12,29,100000,2,0,0.017,0
140387.33,12,28,250000,2,0,0.365,0
1172.33,10,28,80000,2,20,0.006,0
16510.0,10,29,125000,2,0,0.002,1
50428.0,12,27,30000,2,0,0.962,1
1295.67,4,25,90000,2,0,0.022,0
41339.33,12,34,250000,1,0,0.061,0
51517.33,10,25,25000,2,30,1.0,0
0.0,2,30,70000,2,0,0.0,0
16821.0,8,28,230000,1,0,0.046,0
34671.67,10,39,80000,2,20,0.191,1
0.0,4,29,25000,1,10,0.0,0
97733.0,12,26,55000,1,0,0.943,0
67083.33,12,24,50000,2,0,0.657,0
21289.0,10,29,40000,1,20,0.248,0
3865.0,12,27,115000,1,0,0.013,0
13302.0,12,38,140000,2,0,0.032,0
21723.67,6,22,10000,2,40,1.0,1
30248.67,12,22,15000,2,20,1.0,1
38288.0,4,23,15000,2,60,1.0,1
7924.33,12,23,15000,1,0,0.34,0
689.0,6,23,15000,2,20,0.024,1
91782.0,12,24,55000,2,0,0.827,0
28426.33,10,25,15000,2,20,0.951,0
216193.33,12,25,110000,2,0,0.977,0
522.67,8,26,10000,2,10,0.0,0
55928.33,10,26,30000,2,20,0.932,0
7634.67,6,48,45000,3,20,0.012,0
95791.0,12,30,50000,1,20,0.929,0
43440.33,12,33,35000,2,0,0.756,0
31394.33,6,28,105000,2,0,0.192,0
47855.33,12,22,25000,2,0,1.0,0
5249.67,6,22,25000,1,20,0.082,0
17642.0,10,22,10000,2,30,0.901,1
7542.33,12,23,65000,3,20,0.01,1
0.0,0,44,180000,1,10,0.0,0
138316.67,12,26,100000,1,0,0.674,0
27238.67,12,35,65000,1,0,0.182,0
6204.67,10,23,50000,2,0,0.066,0
76124.33,12,22,40000,2,0,0.968,0
60406.0,10,22,30000,2,30,1.0,1
49028.67,12,23,25000,2,0,1.0,0
7099.0,8,23,5000,2,30,0.57,1
29030.67,10,23,15000,3,20,0.92,1
20765.33,4,23,25000,2,20,0.52,0
1512.0,0,22,25000,1,20,0.091,1
12071.67,10,22,15000,2,20,0.374,1
14268.67,10,22,25000,2,20,0.239,0
68366.33,12,22,35000,2,0,0.985,0
13451.33,8,22,10000,1,20,0.642,1
13432.67,12,22,15000,2,0,0.65,0
23021.0,6,24,15000,2,0,0.828,0
14927.33,10,24,40000,2,0,0.215,0
4926.0,8,24,65000,1,20,0.028,0
6953.0,10,23,5000,2,0,0.944,0
6817.33,12,23,35000,3,0,0.212,0
19182.67,10,21,10000,2,0,0.952,0
3811.33,6,22,10000,2,20,0.0,0
25828.67,10,22,15000,2,20,0.829,0
1397.67,4,22,25000,3,0,0.05,0
4584.33,10,24,10000,2,20,0.02,0
37253.67,12,22,30000,2,20,0.773,1
2850.0,12,23,25000,2,0,0.018,0
18164.33,10,22,10000,1,0,0.973,0
20596.67,12,22,15000,2,0,0.659,0
15474.0,8,23,10000,2,20,0.78,1
5179.33,10,23,5000,1,20,0.341,0
50608.67,12,22,25000,1,0,1.0,0
66139.0,10,22,35000,1,20,0.922,0
16236.67,12,23,10000,3,0,0.735,0
8754.0,10,23,25000,2,10,0.284,0
27089.33,12,23,15000,2,20,0.933,0
50342.0,12,22,25000,2,0,0.992,0
29941.0,10,23,15000,3,30,1.0,0
69264.67,8,23,40000,2,20,0.857,0
33893.67,12,23,25000,3,0,0.653,0
17688.33,12,24,10000,1,0,0.829,0
27367.0,12,25,15000,1,0,0.879,0
69388.0,12,25,40000,1,20,0.87,1
13475.67,10,25,70000,1,0,0.215,0
78492.67,12,26,105000,2,0,0.568,0
164616.33,12,26,100000,1,0,1.0,0
15769.33,8,22,10000,2,20,0.732,0
24439.67,8,22,15000,2,20,1.0,1
11311.0,12,23,75000,3,0,0.076,0
35232.33,12,24,30000,1,0,0.586,0
11034.33,12,21,10000,2,0,0.505,0
108356.0,12,25,75000,1,0,0.799,0
1095.67,4,25,35000,1,0,0.018,0
64108.0,12,30,30000,2,0,1.0,1
27394.0,12,23,15000,3,20,1.0,1
34196.33,12,31,165000,2,0,0.093,0
1650.0,0,22,10000,3,40,0.082,1
4960.0,10,35,90000,2,0,0.007,0
24288.33,10,23,10000,1,20,1.0,0
9839.33,4,24,65000,2,0,0.112,0
28992.33,12,25,15000,2,0,0.957,1
28614.0,10,22,15000,2,20,0.925,0
2239.33,10,37,250000,1,0,0.001,0
96375.67,12,38,225000,1,0,0.241,0
30388.0,10,22,25000,2,0,0.892,0
58196.67,8,24,30000,2,0,0.978,0
495.0,2,22,65000,2,20,0.0,0
136472.33,12,25,140000,2,0,0.496,0
7642.33,12,26,50000,2,0,0.071,0
59208.0,12,24,30000,1,0,0.963,0
459.0,4,25,40000,1,0,0.002,0
2220.33,12,27,65000,1,10,0.0,0
8390.0,8,21,15000,2,0,0.323,0
36181.33,12,22,25000,2,20,0.773,0
14544.67,0,23,25000,2,0,0.873,1
7398.0,8,23,25000,3,20,0.146,1
85156.0,12,23,45000,2,0,1.0,1
1713.33,10,23,35000,1,0,0.0,0
69772.33,12,25,55000,2,0,0.731,0
81015.0,12,25,40000,2,0,1.0,0
50570.33,12,23,25000,3,0,0.999,0
8741.33,12,23,65000,2,0,0.103,0
3684.33,4,24,65000,1,0,0.057,0
27658.33,12,24,30000,2,0,0.471,1
959.33,8,24,70000,3,0,0.0,0
70668.67,10,24,55000,2,20,0.656,0
7363.0,8,24,50000,2,20,0.071,1
18506.33,10,24,10000,2,0,0.88,0
88238.0,12,24,45000,2,0,0.996,0
35785.0,12,24,25000,2,0,0.929,0
19141.33,12,24,15000,2,0,0.05,0
588.33,6,23,65000,2,0,0.004,1
952.67,8,26,25000,2,0,0.008,0
62344.67,12,23,40000,2,0,0.998,0
29221.33,12,23,25000,2,0,0.434,0
78190.0,12,24,65000,1,0,0.606,0
390.0,10,24,10000,1,0,0.02,0
0.0,2,24,60000,1,0,0.0,0
8361.33,8,24,10000,2,30,0.487,0
12250.33,12,24,40000,2,0,0.164,0
36003.33,12,24,25000,1,0,0.717,0
69187.0,12,24,50000,1,0,0.76,0
15183.33,10,24,35000,2,20,0.185,0
12337.67,12,25,45000,2,0,0.086,0
5036.0,12,25,140000,2,20,0.024,0
5260.67,12,26,200000,1,0,0.007,0
116497.0,12,26,65000,3,0,0.875,0
26062.67,6,22,15000,4,0,0.833,1
26023.33,10,23,25000,3,20,0.501,1
22224.67,6,23,40000,2,20,0.272,1
21952.0,10,22,25000,3,20,0.495,0
7463.67,6,23,5000,1,20,0.836,0
84764.67,12,24,45000,2,20,0.929,0
9876.0,10,24,25000,1,30,0.17,1
3419.0,12,24,50000,2,0,0.036,0
88982.67,12,25,45000,2,20,1.0,1
43195.0,12,25,50000,1,0,0.401,0
99.0,0,26,155000,1,0,0.001,0
4679.0,10,26,105000,1,20,0.035,0
154.0,6,25,170000,2,0,0.0,0
22351.67,12,25,15000,2,20,0.915,1
69087.33,8,25,35000,2,20,0.966,1
0.0,0,25,225000,1,0,0.0,0
103388.0,12,26,55000,1,0,1.0,0
4568.67,10,26,15000,2,0,0.125,0
6766.33,6,26,5000,2,20,0.622,1
49965.33,12,26,25000,1,0,0.988,0
51875.33,10,27,60000,1,0,0.109,0
38819.67,12,27,105000,1,0,0.101,0
298.33,0,27,130000,2,0,0.003,0
177238.33,12,27,150000,1,0,0.612,0
98219.33,12,27,80000,1,0,0.603,0
9622.67,8,27,15000,2,20,0.283,0
121285.33,12,22,60000,2,20,1.0,0
67542.0,12,23,35000,2,0,0.977,0
1010.0,8,23,45000,1,0,0.034,0
59217.0,12,24,30000,2,0,0.961,0
23642.67,12,24,30000,1,0,0.375,0
49955.0,12,22,25000,1,0,0.995,0
3469.0,10,23,50000,1,0,0.044,0
35717.67,8,24,25000,2,0,0.7,0
322.0,0,24,10000,2,30,0.016,1
33156.33,12,24,40000,1,0,0.426,0
204442.0,12,26,150000,4,0,0.98,0
4649.33,12,23,50000,2,0,0.009,0
94790.0,12,25,70000,2,0,1.0,1
61269.33,10,23,40000,2,20,0.9,1
30234.33,12,23,30000,3,0,0.511,0
2555.33,12,23,115000,2,10,0.0,0
48403.33,10,25,60000,2,20,0.391,0
49949.67,12,23,25000,1,20,0.975,0
59511.33,12,24,30000,1,0,0.988,0
33337.67,8,24,25000,2,0,1.0,0
8804.67,12,25,105000,2,0,0.037,0
13872.33,12,23,45000,2,0,0.146,0
19102.0,12,24,10000,1,0,0.97,0
20059.33,12,22,65000,2,0,0.269,0
17696.33,12,22,10000,2,0,0.833,0
14532.0,12,24,45000,2,0,0.159,0
21011.33,12,23,15000,1,0,0.774,0
27823.33,12,23,15000,2,0,0.907,0
0.0,6,24,75000,2,10,0.0,0
21667.33,12,24,10000,1,0,1.0,1
62205.0,12,25,40000,3,0,0.79,0
35731.0,10,25,20000,2,20,0.852,0
6571.67,8,27,120000,1,0,0.025,0
93057.0,12,27,50000,4,0,1.0,0
0.0,0,30,50000,1,10,0.0,0
1241.67,4,25,75000,3,0,0.0,0
23590.33,12,25,135000,2,0,0.084,0
36955.67,12,24,200000,2,0,0.089,0
32828.67,12,25,25000,1,0,0.763,0
172.67,0,25,40000,1,20,0.003,0
5315.67,12,25,10000,2,0,0.206,0
130965.33,12,25,120000,3,0,0.828,0
20021.33,8,25,35000,2,20,0.273,1
34250.33,10,26,25000,2,20,0.95,0
40855.0,12,23,35000,1,0,0.653,0
29122.0,10,24,85000,4,0,0.504,0
115630.33,10,26,55000,3,30,1.0,0
97204.67,12,26,50000,1,0,0.985,0
7659.67,10,23,5000,1,30,0.707,1
4621.0,10,23,115000,2,30,0.023,0
6837.33,12,23,115000,2,0,0.022,0
47589.0,10,23,30000,2,0,0.729,0
17552.67,10,23,25000,3,20,0.36,0
54479.0,12,23,55000,1,0,0.458,0
96107.0,12,42,90000,3,0,0.571,0
2087.33,12,24,40000,2,0,0.005,0
25719.0,8,24,15000,2,20,0.84,1
47574.33,10,24,25000,3,20,1.0,0
2500.33,8,26,95000,1,10,0.0,0
88370.67,10,26,60000,2,20,0.726,0
29081.33,12,21,15000,2,0,0.947,0
19090.67,12,21,10000,2,0,0.969,0
58893.0,12,22,30000,1,0,0.958,0
17699.67,12,22,10000,1,0,0.847,0
65278.67,12,23,25000,2,0,1.0,1
25700.33,8,26,15000,3,30,0.88,0
60352.0,12,27,75000,2,0,0.392,0
49883.67,10,22,25000,1,20,1.0,1
176192.67,12,26,105000,2,0,0.845,0
25519.0,12,25,65000,3,0,0.191,0
23259.0,2,26,25000,2,10,0.0,0
26139.67,12,26,100000,1,0,0.165,0
5556.33,12,26,90000,1,0,0.026,0
178773.67,12,26,95000,1,0,0.919,1
133926.33,12,24,80000,3,0,0.833,0
7189.33,12,23,65000,1,0,0.034,0
102.33,0,23,25000,1,0,0.006,0
26483.33,12,21,15000,3,20,0.963,0
7152.33,12,23,10000,1,0,0.223,0
32106.0,8,23,55000,2,0,0.338,0
58989.0,12,24,25000,3,20,1.0,1
44841.67,10,24,25000,1,20,0.901,1
81338.33,12,23,40000,2,0,1.0,0
17849.67,8,24,10000,2,20,0.825,1
9991.33,12,24,10000,2,0,0.82,0
0.0,0,23,75000,1,0,0.0,0
43363.67,12,23,25000,1,0,0.907,0
4513.33,6,24,10000,1,20,0.264,0
73072.33,12,23,65000,1,20,0.976,0
1477.0,12,25,65000,2,0,0.028,0
41419.33,12,24,30000,2,0,0.878,0
3126.33,10,24,55000,2,0,0.055,0
4789.67,0,22,40000,2,20,0.092,0
41204.33,12,24,25000,1,0,0.805,0
76933.0,12,24,40000,2,0,0.939,0
7220.67,10,24,75000,1,0,0.028,0
51332.67,8,24,25000,1,20,1.0,0
177792.33,12,25,135000,2,0,0.684,0
5062.33,12,23,90000,1,0,0.038,0
1882.33,8,24,40000,1,0,0.0,0
49577.33,12,24,25000,2,0,0.968,1
3258.33,6,24,105000,2,0,0.005,1
14837.67,10,24,45000,2,20,0.142,0
5363.33,4,24,65000,1,20,0.076,0
5972.67,6,24,30000,2,0,0.094,0
67507.33,12,24,160000,1,0,0.201,0
927.33,10,25,65000,1,10,0.0,0
142026.0,12,25,90000,2,0,0.606,0
96420.67,12,25,50000,3,0,0.98,0
0.0,0,25,40000,2,0,0.0,0
2464.67,4,25,45000,4,0,0.016,1
142468.0,12,25,155000,1,0,0.453,0
511.33,6,25,180000,2,20,0.004,0
53475.33,12,26,90000,1,0,0.335,0
6346.67,12,24,20000,1,0,0.131,0
11977.33,8,24,10000,1,20,0.051,1
82271.0,10,24,45000,2,20,0.96,0
3239.33,12,25,105000,2,0,0.013,0
4785.33,6,25,90000,2,0,0.063,0
42112.0,10,25,110000,2,20,0.216,1
152646.33,12,25,75000,1,0,1.0,0
16024.67,4,25,25000,2,0,0.375,0
6627.0,10,25,10000,1,10,0.126,1
53572.0,12,25,65000,1,0,0.426,0
78590.0,8,25,100000,1,0,0.682,0
67861.0,12,25,160000,3,0,0.208,0
0.0,0,25,45000,2,10,0.0,0
8030.0,12,25,80000,2,0,0.05,1
4007.33,10,26,105000,1,20,0.027,0
874.33,6,26,180000,1,0,0.008,0
81310.0,12,26,110000,2,20,0.364,1
1949.67,12,25,100000,1,10,0.012,0
175280.33,12,27,30000,4,0,1.0,0
21589.67,10,24,15000,2,0,0.923,0
49365.0,8,24,25000,3,0,0.976,0
15092.67,12,25,45000,1,0,0.162,0
39115.67,12,25,55000,2,0,0.347,0
134321.67,12,25,70000,2,0,0.955,0
1819.0,12,25,100000,2,0,0.011,0
28009.67,12,25,15000,2,0,0.894,0
9991.33,12,25,25000,1,0,0.064,0
42573.33,10,25,25000,1,30,0.819,1
7374.33,12,25,25000,1,0,0.094,0
1338.33,8,24,40000,3,20,0.009,0
26952.67,8,25,120000,4,0,0.11,0
106784.0,12,25,60000,3,0,0.889,1
5039.0,12,26,100000,1,0,0.027,0
7229.33,0,26,70000,1,0,0.155,0
22994.67,10,26,180000,2,0,0.062,0
42672.0,12,26,35000,2,0,0.595,0
113454.67,12,26,85000,2,20,0.654,1
143178.67,12,26,70000,3,20,1.0,1
18764.67,8,24,10000,2,30,0.884,1
14000.0,10,24,25000,1,20,0.26,0
81899.33,12,25,55000,1,0,0.839,0
333.33,2,26,90000,2,10,0.0,0
78758.0,12,25,45000,2,20,0.863,1
99622.67,12,26,60000,1,0,0.963,0
64117.0,12,26,70000,1,0,0.451,0
193781.0,12,26,145000,2,0,0.905,1
10109.67,6,26,155000,1,20,0.038,0
6066.0,12,27,15000,1,0,0.127,0
258.67,2,25,100000,1,0,0.004,0
1990.0,2,26,90000,3,20,0.01,0
32818.67,10,24,60000,2,0,0.469,0
14192.67,12,25,145000,1,0,0.038,0
58994.67,12,26,45000,3,0,1.0,0
145689.33,12,26,130000,1,0,0.558,0
5895.67,12,26,115000,1,0,0.004,0
6278.0,8,27,135000,1,20,0.034,0
7721.33,8,29,140000,2,0,0.041,0
0.0,0,27,55000,2,10,0.0,1
381.33,6,27,30000,1,20,0.019,0
66998.67,12,27,35000,1,0,1.0,0
87197.67,10,27,50000,2,20,1.0,1
128431.0,12,27,70000,2,0,0.899,0
34902.67,12,22,25000,2,0,0.685,1
70130.0,12,23,40000,1,0,0.931,0
40349.0,12,24,20000,4,0,1.0,0
134434.33,12,24,70000,2,0,0.967,1
20339.33,10,24,100000,2,0,0.097,0
17548.33,12,24,25000,2,30,0.329,0
23445.67,12,24,40000,2,0,0.518,0
15524.33,12,26,135000,2,0,0.084,0
69309.33,12,27,35000,2,0,0.997,1
6767.33,12,25,100000,1,0,0.059,0
25394.33,12,25,85000,2,0,0.154,1
24181.67,12,25,210000,2,0,0.055,0
27567.33,8,26,25000,1,20,0.518,1
106651.0,12,27,70000,2,0,0.891,0
32979.0,12,27,65000,1,0,0.15,0
5507.67,12,27,135000,1,0,0.005,0
73263.67,12,27,40000,4,0,1.0,0
46552.0,8,26,80000,2,20,0.293,0
131007.0,12,26,65000,2,0,1.0,1
86481.67,8,27,80000,2,0,0.629,0
172550.67,12,27,90000,2,0,0.962,0
1346.33,12,27,90000,1,10,0.0,0
1566.67,2,27,105000,3,0,0.022,0
12127.0,12,26,75000,3,0,0.141,0
2192.0,12,26,180000,1,0,0.004,0
26844.33,12,26,235000,2,0,0.058,0
18820.67,8,27,20000,1,0,0.839,0
199576.67,12,27,100000,1,0,1.0,0
10277.67,12,27,75000,1,0,0.053,0
61394.67,10,25,45000,2,20,0.732,1
29544.67,2,26,30000,2,20,0.799,0
3017.33,12,26,40000,1,0,0.058,0
13136.33,12,26,80000,1,20,0.082,0
32.67,4,27,65000,1,20,0.0,0
36226.67,12,26,35000,3,0,1.0,0
2994.0,12,24,85000,2,0,0.009,0
2712.67,8,25,25000,2,0,0.088,0
35607.0,12,25,50000,1,0,0.076,0
0.0,2,27,65000,1,10,0.0,0
57188.67,12,23,30000,2,0,0.94,0
142830.67,12,25,145000,2,0,0.485,0
1000.0,2,26,25000,2,20,0.0,0
30024.67,12,24,70000,1,0,0.206,0
5516.33,12,24,60000,1,0,0.028,0
128201.0,10,26,95000,2,20,0.608,0
1899.67,8,22,15000,2,20,0.006,0
390.0,12,26,80000,3,0,0.002,0
333.33,10,26,115000,4,20,0.0,0
123914.33,12,27,65000,3,0,0.96,0
196444.33,12,27,170000,1,0,0.575,0
94865.67,12,28,115000,1,20,0.441,1
40000.67,12,25,45000,1,0,0.37,0
50651.33,12,26,150000,2,0,0.211,0
36757.33,12,25,55000,2,0,0.473,1
38940.0,12,25,70000,1,0,0.273,0
5465.33,12,26,90000,2,0,0.021,1
53084.33,8,26,35000,1,20,0.746,1
116506.67,12,27,90000,2,0,0.654,0
6322.0,12,27,75000,2,0,0.052,0
29598.67,10,27,15000,2,20,0.912,0
144907.0,10,25,115000,2,20,0.062,0
125.33,10,27,90000,2,10,0.0,0
53210.67,12,27,75000,2,0,0.408,0
28116.33,12,27,20000,1,0,0.773,0
38748.33,6,27,20000,1,20,0.925,1
116906.0,10,27,60000,2,20,0.945,1
16760.67,12,27,70000,1,0,0.107,0
1849.0,8,27,40000,1,0,0.006,0
7422.67,10,27,210000,1,0,0.037,0
2492.0,8,27,90000,3,0,0.02,0
64752.0,12,27,45000,2,0,0.821,0
0.0,4,27,165000,2,0,0.0,0
74854.67,12,27,130000,2,0,0.276,0
635.33,12,27,100000,2,0,0.006,0
23399.0,12,23,15000,2,20,0.659,0
12421.67,12,24,150000,2,0,0.055,0
15168.0,10,24,65000,1,20,0.124,0
3666.0,12,22,15000,2,0,0.076,0
12053.33,8,23,15000,2,20,0.372,1
99047.67,12,23,65000,1,0,0.785,0
188147.0,10,28,95000,2,20,0.991,0
526.67,2,23,115000,2,30,0.005,1
14586.0,8,24,25000,2,20,0.372,0
7963.0,12,24,35000,2,0,0.117,0
57602.0,12,25,25000,2,0,1.0,1
18542.33,12,24,30000,1,0,0.79,1
14465.33,6,25,75000,2,0,0.241,0
201896.33,12,27,120000,2,0,1.0,0
47169.0,12,25,55000,2,0,0.458,0
96744.0,12,26,55000,2,0,0.982,0
42824.67,12,25,25000,2,0,0.957,0
3562.0,6,29,105000,1,0,0.051,0
5737.0,12,28,80000,1,0,0.024,0
69549.0,12,29,60000,1,0,0.031,0
130818.33,12,27,65000,4,0,1.0,0
168299.0,12,27,85000,2,20,0.993,0
34219.33,12,27,60000,1,0,0.294,0
0.0,0,27,85000,1,10,0.0,0
238855.0,12,27,145000,2,0,0.829,0
157.0,12,27,35000,1,0,0.002,0
138680.67,12,27,70000,2,0,0.973,0
4833.33,6,27,90000,1,20,0.033,1
390.33,4,27,100000,1,0,0.006,0
95885.67,12,27,45000,2,20,1.0,1
53181.67,12,27,40000,2,0,0.662,0
8973.67,12,27,65000,1,0,0.026,0
13291.33,10,27,10000,2,20,0.01,0
4135.67,12,27,100000,1,0,0.021,1
9852.33,12,27,100000,2,0,0.066,0
794.0,2,27,60000,2,10,0.0,1
8692.0,12,28,30000,3,0,0.12,0
4762.67,12,28,170000,3,0,0.005,0
3453.67,4,28,75000,1,20,0.007,1
202.0,12,28,80000,3,0,0.003,0
52082.33,12,28,100000,1,0,0.265,0
47569.67,8,28,25000,3,20,0.863,1
16275.0,6,27,85000,1,0,0.001,1
122964.0,12,27,140000,2,20,0.391,0
198990.0,12,26,135000,1,0,0.775,0
2443.0,10,27,60000,2,20,0.01,0
3631.0,10,27,140000,1,0,0.024,0
23743.0,12,27,25000,1,0,0.619,0
0.0,2,28,100000,1,0,0.0,0
42027.33,12,27,25000,2,0,0.945,1
5593.67,12,28,75000,1,0,0.041,0
2383.33,2,28,25000,3,70,0.047,1
3005.0,12,27,75000,2,0,0.01,0
7616.0,12,27,75000,1,0,0.0,0
66080.0,12,27,45000,2,0,0.207,0
96912.67,12,28,250000,1,0,0.187,0
326238.0,12,28,150000,2,0,1.0,0
200232.67,12,28,120000,2,0,0.975,0
34509.0,6,28,60000,2,0,0.404,0
583.0,2,28,60000,2,0,0.013,0
125429.0,12,28,195000,1,0,0.323,0
4572.67,12,28,100000,2,0,0.029,0
74331.67,8,24,40000,2,20,0.88,0
12603.67,10,23,10000,2,20,0.625,1
27353.33,12,24,25000,2,0,0.535,0
47698.67,12,25,35000,2,20,0.665,1
146193.0,12,24,85000,2,0,0.996,0
80531.0,10,25,40000,2,20,0.964,0
117293.33,12,27,155000,2,0,0.394,0
103685.33,12,27,115000,1,0,0.635,0
18978.67,12,27,10000,2,0,0.942,0
251205.67,10,27,135000,2,20,0.937,0
4936.33,10,27,115000,3,20,0.027,1
10928.33,10,28,115000,2,0,0.034,0
42727.0,8,28,100000,1,20,0.294,0
11483.0,10,28,15000,3,20,0.281,0
281001.33,10,28,150000,2,20,0.92,1
42719.67,12,29,250000,1,0,0.032,0
2693.33,4,29,85000,1,10,0.0,0
6499.67,6,29,100000,2,0,0.093,0
34435.33,12,29,250000,1,0,0.066,0
49214.67,12,29,25000,2,0,1.0,0
1506.33,6,29,75000,1,20,0.017,0
58667.33,12,29,50000,2,0,0.471,0
19573.0,12,26,75000,1,0,0.166,0
15343.0,10,26,85000,1,0,0.133,0
38519.67,12,27,50000,2,0,0.427,0
1168.0,12,27,80000,1,0,0.006,0
39936.33,10,27,45000,1,20,0.411,0
99118.33,12,27,95000,2,0,0.511,0
63317.67,12,28,100000,2,0,0.31,0
56236.33,10,28,25000,2,20,1.0,0
2133.33,12,28,130000,1,0,0.0,0
11577.0,8,29,125000,2,0,0.083,0
7098.33,12,29,115000,1,20,0.016,0
21031.33,12,26,120000,1,0,0.12,0
110122.33,12,27,55000,1,0,1.0,1
0.0,8,27,30000,1,10,0.0,0
31880.33,12,24,40000,1,0,0.53,0
106291.67,12,28,115000,2,0,0.484,0
5814.67,12,28,105000,1,0,0.036,0
71868.67,10,28,50000,2,20,0.725,1
49192.67,10,29,25000,2,20,0.966,1
45084.0,8,27,25000,2,20,0.848,0
32719.0,12,27,20000,1,0,0.676,1
1107.67,4,24,45000,2,0,0.038,0
36983.0,8,25,35000,1,20,0.512,0
21267.33,10,26,15000,2,20,0.67,0
272.0,12,27,85000,1,0,0.002,0
59781.67,12,27,40000,2,0,1.0,0
18100.67,10,27,70000,2,0,0.115,0
7046.0,10,25,15000,2,20,0.176,0
26996.67,12,25,20000,2,0,0.653,1
0.0,6,26,25000,1,10,0.0,0
3661.33,12,26,115000,2,0,0.012,0
3212.67,8,27,30000,1,10,0.0,0
60498.67,12,27,30000,1,0,1.0,0
42175.33,10,29,125000,2,0,0.188,0
27055.0,12,29,120000,1,0,0.175,0
165167.33,12,28,155000,1,0,0.57,0
292113.33,12,28,160000,1,0,0.916,0
8492.33,4,28,10000,1,0,0.602,0
16411.33,12,28,150000,1,0,0.034,0
15238.0,12,28,25000,2,0,0.201,0
32292.33,12,28,285000,1,0,0.059,0
125176.33,12,28,80000,1,0,0.742,0
6846.33,12,28,115000,2,0,0.033,0
32889.33,8,28,125000,1,0,0.183,0
78143.0,12,28,40000,2,0,0.967,0
29700.0,12,28,30000,3,0,0.007,0
18152.33,12,24,45000,4,0,0.195,0
5272.0,10,25,75000,1,0,0.055,0
20097.0,10,25,45000,3,0,0.287,0
0.0,2,25,75000,1,10,0.0,0
28163.33,12,24,75000,1,0,0.352,0
5997.67,12,25,200000,3,0,0.031,0
193602.0,12,25,100000,1,0,0.994,0
63686.0,12,25,105000,1,0,0.317,0
1261.0,10,28,70000,2,20,0.014,1
5819.0,12,28,110000,2,0,0.034,0
145734.0,12,29,125000,2,0,0.911,0
1249.33,12,29,60000,1,0,0.003,0
936.0,8,28,100000,2,10,0.0,0
21800.67,12,29,25000,2,20,0.44,0
45562.0,12,29,25000,3,0,1.0,0
14755.67,12,29,115000,1,0,0.089,0
508.67,0,29,50000,1,20,0.015,0
23821.67,10,29,25000,2,20,0.526,0
38691.67,12,27,165000,1,0,0.114,0
1000.0,0,27,45000,1,0,0.033,0
6641.67,12,27,75000,2,0,0.039,0
25068.67,8,28,35000,3,20,0.354,0
70546.33,12,28,40000,1,0,0.889,0
66423.33,12,28,65000,2,0,1.0,0
109216.33,8,29,65000,1,30,0.782,0
264.0,4,29,70000,2,0,0.003,1
1934.0,12,27,120000,3,0,0.01,1
5742.33,12,26,80000,1,0,0.017,0
791.33,12,26,25000,1,0,0.013,1
18391.33,8,27,250000,1,0,0.035,0
244455.33,12,28,130000,2,0,0.919,0
18548.33,8,23,50000,2,0,0.107,0
111450.0,12,23,65000,2,0,0.857,0
124921.33,12,26,40000,1,0,1.0,0
36471.0,10,29,200000,2,0,0.132,0
37187.33,12,27,180000,2,0,0.123,0
8644.33,10,28,95000,1,20,0.038,0
39447.0,12,28,45000,2,0,0.457,0
18875.0,12,29,25000,1,0,0.177,0
51941.33,8,29,40000,2,20,0.615,0
483.33,2,29,60000,2,0,0.012,0
23356.33,10,28,50000,2,20,0.211,1
431.67,6,28,85000,1,10,0.0,0
39649.67,12,28,45000,1,20,0.426,0
0.0,4,27,200000,1,0,0.0,1
75304.67,10,27,115000,1,20,0.344,0
207501.0,10,28,130000,1,0,0.798,0
59629.0,12,29,55000,2,0,0.51,0
206415.67,10,28,250000,2,0,0.638,0
1506.0,10,28,45000,2,0,0.033,0
15792.67,10,28,30000,1,20,0.345,0
308916.67,12,28,160000,2,20,1.0,1
22311.33,12,29,160000,2,0,0.109,0
109538.33,12,28,95000,1,0,0.59,0
0.0,0,28,40000,1,10,0.0,1
36451.33,10,28,115000,2,20,0.155,1
2156.67,6,29,155000,1,0,0.002,0
152439.0,12,29,130000,2,0,0.58,0
736.0,10,29,100000,1,10,0.0,0
28896.0,10,29,100000,1,0,0.326,0
52045.67,12,28,100000,2,0,0.255,0
28051.67,12,28,25000,2,0,0.563,0
54166.67,12,28,25000,3,0,1.0,1
34566.33,12,29,25000,1,0,0.89,0
187455.33,12,29,120000,2,0,0.781,0
7554.0,12,29,50000,2,0,0.078,0
2735.67,12,28,115000,2,0,0.011,0
6050.33,12,29,115000,1,0,0.021,0
202600.67,8,28,120000,2,20,0.796,1
95114.67,12,30,75000,2,0,0.235,0
910.0,6,30,75000,2,0,0.01,0
13393.67,10,29,100000,1,0,0.139,0
66368.33,12,29,30000,2,20,0.975,1
20255.33,12,31,25000,2,0,0.398,0
12648.33,10,31,70000,2,0,0.002,0
142110.33,10,30,110000,1,20,0.685,0
560.0,8,28,150000,1,0,0.003,0
9686.67,12,29,150000,1,0,0.0,0
94748.33,12,29,100000,1,0,0.591,0
8990.0,12,29,40000,2,20,0.081,0
77608.33,12,29,215000,2,20,0.175,1
3843.67,12,29,30000,2,0,0.069,0
1192.67,12,29,85000,2,0,0.008,0
27111.67,12,29,25000,2,0,0.523,0
27863.0,10,26,210000,2,0,0.058,0
46042.0,8,26,40000,2,30,0.564,1
32250.67,6,27,115000,1,0,0.074,1
53044.0,12,29,135000,2,0,0.232,0
58015.67,12,28,250000,1,0,0.113,0
96091.0,12,28,110000,2,20,0.429,0
87885.0,12,24,90000,3,0,0.56,0
35537.67,12,23,25000,2,20,0.689,0
11288.67,10,22,10000,4,20,0.594,0
452.33,8,24,10000,1,10,0.0,0
5563.0,8,22,40000,1,20,0.078,0
65619.33,12,23,60000,2,0,0.534,0
11589.67,12,23,20000,1,0,0.26,0
3985.33,12,42,50000,2,0,0.028,0
88409.0,10,25,45000,2,20,1.0,0
160132.33,12,24,80000,2,0,1.0,0
23459.67,10,24,50000,1,0,0.278,0
52705.67,12,25,115000,1,0,0.221,0
34094.33,10,28,30000,1,0,0.631,0
1786.0,10,26,150000,1,20,0.003,0
101564.33,12,29,70000,2,0,0.923,0
2072.0,10,29,150000,1,0,0.003,1
21360.67,12,29,30000,1,0,0.388,0
684.67,10,29,180000,2,0,0.0,0
2481.67,10,29,50000,1,20,0.038,0
2283.33,12,29,50000,2,0,0.033,0
128.0,10,29,160000,1,20,0.0,0
300.67,2,29,250000,2,0,0.002,0
3299.0,8,30,90000,1,0,0.002,0
18343.67,12,30,140000,2,20,0.068,1
15515.67,12,30,70000,2,0,0.099,0
3293.67,2,30,100000,2,20,0.009,0
29631.67,10,30,135000,1,20,0.095,0
5296.33,12,30,115000,1,0,0.024,0
800.33,6,29,105000,1,10,0.0,0
6555.67,8,29,85000,1,0,0.008,0
120.0,6,29,115000,1,0,0.002,0
143258.33,12,29,150000,2,0,0.548,0
1359.0,6,29,75000,3,0,0.026,0
0.0,0,29,180000,1,10,0.0,0
82267.67,12,29,55000,2,20,0.908,1
4206.67,6,30,75000,1,20,0.04,0
48661.0,12,27,25000,1,0,0.999,0
854.67,10,27,85000,1,20,0.002,0
25642.0,12,27,105000,2,0,0.125,0
45360.33,12,28,25000,2,20,0.9,1
6140.33,10,30,100000,2,20,0.023,0
22031.0,6,28,50000,1,0,0.291,0
97014.33,10,31,90000,2,0,0.627,0
77386.67,12,33,40000,2,0,0.945,0
22327.0,6,27,40000,2,0,0.709,1
47354.0,12,29,25000,3,0,0.948,0
2740.0,12,28,280000,2,0,0.005,0
88192.67,12,28,75000,2,20,0.596,1
1261.0,10,27,155000,2,0,0.004,1
6961.33,10,27,105000,2,0,0.009,0
8680.67,10,27,100000,1,0,0.025,0
12892.33,10,28,50000,1,0,0.143,0
12278.0,12,28,100000,2,0,0.174,0
30829.33,10,28,20000,2,20,0.73,0
4419.67,12,29,40000,3,0,0.006,0
1102.33,4,29,180000,3,0,0.009,0
29927.33,12,28,145000,2,0,0.052,0
648.0,0,28,45000,1,0,0.022,0
14329.33,12,29,140000,1,0,0.119,0
17657.33,10,29,25000,1,0,0.442,0
202257.67,12,29,100000,3,0,1.0,0
446626.33,12,30,200000,2,0,1.0,0
1603.67,10,31,105000,1,0,0.0,0
50681.0,8,31,25000,2,0,0.956,1
5433.0,12,30,75000,1,0,0.028,0
83.0,6,29,115000,1,10,0.0,0
73419.67,12,29,35000,1,0,1.0,0
78519.0,12,29,225000,1,0,0.232,0
72331.33,12,29,40000,2,0,0.885,0
287158.33,12,30,190000,2,0,0.804,0
95237.67,12,31,50000,2,0,0.912,0
23742.33,12,31,15000,2,0,0.812,0
4675.0,12,31,70000,1,0,0.028,0
42383.33,10,27,160000,1,20,0.135,1
17839.67,10,24,10000,2,0,0.946,0
338259.67,12,25,175000,2,20,0.937,1
132635.67,12,25,90000,2,0,0.973,0
27487.33,12,23,15000,2,0,0.945,0
111400.0,12,24,55000,1,20,1.0,0
3588.33,6,24,25000,2,0,0.051,0
4093.0,12,31,100000,2,0,0.014,0
79131.0,12,29,50000,2,0,0.87,0
1609.67,6,27,50000,1,0,0.048,0
1422.33,6,29,75000,1,20,0.008,1
54225.33,12,27,30000,2,0,1.0,0
10466.0,10,27,40000,2,0,0.255,0
3237.0,12,26,75000,1,0,0.05,0
29878.33,12,27,15000,1,0,1.0,1
199438.67,12,26,75000,1,0,1.0,0
46019.33,12,26,125000,1,0,0.2,0
33567.67,12,29,250000,1,0,0.072,0
54869.33,10,28,115000,1,0,0.286,0
1592.0,12,29,80000,1,0,0.002,0
38604.33,12,31,180000,1,0,0.026,0
28293.67,12,30,200000,2,0,0.077,0
97220.0,10,29,65000,1,20,0.721,0
72254.0,12,28,40000,1,0,0.884,0
1414.33,10,28,80000,1,0,0.002,0
64213.33,12,28,195000,1,0,0.156,0
2351.33,10,31,100000,2,20,0.019,1
9503.0,12,30,15000,2,0,0.307,0
650.0,6,31,25000,3,30,0.016,0
70415.33,12,31,90000,2,0,0.386,0
153892.0,12,32,100000,3,0,0.745,0
145105.33,10,32,90000,2,20,0.841,0
30308.67,12,31,125000,1,0,0.146,0
1676.0,12,29,90000,1,0,0.022,0
38217.33,12,32,25000,2,0,0.979,0
175031.0,12,33,110000,1,0,0.905,0
990.0,12,31,180000,2,0,0.003,0
35138.67,12,29,250000,1,0,0.067,0
1406.0,12,30,25000,3,0,0.021,0
82.33,6,30,75000,2,0,0.0,0
12565.0,12,31,75000,2,0,0.091,0
23303.33,8,31,150000,1,0,0.002,0
84876.67,10,24,65000,1,20,0.589,0
16789.0,8,22,15000,3,20,0.502,0
14708.33,12,25,45000,2,0,0.307,0
55074.0,8,25,45000,2,20,0.987,1
30315.33,12,25,35000,3,0,0.448,0
74679.67,12,25,40000,2,0,0.916,1
9403.67,12,25,30000,2,0,0.131,1
4903.67,6,26,30000,3,20,0.081,0
15000.0,12,27,210000,2,0,0.036,0
0.0,0,27,100000,1,0,0.0,1
4894.67,10,29,110000,1,0,0.013,0
2333.33,2,29,85000,1,0,0.006,0
3914.33,12,29,250000,3,0,0.01,1
183.33,6,29,30000,1,20,0.0,1
148.67,12,30,70000,2,0,0.001,0
63162.33,6,31,50000,2,0,0.952,0
2793.0,8,31,90000,1,0,0.0,0
0.0,0,31,180000,1,10,0.0,0
250787.67,12,31,210000,1,0,0.556,1
711.67,12,29,100000,2,0,0.004,0
83528.33,12,31,130000,2,0,0.316,0
19333.0,12,30,150000,2,0,0.064,0
74452.0,10,29,200000,1,20,0.187,1
28885.0,12,30,110000,1,0,0.104,0
1431.67,12,30,65000,1,0,0.011,1
7349.33,12,29,75000,1,0,0.006,0
265958.0,12,33,140000,1,0,0.95,0
187474.33,12,33,115000,1,0,0.789,0
46457.33,12,28,90000,2,0,0.305,0
30329.33,12,29,135000,2,0,0.144,0
198514.0,12,30,95000,4,0,1.0,0
69291.33,12,30,75000,3,0,0.462,0
423.67,6,28,115000,1,0,0.002,1
23950.67,12,29,35000,3,0,0.321,0
3210.33,12,29,250000,2,0,0.004,0
40928.67,12,30,25000,2,0,0.936,1
211018.33,12,29,110000,1,0,0.94,1
939.33,0,30,105000,2,0,0.013,0
67111.67,12,30,130000,2,0,0.256,0
1017.0,12,29,140000,1,0,0.007,0
280.0,8,30,90000,1,0,0.002,0
28616.67,10,29,15000,3,20,0.924,1
260.0,2,30,10000,2,20,0.0,1
24.67,6,32,100000,2,20,0.0,0
81297.33,10,30,40000,1,30,1.0,1
23373.33,10,31,45000,2,20,0.247,1
15560.0,8,32,10000,2,20,0.754,1
27938.33,10,32,15000,3,20,0.913,0
62602.67,12,29,35000,1,0,0.875,0
73963.33,12,29,100000,2,0,0.373,0
220102.67,12,29,210000,2,0,0.777,0
132203.67,12,29,65000,2,0,1.0,0
65609.33,12,30,80000,1,0,0.491,0
3577.0,2,29,160000,1,0,0.009,0
33471.67,12,29,65000,1,0,0.006,0
11687.67,6,29,100000,1,10,0.0,1
3556.0,8,30,160000,1,0,0.004,0
64143.67,12,30,200000,2,0,0.172,0
18555.33,12,30,195000,2,0,0.09,0
29446.33,8,29,50000,1,0,0.273,0
93382.33,12,30,50000,2,0,0.98,0
8059.0,12,31,200000,2,0,0.023,0
2657.0,6,27,50000,2,20,0.007,1
1283.33,12,27,150000,3,0,0.006,0
15697.0,12,27,10000,2,0,0.712,0
28655.33,6,27,25000,2,0,0.546,0
31827.0,10,30,50000,1,20,0.297,0
196188.33,12,30,100000,2,0,0.974,0
236351.33,10,30,150000,2,20,0.84,0
10697.33,10,30,120000,3,0,0.029,0
14533.67,12,30,120000,2,0,0.071,0
117725.67,12,30,60000,3,20,0.996,1
719.0,8,31,175000,1,20,0.001,0
110.0,10,31,295000,1,10,0.0,0
0.0,0,30,120000,1,10,0.0,0
0.0,0,27,100000,4,0,0.0,0
131708.33,12,27,150000,1,0,0.439,0
4935.67,12,28,120000,2,0,0.024,0
8093.33,8,28,85000,1,0,0.021,0
26605.0,12,30,235000,2,0,0.056,0
52166.67,12,30,55000,1,0,0.466,0
26964.0,12,24,15000,3,0,0.909,1
24183.33,12,24,40000,2,10,0.782,0
78.0,0,24,50000,1,10,0.0,0
44636.67,8,25,80000,2,0,0.286,0
47281.0,12,27,55000,1,0,0.477,0
109231.0,12,28,75000,3,20,0.717,0
6746.67,12,30,195000,1,0,0.02,0
8660.67,12,30,90000,2,0,0.028,1
34289.33,12,29,150000,1,0,0.15,0
5629.0,12,29,200000,1,0,0.013,0
109014.67,12,29,55000,1,20,1.0,0
21901.33,12,28,60000,1,0,0.171,0
7320.0,12,28,100000,2,0,0.044,0
67369.67,12,25,60000,2,0,0.586,0
148826.33,12,25,135000,2,0,0.603,0
12172.0,12,25,125000,1,0,0.075,0
22816.33,12,25,65000,2,0,0.471,0
16065.67,12,26,145000,1,0,0.111,0
55445.67,12,26,105000,2,0,0.374,0
3702.33,6,26,100000,2,20,0.0,0
6781.33,6,28,120000,1,20,0.074,0
3765.33,12,30,85000,1,0,0.031,0
12480.0,10,28,90000,1,0,0.144,0
14721.0,12,28,140000,1,0,0.145,0
91507.0,12,28,245000,2,0,0.263,0
134.0,10,31,120000,2,0,0.031,0
68789.0,12,31,75000,1,0,0.452,0
265681.33,12,32,175000,1,20,0.743,0
18942.33,10,30,40000,2,0,0.276,0
14352.67,10,31,165000,1,0,0.01,0
1404.67,8,31,10000,2,10,0.0,0
47015.0,12,32,105000,2,0,0.211,0
248.0,12,32,200000,2,0,0.0,0
0.0,0,28,115000,2,0,0.0,0
22448.0,12,29,100000,1,0,0.043,0
5250.0,6,31,90000,2,0,0.0,0
34458.0,12,30,100000,2,20,0.168,0
47148.67,12,26,25000,2,0,0.961,0
712.67,12,27,145000,1,0,0.001,0
76961.0,12,31,50000,2,0,0.758,0
13671.0,8,32,75000,2,20,0.064,1
4907.0,12,32,10000,2,0,0.488,0
9204.0,4,32,100000,1,0,0.062,0
74403.67,10,32,40000,2,0,0.969,0
73151.33,12,29,145000,1,0,0.272,0
122008.67,12,29,100000,2,0,0.594,0
864.33,8,29,75000,2,0,0.006,0
86288.67,12,27,90000,1,0,0.564,0
319788.33,12,32,210000,2,0,1.0,0
12096.0,6,29,15000,3,20,0.349,1
1443.33,8,31,115000,1,20,0.009,0
6809.0,8,27,30000,2,20,0.085,0
44832.67,12,28,110000,2,0,0.197,0
174174.67,12,29,120000,1,0,0.779,0
518.0,12,31,70000,2,0,0.004,0
6136.33,12,32,100000,1,0,0.034,0
2805.67,6,30,205000,1,0,0.0,0
49944.0,12,34,70000,2,0,0.342,0
105330.33,12,30,40000,2,0,1.0,0
251198.67,12,29,170000,2,0,0.724,0
1626.67,6,29,70000,1,0,0.035,1
158738.67,10,30,85000,1,20,0.917,1
246242.67,12,30,145000,1,0,0.993,0
3563.33,12,31,180000,2,0,0.009,0
13064.33,12,32,155000,1,0,0.015,1
5395.0,12,32,250000,2,0,0.019,0
226816.33,12,33,125000,1,20,0.973,1
6224.67,12,33,250000,1,0,0.021,0
69341.0,12,33,40000,2,0,0.937,0
17749.0,12,30,90000,2,0,0.13,0
48766.67,12,30,160000,1,0,0.19,0
106668.0,12,30,65000,2,0,0.822,0
708.67,12,30,125000,3,0,0.008,0
63175.0,12,27,190000,1,0,0.315,0
8211.67,0,27,100000,1,0,0.123,0
232337.0,12,28,130000,4,0,0.912,0
140513.0,12,28,75000,2,20,0.917,1
4894.0,0,28,50000,1,10,0.0,0
75776.0,12,28,90000,2,0,0.475,0
126357.0,12,26,75000,1,0,0.912,0
155491.0,12,27,115000,2,0,0.761,0
35880.33,12,29,80000,2,0,0.227,0
35190.33,12,30,180000,2,0,0.058,0
139675.0,12,28,75000,3,0,0.976,0
0.0,0,34,180000,1,0,0.0,1
5650.67,12,37,5000,2,0,0.699,0
16865.67,12,35,10000,2,0,0.793,1
33944.0,12,35,25000,2,0,0.685,0
26179.0,10,37,25000,2,20,0.526,0
49932.67,8,37,30000,2,20,0.822,1
13573.67,12,37,10000,3,20,0.622,0
109059.67,8,39,65000,2,20,0.838,0
46632.0,12,36,25000,3,0,0.977,0
44449.33,12,36,175000,2,0,0.145,0
42934.0,12,40,105000,2,0,0.199,0
8351.67,10,23,5000,2,20,0.854,0
18616.67,8,34,10000,2,20,0.898,0
66800.67,12,33,40000,1,0,0.819,0
85395.67,12,33,55000,2,0,0.761,1
346.67,4,40,90000,1,0,0.0,0
462.0,6,37,180000,3,0,0.002,0
242.0,6,33,125000,2,0,0.002,0
7951.67,8,34,90000,2,0,0.078,0
68357.33,12,35,95000,2,0,0.352,0
17974.33,6,35,75000,1,20,0.102,0
38745.0,12,35,45000,2,20,0.411,0
10431.67,12,39,115000,1,0,0.02,0
0.0,0,47,60000,3,0,0.0,0
105535.0,10,36,50000,3,20,0.993,1
24824.33,12,45,30000,3,0,0.439,0
261111.0,12,38,180000,1,20,0.708,0
306923.67,12,38,155000,2,0,0.976,0
13124.33,12,37,140000,2,0,0.045,0
9482.0,6,38,15000,3,20,0.38,0
83414.67,12,38,130000,2,0,0.314,0
151.67,8,36,90000,2,0,0.007,0
256915.33,12,36,165000,2,0,0.779,0
33821.67,12,46,200000,3,20,0.001,1
89536.67,10,36,45000,2,20,0.957,0
0.0,0,36,100000,1,0,0.0,1
4542.33,12,38,140000,3,0,0.023,0
1746.67,2,37,175000,1,0,0.003,0
39224.0,12,42,25000,2,0,0.957,0
390.0,12,44,25000,2,0,0.008,0
11019.0,6,41,60000,2,0,0.038,0
17761.67,12,38,40000,2,0,0.223,0
78335.67,12,36,45000,2,0,1.0,0
43440.33,12,44,25000,2,0,0.859,0
131328.67,10,44,90000,1,20,0.684,0
202160.33,12,31,100000,3,0,1.0,0
118065.0,12,31,210000,2,0,0.351,0
21585.0,12,31,135000,2,0,0.026,0
37513.67,12,49,25000,3,0,0.939,0
27344.33,12,41,15000,1,0,0.877,0
15795.0,8,36,85000,2,20,0.092,0
36437.67,12,42,85000,2,0,0.307,0
159351.33,6,40,75000,4,0,1.0,1
21143.0,6,38,10000,2,40,1.0,0
107973.33,12,40,60000,2,0,0.876,0
19830.0,10,41,25000,2,20,0.341,1
198093.67,12,44,250000,3,0,0.414,0
8570.67,10,36,20000,2,20,0.178,1
4050.67,10,48,35000,2,0,0.055,0
29332.67,12,44,15000,2,0,0.949,1
9764.0,10,48,35000,3,20,0.136,1
18002.67,12,49,10000,3,0,0.877,1
1338.0,10,45,70000,3,0,0.01,0
117068.67,8,39,100000,2,30,0.589,1
35364.0,10,42,45000,3,0,0.385,0
2071.0,0,44,15000,3,20,0.107,0
3412.0,12,41,130000,2,0,0.031,0
6642.67,10,36,50000,2,10,0.0,0
0.0,6,36,75000,4,10,0.0,0
24936.33,8,44,25000,3,20,0.465,1
945.33,6,31,100000,2,20,0.012,0
10356.67,12,34,240000,1,0,0.041,0
4137.67,2,36,75000,4,0,0.048,0
3292.67,12,38,40000,1,0,0.028,0
14950.0,12,39,155000,3,0,0.038,0
8021.67,12,46,100000,3,0,0.073,0
12627.67,12,43,10000,2,0,0.576,0
75281.67,12,41,240000,3,0,0.092,0
3608.0,8,35,100000,2,0,0.033,0
2263.33,6,45,10000,3,0,0.082,0
307.67,6,30,150000,1,0,0.002,0
0.0,0,34,115000,2,10,0.0,0
7558.33,10,35,25000,2,0,0.148,1
48467.33,12,39,25000,3,0,0.992,0
106586.67,12,40,55000,3,0,0.955,0
18526.0,10,49,35000,3,20,0.23,1
1534.0,12,46,25000,3,0,0.0,0
34583.67,12,32,25000,3,0,0.665,1
179874.33,12,46,220000,2,0,0.403,0
414.0,0,38,75000,2,0,0.008,0
29247.33,12,37,210000,2,0,0.086,0
1534.0,10,33,90000,2,0,0.019,0
40000.0,12,33,115000,1,0,0.168,0
18637.33,8,44,25000,2,30,0.322,1
247526.0,12,32,130000,2,0,0.967,1
15400.33,12,33,130000,2,0,0.02,1
909.67,4,33,155000,1,0,0.009,1
43465.0,12,37,30000,2,20,0.702,1
13176.67,8,40,60000,2,0,0.268,0
12714.67,12,41,200000,2,0,0.027,0
9005.0,4,45,40000,3,0,0.008,0
32644.67,12,40,30000,2,0,0.519,0
140606.0,10,40,80000,2,20,0.862,0
195522.67,12,34,110000,2,0,0.945,0
4671.33,12,46,150000,2,0,0.018,0
99716.0,12,32,50000,2,0,1.0,0
54340.33,12,37,30000,2,0,0.921,0
71639.0,12,43,40000,2,0,0.889,0
3106.0,12,43,5000,3,0,0.159,0
19766.33,12,40,15000,3,0,0.997,0
10801.0,12,36,250000,1,0,0.018,0
2000.33,6,40,20000,3,20,0.0,1
23935.33,10,35,150000,2,0,0.163,0
15871.33,12,34,10000,2,20,0.678,0
3197.33,10,37,140000,1,20,0.009,1
36164.33,12,38,95000,1,0,0.208,0
4915.0,12,33,250000,2,0,0.019,0
706.0,6,43,125000,4,0,0.0,0
5077.67,12,47,60000,3,0,0.061,0
497.33,2,35,10000,3,0,0.0,0
65715.67,8,40,105000,1,20,0.317,0
108187.0,12,46,110000,4,0,0.475,0
18899.0,12,49,15000,3,0,0.96,0
286846.67,12,45,170000,2,0,0.836,0
6677.0,10,36,90000,1,0,0.027,0
776.0,10,40,20000,1,0,0.019,1
19575.33,12,37,10000,2,0,0.998,0
107742.0,8,48,65000,2,20,0.812,1
46677.67,12,41,25000,2,0,0.948,1
16076.0,10,31,150000,1,20,0.059,0
53402.0,12,33,70000,2,0,0.443,0
17994.0,8,46,130000,2,20,0.062,0
91302.33,12,45,50000,2,0,0.905,0
10164.0,10,40,65000,2,20,0.066,1
0.0,2,47,100000,2,10,0.0,1
912.33,8,48,100000,1,0,0.003,1
2850.67,8,31,100000,1,10,0.0,0
16575.0,12,32,90000,1,0,0.096,0
1080.0,4,33,180000,2,0,0.0,1
22949.33,12,34,210000,1,0,0.062,0
1223.67,6,35,90000,1,20,0.02,0
33987.33,8,35,25000,3,30,0.689,0
1251.67,0,34,60000,1,0,0.031,1
55112.0,12,35,40000,3,0,0.687,0
0.0,0,38,90000,1,10,0.0,0
17113.0,10,32,10000,2,20,0.777,1
136117.0,12,32,90000,4,0,0.756,0
2093.67,12,34,115000,2,0,0.014,0
80332.0,4,43,40000,2,0,0.98,0
2146.67,12,42,45000,2,0,0.015,0
26089.33,12,30,150000,3,0,0.086,0
0.0,2,36,80000,1,10,0.0,1
1758.67,12,47,90000,2,0,0.023,0
46536.33,12,30,80000,2,0,0.086,0
248266.0,12,30,115000,1,0,1.0,0
13135.0,12,31,180000,1,0,0.01,0
10053.0,6,31,250000,1,0,0.054,0
70906.67,10,30,60000,2,20,0.579,0
0.0,4,31,140000,1,0,0.0,1
102446.33,12,32,100000,2,20,0.673,0
72023.67,12,31,90000,1,0,0.499,0
1542.67,12,34,120000,1,0,0.007,1
331201.0,10,44,250000,1,0,0.646,0
1752.0,6,48,90000,2,0,0.025,0
17165.67,12,43,165000,2,0,0.046,0
423881.0,12,37,210000,1,0,1.0,0
43707.0,12,33,110000,2,0,0.188,0
811.67,0,34,85000,2,0,0.014,0
10792.0,10,48,70000,1,0,0.006,0
191301.0,12,31,100000,3,0,0.939,0
58842.33,10,32,115000,2,0,0.242,0
5063.67,6,31,75000,4,20,0.066,0
11042.33,10,37,120000,1,0,0.003,0
16052.0,12,49,105000,2,0,0.103,0
115575.0,10,35,250000,1,0,0.227,0
0.0,4,39,90000,3,30,0.0,0
60116.0,10,31,30000,2,20,0.99,0
222364.33,12,34,145000,1,0,0.953,0
26905.33,10,48,40000,3,0,0.454,0
174376.0,12,46,90000,1,0,1.0,0
42878.33,10,33,175000,3,0,0.177,0
4079.67,6,41,80000,2,0,0.053,1
58728.67,12,36,105000,3,0,0.274,0
0.0,2,35,80000,1,10,0.0,0
7884.67,2,40,175000,1,0,0.009,0
103696.0,12,41,65000,2,0,0.807,0
1496.0,8,49,120000,2,20,0.0,0
82797.33,12,40,165000,3,0,0.246,0
1698.33,6,45,250000,2,10,0.0,1
659.33,8,41,85000,3,0,0.006,0
4524.0,12,43,120000,4,0,0.019,0
166062.67,12,47,90000,4,0,0.933,1
10838.33,12,36,130000,2,0,0.068,0
3959.67,12,43,65000,2,0,0.018,0
628.67,6,38,15000,2,0,0.017,0
0.0,4,42,220000,2,10,0.0,0
803.33,8,43,130000,2,0,0.003,0
26194.0,12,38,15000,1,20,0.836,0
201444.33,12,37,195000,2,0,0.515,0
117239.0,12,45,130000,2,0,0.438,0
52833.33,12,46,35000,2,0,0.942,0
142946.0,10,30,100000,3,20,0.702,0
14659.33,2,32,75000,2,0,0.142,0
11505.67,12,32,230000,1,0,0.029,0
1076.0,8,33,90000,3,0,0.003,0
59295.33,10,37,35000,1,0,0.927,0
3056.67,12,40,125000,2,0,0.006,0
21700.0,12,39,85000,2,0,0.135,0
496.33,12,34,80000,2,0,0.001,0
14743.0,10,36,40000,1,20,0.158,1
11461.67,12,49,200000,3,10,0.0,0
27725.67,6,43,10000,2,40,1.0,1
118977.67,12,44,65000,2,0,0.991,0
6518.33,10,36,30000,1,20,0.073,0
86777.33,12,41,45000,3,0,0.969,0
85715.33,12,44,105000,2,0,0.401,0
323209.67,12,34,190000,1,20,0.831,0
30534.33,12,35,100000,2,0,0.147,0
326.0,12,37,90000,1,20,0.002,1
20249.67,8,42,10000,2,30,1.0,0
2172.33,12,38,175000,3,0,0.004,0
216.67,4,41,100000,4,10,0.0,0
7256.33,12,34,200000,3,0,0.025,0
3198.33,12,38,115000,1,10,0.004,0
260.0,4,43,115000,1,0,0.002,1
26259.67,12,38,25000,2,0,0.504,0
211344.33,12,47,150000,2,0,0.752,0
14964.67,12,45,115000,3,0,0.066,0
48523.67,12,44,25000,3,0,0.951,0
16078.67,10,34,75000,1,0,0.048,0
2950.33,12,33,130000,1,0,0.01,0
1929.33,12,33,160000,2,0,0.01,1
64616.0,12,49,50000,2,0,0.551,0
0.0,4,37,30000,3,10,0.0,0
47577.33,12,42,210000,3,0,0.208,0
78271.0,12,38,250000,2,0,0.161,0
276691.67,12,34,225000,2,0,0.827,0
37672.33,12,42,15000,3,0,1.0,1
28637.67,10,47,30000,2,20,0.446,1
316.0,12,43,90000,2,0,0.002,0
1728.0,12,35,160000,2,0,0.004,0
101789.0,12,37,125000,1,0,0.467,0
24453.33,12,34,15000,2,0,0.778,0
6767.0,6,34,180000,2,0,0.014,0
2101.67,12,43,180000,3,0,0.012,0
21254.67,12,36,75000,1,0,0.216,0
24623.67,12,39,200000,2,20,0.145,0
315296.33,12,44,175000,1,30,0.884,1
3247.0,12,45,40000,3,0,0.043,0
3192.0,10,37,70000,3,0,0.009,0
174845.0,12,48,75000,3,0,1.0,0
8538.0,12,40,240000,3,0,0.012,0
0.0,2,41,100000,3,0,0.0,0
5072.0,6,29,90000,1,0,0.055,0
1153.0,6,30,130000,1,0,0.0,0
4786.33,6,33,225000,1,20,0.001,0
114143.33,10,33,70000,3,0,0.974,0
230087.33,12,43,110000,3,0,1.0,1
1238.0,12,39,50000,3,0,0.004,0
550.0,12,41,80000,2,0,0.003,0
66325.67,12,36,70000,2,0,0.532,0
339.0,4,39,100000,2,0,0.005,0
0.0,2,30,230000,1,0,0.0,0
51779.33,10,31,25000,3,0,0.822,0
21985.0,10,31,50000,1,0,0.06,0
105018.33,12,31,75000,2,0,0.922,0
4694.33,12,32,230000,1,0,0.011,0
1574.33,12,32,180000,2,0,0.0,0
3282.33,12,33,90000,1,0,0.022,0
7843.0,10,42,235000,1,0,0.022,0
337.67,8,44,160000,3,20,0.0,0
5985.33,10,47,180000,2,0,0.011,0
3352.0,12,36,30000,2,0,0.035,0
2593.67,10,39,155000,1,0,0.016,0
50759.33,12,36,70000,2,0,0.362,0
7671.0,12,43,225000,2,0,0.016,0
755.67,12,30,105000,2,20,0.004,0
1805.33,12,33,90000,1,0,0.012,1
553.0,0,38,180000,2,0,0.005,0
42694.67,10,33,25000,1,20,0.813,1
13401.0,8,34,170000,2,0,0.048,0
120303.67,8,38,70000,3,20,0.855,0
38289.67,8,32,60000,1,20,0.267,0
0.0,2,32,90000,2,10,0.0,1
169464.0,12,32,180000,1,0,0.534,0
253127.67,12,34,170000,1,0,0.748,0
139334.0,12,35,100000,2,0,0.681,0
1322.0,0,36,40000,2,0,0.05,0
294124.67,10,35,250000,2,0,0.573,0
416.0,12,31,75000,2,0,0.003,0
15094.67,10,46,10000,1,20,0.712,1
279115.67,12,41,250000,2,0,0.552,0
160827.0,10,47,170000,3,20,0.5,0
8052.33,12,34,250000,2,0,0.005,0
176911.0,8,31,120000,2,20,0.723,0
8020.33,10,34,40000,2,0,0.093,0
890.0,4,37,100000,1,10,0.0,0
3355.0,12,31,115000,2,0,0.0,0
1345.0,2,36,150000,3,0,0.013,0
223.67,10,36,70000,2,0,0.001,1
1332.0,2,33,150000,1,0,0.013,0
0.0,0,34,180000,3,0,0.0,1
149408.0,12,35,160000,3,0,0.491,1
364841.67,12,30,190000,2,0,1.0,0
138608.67,12,30,85000,3,0,0.804,0
25366.33,8,41,150000,1,0,0.22,0
934.0,0,44,30000,3,0,0.047,0
214855.0,12,36,120000,2,0,0.892,0
425.0,4,44,250000,3,0,0.0,0
12627.0,10,45,115000,2,0,0.052,0
33141.67,12,35,145000,4,0,0.115,0
57017.0,12,35,30000,2,0,0.991,0
97810.33,12,35,50000,2,0,0.981,0
8193.33,10,36,135000,2,0,0.0,0
260275.0,12,35,140000,2,0,0.927,0
750.0,2,38,50000,2,30,0.008,0
6126.67,12,32,50000,1,20,0.019,0
0.0,0,31,45000,1,10,0.0,0
12818.33,8,44,140000,4,0,0.019,1
532.33,6,38,75000,4,0,0.0,0
520.0,6,40,35000,2,20,0.006,0
1736.33,10,32,90000,1,0,0.006,0
159258.33,12,33,95000,1,0,0.81,0
20881.0,12,38,250000,2,0,0.03,0
189964.33,10,47,95000,3,20,1.0,0
1784.33,12,32,105000,1,0,0.002,0
15208.33,12,38,30000,1,0,0.114,0
178530.33,12,34,100000,3,0,0.992,0
0.0,8,32,235000,1,10,0.0,0
224475.33,12,30,130000,1,0,0.908,0
20982.67,12,30,70000,1,0,0.097,0
2650.0,6,33,95000,2,0,0.0,1
61584.33,12,36,40000,2,0,0.923,0
72602.33,8,37,155000,2,0,0.221,0
18854.67,12,40,75000,1,20,0.113,0
338695.67,12,30,170000,2,0,0.996,1
62970.0,12,31,180000,2,0,0.136,0
219484.0,12,38,125000,2,20,0.946,0
2261.67,12,34,110000,2,0,0.016,0
0.0,8,46,15000,3,10,0.0,0
16807.0,12,41,105000,3,0,0.079,0
32591.67,10,32,175000,1,0,0.088,1
10223.33,12,33,135000,2,0,0.005,0
128857.33,12,34,100000,2,0,1.0,0
66074.67,12,40,35000,2,20,0.925,1
4296.33,10,45,110000,3,20,0.005,0
5383.0,12,39,115000,2,0,0.025,1
16004.67,4,35,60000,2,0,0.185,0
7853.0,12,30,180000,2,0,0.049,0
10201.0,12,37,105000,3,0,0.064,0
2650.0,2,40,230000,1,30,0.006,1
13000.0,12,34,250000,1,0,0.026,0
2238.67,12,35,90000,2,0,0.017,0
4259.67,10,36,90000,3,0,0.064,0
57995.67,12,26,110000,2,0,0.31,0
510820.33,12,30,300000,2,0,0.836,0
2890.33,6,36,90000,2,0,0.002,1
22724.33,12,39,180000,2,0,0.074,0
12970.0,8,38,310000,1,0,0.003,0
64809.67,12,44,30000,3,0,1.0,1
4553.67,10,32,50000,1,0,0.113,0
4399.67,10,31,100000,1,0,0.039,0
50300.67,12,36,25000,3,0,0.998,0
0.0,2,29,100000,2,10,0.0,1
3152.0,12,43,5000,2,0,0.483,1
92460.33,6,36,140000,2,0,0.336,0
43792.33,12,46,225000,2,0,0.068,0
255493.0,12,29,130000,1,0,1.0,1
125851.67,12,30,70000,2,0,0.888,0
83171.0,12,33,195000,1,0,0.216,0
7710.67,10,41,175000,1,0,0.014,0
47136.0,12,44,25000,3,0,0.95,0
68607.0,12,46,60000,2,0,0.568,0
18994.33,8,45,40000,2,0,0.22,0
21301.33,10,36,80000,3,0,0.058,0
7229.0,12,46,45000,3,0,0.004,0
172229.67,12,39,95000,2,0,0.948,1
14076.67,10,40,50000,3,20,0.133,1
136301.67,12,35,105000,2,0,0.704,0
167648.0,8,33,80000,2,30,1.0,0
220488.33,12,35,120000,3,0,0.992,1
74.33,0,36,10000,1,0,0.011,0
195281.67,10,36,110000,2,20,0.876,1
287365.67,12,44,130000,1,0,1.0,0
247597.0,12,34,250000,1,0,0.501,0
0.0,6,34,100000,2,0,0.0,0
140484.0,12,33,130000,2,0,0.581,1
170654.33,12,30,85000,1,0,1.0,0
2963.0,10,38,75000,2,0,0.037,0
5.0,0,37,180000,2,0,0.0,0
300767.33,12,44,130000,1,0,1.0,0
13486.33,12,30,85000,1,0,0.09,0
11206.67,12,33,115000,1,0,0.047,0
6898.0,12,38,310000,1,0,0.02,0
54932.0,12,35,90000,1,0,0.38,0
13844.33,12,33,90000,1,0,0.039,0
4506.0,6,45,15000,2,20,0.175,1
14867.0,10,31,150000,1,0,0.106,0
240113.0,12,35,185000,2,0,0.638,0
27586.67,12,31,40000,2,0,0.36,0
184190.67,12,40,100000,4,0,1.0,0
7723.0,10,42,75000,3,0,0.074,0
163664.33,12,33,105000,2,20,0.761,0
42925.0,8,35,35000,1,20,0.596,0
6991.0,10,38,40000,2,0,0.055,0
390.0,12,44,25000,2,0,0.008,0
6650.0,12,33,105000,1,20,0.07,1
111728.0,12,33,130000,2,0,0.433,0
12655.67,8,36,85000,1,0,0.043,0
1666.67,0,35,180000,3,20,0.007,0
46353.67,12,37,250000,1,0,0.087,0
134650.67,12,46,145000,1,0,0.392,0
212655.67,12,35,100000,3,0,1.0,0
28478.33,12,47,45000,2,0,0.314,0
341.0,8,41,50000,2,0,0.01,0
79098.0,12,31,145000,1,0,0.286,0
0.0,0,31,25000,1,10,0.0,1
50981.0,2,32,75000,1,0,0.506,0
23754.0,12,42,200000,3,0,0.11,0
49023.67,12,37,25000,3,0,0.982,0
1290.0,8,42,200000,1,20,0.0,0
20046.33,10,37,25000,2,30,0.381,1
49469.67,8,29,25000,1,30,0.992,1
59911.0,10,34,50000,1,20,0.662,0
70374.33,12,39,85000,2,0,0.593,0
23517.67,12,30,75000,1,0,0.352,0
15263.67,12,30,180000,1,0,0.103,0
48266.33,12,31,25000,2,0,0.94,1
33986.0,12,35,90000,1,0,0.209,0
316929.33,12,35,175000,2,0,0.898,0
114666.33,12,38,60000,3,0,0.926,0
5091.0,12,33,70000,2,0,0.012,0
19113.33,10,34,75000,3,0,0.188,0
2261.0,0,42,130000,3,0,0.026,1
47029.33,12,28,25000,2,0,0.916,1
394.67,12,36,90000,2,0,0.006,0
1098.0,8,44,145000,3,0,0.009,0
37840.33,6,49,20000,2,0,0.904,0
53555.0,12,36,155000,1,0,0.219,0
83502.67,12,46,35000,2,0,1.0,1
0.0,0,39,90000,1,0,0.0,0
570475.33,12,46,285000,2,0,0.989,0
89114.67,12,41,75000,3,20,0.684,1
16631.0,10,30,10000,2,20,0.828,0
1392.0,12,32,90000,3,0,0.001,0
9862.67,12,34,50000,3,0,0.097,0
81954.67,10,31,45000,1,20,0.859,1
152557.33,12,47,75000,3,0,1.0,0
236598.0,12,31,245000,2,0,0.501,0
39207.0,10,33,15000,3,20,1.0,1
1329.33,12,33,150000,2,0,0.003,0
426.0,4,32,70000,2,20,0.005,1
13559.33,12,32,25000,2,0,0.25,0
19537.33,8,31,75000,1,20,0.119,1
88491.67,12,32,175000,1,0,0.25,0
14108.33,12,32,70000,2,0,0.111,0
8236.67,8,43,40000,3,0,0.019,0
390.0,12,40,40000,2,0,0.005,0
8566.0,12,34,105000,3,0,0.056,0
45756.33,10,34,55000,2,20,0.412,0
0.0,0,29,60000,2,10,0.0,0
7995.0,12,28,90000,2,0,0.021,0
155243.67,12,44,170000,3,30,0.472,1
21.33,10,29,110000,1,0,0.0,0
52919.67,4,39,115000,4,0,0.033,0
13264.67,12,27,85000,1,0,0.062,0
45169.67,12,28,35000,1,0,0.634,0
11875.67,12,31,25000,3,0,0.204,0
194972.33,12,30,100000,3,0,0.964,0
220734.0,6,34,145000,2,20,0.758,1
16387.33,12,30,40000,4,0,0.037,0
24706.0,6,39,15000,3,20,0.852,0
282726.33,12,37,140000,1,0,1.0,1
61208.0,12,29,50000,1,0,0.853,0
34844.0,12,35,25000,1,0,1.0,0
15059.33,8,43,120000,2,20,0.009,1
4353.33,12,31,120000,1,0,0.014,0
0.0,2,31,50000,1,10,0.0,0
8234.33,12,36,105000,1,0,0.069,0
65099.33,12,37,200000,1,0,0.124,0
396.0,12,42,140000,2,0,0.001,0
1014.0,6,36,90000,2,0,0.004,0
243199.33,12,36,250000,1,0,0.478,0
146585.67,12,45,100000,2,0,0.722,0
19634.67,12,27,250000,1,0,0.017,1
2222.33,12,30,100000,2,0,0.002,0
110242.33,10,27,55000,2,20,1.0,0
8605.67,12,30,140000,2,0,0.077,0
41421.33,8,31,50000,2,20,0.411,1
21224.67,12,33,35000,2,0,0.445,0
3600.0,12,47,65000,3,20,0.039,0
19160.33,8,35,15000,2,20,0.596,1
14831.67,8,43,15000,2,20,0.438,0
18776.33,10,27,90000,1,0,0.013,0
48699.0,12,27,50000,2,0,0.481,0
0.0,4,30,75000,2,20,0.0,0
139124.0,12,32,70000,2,0,1.0,0
34448.0,2,45,120000,1,0,0.431,0
10130.0,12,48,90000,1,0,0.046,0
2400.0,0,37,170000,2,0,0.021,0
118459.67,12,37,100000,2,0,0.572,0
1400.33,0,39,180000,2,0,0.012,1
6512.33,10,37,250000,1,10,0.0,0
401.67,2,33,135000,4,0,0.0,0
1247.0,12,33,70000,3,0,0.009,0
0.0,0,33,60000,2,0,0.0,0
208160.67,12,34,105000,2,0,0.978,0
1781.67,4,35,150000,1,0,0.018,0
4628.0,12,41,180000,2,0,0.013,0
1600.33,12,27,60000,2,0,0.01,0
25638.33,10,29,215000,1,0,0.098,0
3125.67,12,27,125000,2,0,0.02,0
399.33,12,29,90000,1,0,0.002,1
54732.33,12,29,85000,2,0,0.335,0
45939.33,12,36,250000,1,0,0.129,0
837.0,10,37,10000,2,0,0.021,0
149463.67,12,43,100000,4,0,0.664,0
47846.67,10,48,25000,2,0,0.932,0
2642.67,12,34,60000,1,0,0.004,0
173129.0,12,31,170000,2,0,0.567,0
5786.67,10,32,40000,1,0,0.07,0
7107.67,10,33,45000,2,0,0.042,0
28976.67,12,32,45000,2,0,0.441,0
1944.67,8,32,40000,1,0,0.022,0
156686.0,12,46,85000,2,0,0.954,0
12832.0,12,29,115000,1,0,0.144,0
4567.33,12,30,145000,2,0,0.016,0
47681.67,10,44,180000,2,20,0.134,0
32084.0,12,43,135000,2,0,0.349,0
48892.0,12,43,30000,3,0,0.822,0
8212.33,8,33,180000,2,0,0.02,0
21289.0,12,28,50000,1,0,0.201,0
7255.33,8,44,90000,4,0,0.116,0
2955.33,10,31,40000,2,0,0.044,0
0.0,0,34,40000,2,0,0.0,0
46975.0,12,35,110000,2,0,0.208,0
0.0,4,43,120000,2,10,0.0,0
314345.0,10,44,105000,2,0,1.0,1
109821.0,12,34,135000,2,0,0.395,0
1878.67,10,44,85000,2,0,0.014,1
134492.0,6,29,95000,3,0,0.698,0
1666.67,0,31,100000,1,20,0.012,1
234281.0,12,32,120000,2,0,0.978,0
16386.67,8,34,75000,2,0,0.159,0
6388.67,10,44,45000,3,30,0.005,0
35951.33,12,44,200000,3,0,0.089,0
345838.33,12,46,210000,2,0,0.827,0
29792.33,12,25,70000,1,0,0.373,0
47022.67,12,48,25000,3,0,1.0,0
126278.0,12,46,105000,2,0,0.641,0
88666.33,12,30,105000,1,0,0.416,0
8561.33,12,41,90000,2,0,0.024,0
13065.0,4,30,50000,1,0,0.004,0
301.67,6,34,150000,1,0,0.0,0
396.0,12,36,125000,2,0,0.002,0
33647.33,8,33,100000,1,0,0.098,0
351445.33,12,33,190000,1,0,0.981,0
27470.33,12,25,15000,1,0,0.881,0
69008.33,12,31,40000,2,0,0.881,1
304471.0,10,27,150000,2,20,1.0,0
2092.0,10,38,120000,1,10,0.0,0
25485.67,12,23,40000,1,0,0.314,0
236551.33,12,27,140000,2,0,0.973,0
25834.67,12,36,25000,2,20,0.467,1
187785.0,12,36,100000,2,20,0.989,1
580.0,4,32,105000,2,0,0.002,0
115784.33,10,31,80000,2,20,0.705,0
4534.0,12,43,65000,1,0,0.022,0
203198.33,2,39,150000,2,0,1.0,0
21011.33,8,41,25000,2,30,0.433,1
7985.33,6,40,75000,2,0,0.107,0
11619.67,12,43,250000,2,0,0.021,0
193263.33,12,34,135000,2,0,0.754,0
3220.0,10,43,250000,1,0,0.001,0
22303.67,8,40,100000,2,0,0.107,0
5816.33,10,33,150000,1,0,0.046,0
109026.67,12,40,115000,2,0,0.714,0
93282.0,10,37,250000,1,0,0.012,0
12381.67,12,38,40000,1,0,0.03,0
195455.0,12,42,250000,1,0,0.474,0
28304.0,12,44,15000,3,0,0.975,0
876.0,12,41,85000,2,0,0.004,0
67861.33,12,37,35000,2,0,0.987,0
4444.0,10,46,155000,2,0,0.04,0
46921.0,10,41,25000,1,30,0.906,0
28952.33,8,44,90000,2,0,0.143,0
192790.67,12,35,155000,1,0,0.621,0
3842.33,12,39,250000,1,0,0.009,0
79250.33,12,41,165000,2,0,0.231,0
288.33,10,49,75000,4,10,0.0,0
105868.0,12,42,55000,2,0,0.968,0
366.0,10,46,115000,2,0,0.003,1
3982.0,8,46,25000,1,10,0.207,0
242.67,4,40,30000,3,0,0.012,0
41768.67,12,32,125000,1,10,0.0,0
1495.67,10,46,225000,1,0,0.006,0
261004.67,12,33,130000,2,20,0.993,1
225547.67,12,45,190000,2,0,0.579,0
3816.0,12,38,120000,1,0,0.016,0
10088.67,12,34,15000,3,0,0.495,1
0.0,0,43,45000,2,0,0.0,0
230658.67,12,43,115000,2,0,0.984,1
44683.67,12,45,30000,2,0,0.966,0
5035.33,2,38,85000,2,0,0.056,0
10789.0,12,41,220000,1,0,0.009,0
16658.0,12,37,60000,2,20,0.13,0
177438.67,12,37,120000,1,0,0.752,0
3211.33,10,42,130000,1,0,0.011,0
37157.0,10,43,150000,2,20,0.12,0
19533.67,12,34,95000,4,0,0.038,0
14778.67,2,43,55000,1,0,0.307,1
234621.67,12,38,140000,2,0,0.867,0
452.0,8,40,110000,2,0,0.005,0
8037.0,12,36,140000,1,0,0.015,0
20799.33,6,39,35000,2,30,0.291,1
351957.67,12,36,250000,2,0,0.706,0
98797.0,12,36,65000,2,0,0.911,0
412123.33,12,43,305000,1,20,0.662,0
10167.0,12,35,105000,1,0,0.031,0
192000.67,12,45,105000,2,0,0.968,0
200.0,0,37,40000,3,0,0.008,0
107067.0,10,33,75000,1,20,0.704,1
0.0,0,33,80000,1,10,0.0,0
17355.33,12,34,75000,4,0,0.1,0
520.0,8,45,65000,3,20,0.006,0
2775.33,12,40,105000,2,0,0.011,0
42934.0,12,42,180000,2,0,0.179,0
221985.0,12,45,250000,2,0,0.886,0
682.67,10,33,110000,1,20,0.003,0
17567.0,12,46,160000,2,0,0.047,0
242773.67,0,41,110000,1,80,1.0,1
58208.67,12,32,40000,2,0,0.627,0
0.0,0,32,105000,4,0,0.0,0
102415.67,12,32,80000,1,0,0.699,0
9169.0,2,33,80000,1,0,0.004,1
14988.0,10,36,220000,1,0,0.032,0
526.0,10,36,45000,2,10,0.0,0
214702.67,12,37,115000,3,0,0.982,0
3948.67,8,33,90000,1,10,0.0,0
329329.33,12,32,220000,2,20,0.771,0
22140.67,10,41,100000,1,20,0.011,1
20858.67,12,41,110000,2,0,0.111,0
571.67,10,39,180000,2,20,0.003,0
311.33,0,27,60000,1,0,0.008,1
5437.0,12,27,10000,1,0,0.282,0
10671.33,6,28,115000,1,20,0.01,0
706.0,12,29,15000,2,0,0.022,0
155291.33,12,29,80000,1,20,0.982,1
67153.0,12,29,85000,2,0,0.408,0
1297.67,12,29,70000,1,10,0.0,0
4654.0,8,33,80000,1,20,0.049,1
6001.33,10,36,250000,1,0,0.027,0
48890.33,12,31,40000,3,0,0.783,1
23996.33,12,32,75000,1,0,0.156,0
20483.67,10,46,15000,1,20,0.63,0
6718.67,12,47,90000,2,0,0.066,0
69950.0,12,41,75000,2,20,0.457,1
9235.33,12,32,160000,1,0,0.041,0
158342.33,12,33,220000,1,0,0.373,0
3277.33,12,38,100000,2,0,0.007,0
6989.0,4,45,100000,2,20,0.045,0
2636.33,10,35,115000,1,0,0.026,1
18458.33,12,38,175000,1,0,0.03,0
1205.33,10,31,50000,1,0,0.015,0
0.0,0,45,180000,3,0,0.0,1
194250.67,10,31,105000,1,0,0.962,0
309931.0,12,32,180000,1,0,0.881,0
14152.33,10,32,100000,1,0,0.071,0
236.33,0,34,115000,1,0,0.003,0
21271.33,12,41,90000,4,0,0.127,0
35759.0,12,47,85000,2,0,0.205,0
8182.33,10,40,25000,2,20,0.135,0
34534.33,10,37,90000,2,20,0.206,0
80.67,4,47,50000,1,20,0.0,1
84849.33,12,28,75000,1,0,0.55,0
7888.0,12,33,90000,1,0,0.047,0
49656.33,12,33,140000,2,0,0.199,0
5566.33,12,40,75000,2,0,0.057,0
78462.0,10,36,50000,2,20,0.781,1
67135.33,10,37,35000,2,20,0.949,1
165816.0,12,38,110000,2,20,0.757,0
0.0,0,41,120000,2,0,0.0,1
383556.67,12,32,355000,4,0,0.531,0
0.0,2,33,235000,2,0,0.0,1
390.0,12,46,40000,2,0,0.005,1
157486.33,12,49,90000,3,0,0.903,1
198636.33,8,32,125000,2,20,0.78,0
392738.33,12,34,345000,3,0,0.566,0
69556.33,12,45,170000,1,0,0.201,0
109993.33,12,47,110000,2,0,0.469,0
43404.0,8,44,30000,3,20,0.197,1
4539.33,12,30,40000,2,0,0.074,0
4748.33,10,36,145000,1,0,0.012,0
59300.33,12,41,85000,3,0,0.451,0
13906.0,10,42,45000,3,20,0.135,1
130304.33,12,31,65000,1,0,1.0,0
7743.67,12,32,100000,3,0,0.007,0
37674.67,12,35,180000,2,0,0.098,0
165619.67,12,37,120000,1,0,0.657,0
47397.33,12,28,30000,1,20,0.771,0
119587.33,12,42,65000,2,20,0.903,0
324973.33,12,32,155000,2,0,1.0,0
173.33,10,28,40000,2,20,0.003,1
40870.0,10,30,35000,2,20,0.153,0
50234.0,12,31,90000,2,0,0.641,0
36947.33,12,45,55000,2,0,0.33,0
29472.33,10,47,15000,3,0,0.995,0
128349.67,12,27,100000,2,0,0.629,0
25537.67,12,33,15000,4,0,0.836,0
520.0,8,27,105000,1,20,0.004,1
0.0,0,30,40000,4,0,0.0,0
81129.33,12,40,60000,3,0,0.816,0
7982.0,8,43,15000,2,0,0.348,0
61082.0,12,33,245000,2,0,0.119,0
2760.0,12,41,130000,4,0,0.009,0
4642.33,10,30,115000,2,20,0.017,1
2306.67,12,46,55000,2,0,0.021,1
74175.0,12,40,75000,2,0,0.509,0
68327.67,12,29,85000,2,0,0.465,0
36998.0,10,35,45000,2,20,0.391,0
4965.33,2,40,35000,3,0,0.213,0
93552.33,12,28,50000,1,20,1.0,0
23840.0,12,34,25000,3,0,0.484,0
30298.33,10,35,15000,2,0,1.0,0
206392.33,12,37,140000,2,0,0.903,1
39421.67,8,41,105000,3,0,0.281,0
2173.0,6,35,10000,3,20,0.199,0
208335.67,12,33,125000,4,0,0.844,0
44723.33,12,34,35000,2,0,0.624,1
9706.33,8,34,60000,1,0,0.068,0
532.67,6,36,150000,1,0,0.001,0
360.0,12,39,155000,2,0,0.001,0
0.0,0,34,10000,3,0,0.0,1
32628.33,10,37,25000,2,20,0.322,0
73476.0,12,32,50000,2,0,0.989,0
3409.67,10,44,140000,2,0,0.035,0
1718.33,12,37,105000,2,0,0.014,0
2594.0,4,47,145000,3,0,0.004,0
10281.33,12,36,80000,1,0,0.159,0
159535.67,12,41,50000,2,20,1.0,1
2156.0,12,37,140000,2,0,0.007,0
299.0,8,32,100000,2,0,0.004,0
4295.67,12,33,90000,2,0,0.018,0
670.67,8,34,120000,1,10,0.0,0
166981.0,12,35,90000,2,0,0.967,0
0.0,0,36,90000,2,0,0.0,0
19392.0,6,35,25000,2,20,0.371,0
26296.67,12,38,15000,3,20,0.817,1
48811.67,10,40,90000,2,0,0.803,0
60136.33,10,38,25000,1,30,1.0,0
173277.33,12,47,115000,3,0,0.795,0
38259.33,12,31,30000,2,0,0.826,0
47032.33,12,32,25000,3,0,0.965,0
123652.33,12,32,140000,1,0,0.492,0
10251.67,10,45,85000,2,0,0.076,0
2579.33,12,36,55000,2,0,0.018,1
27550.67,12,35,35000,3,20,0.017,1
92773.33,10,47,45000,3,20,1.0,1
6077.67,12,36,130000,1,0,0.042,0
57427.33,12,33,30000,2,0,0.964,0
297057.67,12,37,160000,2,20,0.904,0
4235.0,12,39,80000,2,0,0.018,0
1509.67,8,33,115000,1,10,0.0,0
1751.33,12,48,25000,2,0,0.026,0
18442.0,10,36,90000,2,0,0.141,0
60170.33,12,45,195000,2,0,0.154,0
179915.0,12,41,145000,2,0,0.988,0
17998.33,12,35,145000,2,0,0.112,0
28241.33,12,46,15000,3,0,0.967,0
0.0,6,38,50000,1,20,0.0,0
18.0,0,34,95000,2,10,0.0,0
1318.33,10,35,100000,1,0,0.002,0
6254.67,12,32,90000,3,0,0.025,0
9646.33,12,45,125000,2,0,0.013,0
42853.0,12,39,40000,2,0,0.522,0
134270.0,10,37,70000,2,0,0.982,0
42037.33,12,40,130000,2,0,0.135,0
356.67,4,39,180000,1,0,0.003,1
2514.0,10,45,125000,2,0,0.009,0
5835.33,6,36,160000,1,20,0.023,0
65858.0,12,42,50000,2,0,0.64,0
231746.67,12,36,170000,1,0,0.541,0
17663.33,12,41,115000,2,0,0.106,0
19760.33,12,43,75000,3,0,0.122,1
51062.0,12,48,30000,3,0,0.832,0
41211.0,12,48,250000,3,0,0.168,0
4600.67,10,48,5000,2,20,0.313,0
72047.67,12,39,70000,3,0,0.523,0
87706.33,12,33,45000,2,0,0.99,0
53889.0,12,39,195000,2,0,0.137,0
3158.0,0,38,75000,1,0,0.063,0
24948.33,12,48,85000,2,0,0.147,0
89495.33,12,34,200000,2,0,0.103,0
151730.67,12,38,90000,2,0,0.839,0
37733.0,10,44,220000,2,0,0.16,0
2740.67,10,36,170000,1,0,0.01,0
113941.33,10,45,85000,2,20,0.653,1
2145.67,12,46,140000,1,0,0.009,0
13204.33,12,46,160000,4,0,0.056,0
85219.33,12,40,95000,4,0,0.309,0
1544.67,4,42,105000,2,0,0.008,0
100430.67,8,43,55000,2,20,0.918,0
24430.67,12,34,45000,2,0,0.334,0
29769.0,12,44,250000,1,0,0.058,0
31104.33,12,36,25000,2,0,0.593,1
9916.0,8,39,105000,1,0,0.024,0
3049.67,4,37,40000,2,20,0.021,1
14998.67,12,42,160000,2,0,0.009,0
48544.67,12,45,25000,3,0,0.963,0
46639.33,12,34,135000,2,0,0.476,0
33050.33,12,39,15000,3,0,0.949,0
1616.67,6,35,75000,3,20,0.013,0
53683.33,12,41,70000,2,0,0.403,0
1774.67,12,42,60000,3,0,0.02,0
149899.67,12,31,150000,1,0,0.491,0
282376.33,12,43,240000,1,0,0.576,0
266731.33,10,37,230000,1,20,0.584,1
266747.67,12,39,140000,2,0,0.962,0
42446.0,6,31,25000,3,0,0.882,0
503.33,10,32,175000,1,0,0.001,0
117716.33,12,32,150000,2,0,0.382,0
10604.0,12,33,190000,1,0,0.031,0
3426.0,12,33,95000,1,0,0.001,0
0.0,0,35,115000,2,0,0.0,1
61651.0,10,35,195000,2,20,0.16,0
3628.67,12,35,110000,1,0,0.0,0
114486.0,12,41,60000,2,0,0.984,1
0.0,0,49,150000,2,10,0.0,0
12074.67,8,42,105000,1,0,0.02,0
49879.33,12,37,25000,2,0,1.0,0
247311.0,10,44,165000,1,20,0.724,1
94859.67,12,42,55000,3,0,1.0,0
0.0,2,37,10000,1,10,0.0,0
5224.67,12,40,75000,2,0,0.042,0
131438.0,12,39,70000,3,0,0.914,0
1301.33,10,40,80000,1,0,0.004,0
1973.0,12,38,130000,3,0,0.008,0
0.0,2,45,75000,3,10,0.0,0
34033.0,12,33,25000,2,0,0.681,0
71023.33,12,36,40000,3,0,0.815,0
22.0,6,37,135000,2,0,0.001,0
58556.0,12,40,30000,2,0,0.969,0
16390.0,12,45,25000,2,0,0.305,0
44982.33,8,33,145000,1,20,0.304,1
671.0,12,39,90000,2,0,0.004,1
18370.67,6,43,180000,1,0,0.048,0
1086.67,2,40,130000,3,0,0.001,0
430.0,12,46,100000,2,0,0.002,0
43.33,10,38,145000,2,0,0.0,0
18040.67,6,36,25000,2,30,0.346,0
4992.0,10,37,5000,2,0,0.505,0
1359.0,12,39,90000,1,20,0.007,1
21211.0,8,39,75000,2,20,0.151,0
275.0,4,44,125000,1,0,0.004,0
85244.0,10,37,65000,2,20,0.636,1
4246.33,12,37,270000,1,0,0.009,0
204049.33,12,42,160000,1,0,0.665,0
56245.33,12,39,220000,2,0,0.133,0
80151.33,12,40,40000,2,0,0.992,0
366.67,2,36,60000,2,10,0.0,1
46065.67,10,35,115000,2,0,0.299,0
55374.0,12,37,30000,3,0,0.898,0
1316.67,8,49,145000,4,0,0.014,0
0.0,6,49,65000,2,10,0.0,0
3785.0,10,46,90000,2,0,0.011,0
136607.67,12,42,70000,3,0,0.989,1
174240.33,12,44,250000,1,0,0.241,0
160434.33,12,42,150000,2,0,0.563,0
0.0,0,42,105000,2,0,0.0,0
10396.33,12,49,75000,2,0,0.004,0
6714.67,10,37,180000,2,0,0.028,0
80879.33,12,36,125000,2,0,0.43,0
25099.0,8,44,15000,3,30,0.7,0
778.67,8,42,100000,1,20,0.004,0
118884.33,12,35,65000,2,0,0.99,0
17631.33,8,49,145000,3,0,0.182,0
51352.0,12,35,50000,3,0,0.503,0
846.67,6,43,20000,3,20,0.02,0
96069.33,10,39,65000,3,20,0.708,1
842.67,12,34,80000,3,0,0.004,0
9172.67,8,35,75000,1,0,0.0,0
129422.0,12,45,65000,2,0,1.0,0
0.0,2,39,90000,2,0,0.0,1
64353.33,8,30,75000,2,20,0.412,0
2986.33,12,31,50000,2,0,0.046,1
19243.33,2,31,15000,2,0,0.894,0
6465.67,10,25,80000,1,0,0.038,0
1331.67,2,28,25000,2,30,0.038,1
69601.67,12,29,65000,2,0,0.517,0
108177.0,12,31,70000,3,0,0.98,0
42575.0,12,32,170000,3,0,0.032,0
16281.67,12,33,170000,2,0,0.005,0
83027.0,6,35,45000,2,20,0.992,0
289969.0,12,42,150000,2,0,0.937,0
37328.0,12,25,25000,2,0,0.741,0
48691.67,12,37,25000,2,0,0.978,0
1056.0,4,42,50000,2,0,0.0,0
17673.0,8,40,10000,3,30,0.912,0
70295.0,12,30,80000,1,0,0.54,1
919.0,10,32,195000,2,0,0.005,0
1442.67,2,39,15000,3,20,0.065,1
3266.33,2,46,10000,2,20,0.155,1
144014.33,10,31,105000,2,0,0.801,0
0.0,0,31,150000,4,0,0.0,0
77.33,2,31,110000,1,0,0.001,0
60247.0,12,33,135000,1,0,0.254,0
5386.33,8,40,45000,2,20,0.055,1
177890.67,12,27,180000,2,0,0.596,0
0.0,0,29,150000,1,10,0.0,0
312062.0,12,31,155000,2,0,1.0,1
97348.0,12,31,65000,2,0,0.733,0
1468.33,8,29,40000,1,0,0.027,0
9172.33,12,34,140000,2,0,0.023,0
38045.33,10,44,40000,3,20,0.568,1
4230.0,4,39,65000,3,20,0.037,0
3320.33,4,42,135000,1,0,0.007,0
1220.0,10,41,10000,2,0,0.048,0
101002.0,12,36,130000,1,0,0.472,0
44700.33,12,47,85000,2,0,0.37,0
16425.67,12,35,80000,1,0,0.119,0
11110.67,12,35,120000,1,0,0.024,0
1596.33,2,36,85000,2,0,0.017,0
216671.67,12,40,250000,2,0,0.431,0
1441.67,10,38,130000,1,0,0.002,1
46797.0,12,36,75000,1,0,0.29,0
8319.0,8,36,250000,1,0,0.017,1
704.0,10,34,160000,2,0,0.006,0
13832.0,12,34,45000,2,0,0.204,0
1782.67,12,43,150000,2,0,0.01,0
76145.33,8,36,100000,2,20,0.367,0
500.0,0,44,80000,3,20,0.009,1
0.0,0,29,60000,1,0,0.0,0
416.0,10,30,60000,1,20,0.003,1
76183.33,8,30,45000,2,20,0.979,1
5528.33,12,31,85000,2,0,0.035,1
149898.0,8,33,85000,1,20,0.847,0
17889.67,12,33,250000,1,0,0.021,0
238312.33,12,33,120000,1,0,0.997,0
2915.0,10,30,115000,2,0,0.021,0
0.0,0,32,105000,2,0,0.0,0
14977.33,12,33,200000,1,20,0.027,0
90629.33,12,41,75000,3,0,0.592,1
2006.0,4,27,25000,1,0,0.12,0
4826.67,12,28,75000,2,0,0.085,1
0.0,0,28,115000,2,0,0.0,1
175967.67,12,28,235000,1,0,0.379,0
1200.0,0,28,15000,2,50,0.04,1
0.0,8,29,50000,3,10,0.0,0
3829.33,6,34,15000,3,20,0.27,1
92372.0,12,40,55000,2,0,0.881,0
38357.0,8,39,150000,3,20,0.122,0
1328.33,12,37,120000,3,0,0.002,0
350186.0,10,28,175000,2,20,1.0,1
2992.67,12,28,110000,1,0,0.013,0
18236.67,12,35,200000,1,0,0.067,0
38410.0,12,40,250000,2,0,0.052,0
158267.67,12,48,140000,3,0,0.595,0
4181.0,12,37,15000,2,0,0.004,0
22543.33,12,49,10000,1,0,0.836,0
3127.0,8,29,135000,4,10,0.0,0
128929.33,12,34,135000,1,0,0.469,0
38906.0,12,34,200000,2,0,0.114,0
94560.67,12,39,160000,1,0,0.285,0
68621.33,12,30,215000,1,0,0.146,0
0.0,2,31,70000,2,10,0.0,1
6085.0,12,31,35000,2,0,0.133,0
3686.0,10,31,55000,2,0,0.067,0
28086.33,8,31,15000,4,0,0.958,0
543600.33,12,32,275000,2,20,0.997,1
4651.33,12,47,155000,1,0,0.007,0
127116.0,12,32,65000,1,0,0.97,0
120457.67,12,32,65000,2,0,0.921,0
153849.67,12,34,110000,2,0,0.7,0
0.0,0,35,150000,1,0,0.0,0
1326.67,8,35,55000,2,0,0.011,0
26564.0,8,44,25000,2,20,0.492,1
4904.0,4,40,150000,1,30,0.017,1
2305.33,6,36,100000,2,0,0.016,0
2382.67,6,38,180000,3,0,0.019,1
80822.67,12,34,250000,1,0,0.161,0
20336.0,12,42,145000,2,0,0.066,0
1111.0,6,37,215000,1,0,0.002,1
4053.0,10,34,90000,3,10,0.021,0
35699.0,12,35,45000,3,0,0.399,0
11210.0,12,43,140000,2,0,0.052,0
26878.0,12,37,115000,2,20,0.126,0
42037.0,6,39,35000,2,0,0.783,0
3536.67,12,38,55000,2,0,0.045,0
69244.0,12,32,35000,3,0,1.0,0
2142.33,10,32,90000,2,20,0.018,0
0.0,0,35,120000,3,0,0.0,1
0.0,0,40,105000,1,0,0.0,0
390.0,2,46,10000,2,0,0.02,1
5577.0,12,48,40000,3,0,0.04,0
14520.67,12,33,25000,1,0,0.269,0
3746.33,8,33,40000,3,0,0.083,0
26503.0,8,34,40000,1,20,0.435,0
38958.67,8,34,30000,2,10,0.0,0
7396.67,10,35,180000,2,10,0.0,0
9724.67,4,48,25000,2,40,0.2,0
194592.0,12,43,100000,4,0,0.993,0
499.0,8,42,70000,2,10,0.0,0
172760.33,12,30,90000,2,0,0.967,0
21339.33,12,32,80000,2,0,0.115,0
0.0,0,34,100000,2,0,0.0,1
46865.33,8,38,300000,2,20,0.085,0
16046.67,6,46,10000,2,40,0.792,1
216003.0,12,44,110000,1,0,0.978,0
34188.33,10,40,70000,1,20,0.245,1
0.0,0,38,120000,2,10,0.0,1
93825.0,10,32,75000,2,10,0.0,0
3276.0,6,32,10000,1,0,0.105,1
70746.33,12,32,155000,2,0,0.225,0
5382.67,6,39,115000,3,20,0.028,0
129.33,6,34,65000,1,0,0.0,0
17858.67,10,31,150000,1,0,0.055,0
43794.0,12,34,150000,2,0,0.125,0
19269.0,6,29,10000,2,20,0.955,0
16952.67,4,33,100000,3,20,0.09,0
963.0,8,40,100000,2,0,0.003,0
1455.33,6,28,250000,1,0,0.009,0
12278.67,12,37,40000,2,0,0.132,0
0.0,0,29,180000,1,0,0.0,1
29889.67,12,33,15000,2,0,0.965,0
166747.67,12,44,95000,2,0,0.853,0
825.0,8,36,175000,1,0,0.003,0
1905.67,10,31,130000,2,0,0.009,0
112861.33,10,37,95000,2,20,0.556,0
205.0,2,34,115000,2,0,0.0,0
2589.67,6,39,325000,3,0,0.009,0
19873.33,12,32,125000,1,0,0.042,0
2341.67,12,34,350000,2,0,0.003,0
8265.67,12,40,135000,1,0,0.036,0
97451.33,6,43,50000,2,0,0.947,0
167382.67,12,38,130000,2,0,0.629,0
12410.0,12,33,205000,2,0,0.012,0
67615.67,12,47,260000,2,0,0.148,0
67564.67,12,39,40000,2,0,0.963,1
0.0,0,36,225000,3,0,0.0,0
26608.67,8,45,15000,4,0,0.843,0
111826.67,12,44,300000,3,0,0.234,0
525.33,10,34,100000,1,0,0.003,0
60024.0,12,34,30000,2,20,1.0,0
9162.67,12,34,140000,2,0,0.033,0
1232.67,12,36,115000,1,0,0.005,0
1200.67,10,31,105000,2,0,0.005,1
1756.67,10,33,30000,1,10,0.021,0
10106.67,10,37,135000,1,0,0.029,0
6585.0,12,41,40000,3,0,0.044,0
0.0,2,44,40000,2,40,0.0,0
3112.0,12,40,180000,2,0,0.012,0
10023.33,10,38,150000,1,20,0.05,1
9401.67,12,44,135000,1,0,0.0,0
2609.33,12,46,100000,1,0,0.011,0
1996.33,6,46,10000,2,0,0.009,1
10091.0,10,32,10000,2,20,0.411,1
29325.67,8,33,15000,2,20,0.983,1
47195.67,12,35,25000,1,0,0.916,0
160555.33,12,30,115000,4,0,0.734,0
18174.67,6,39,25000,2,20,0.34,1
11784.67,10,31,35000,3,20,0.138,0
5355.0,10,31,50000,1,20,0.093,0
46389.67,8,30,50000,3,20,0.468,0
11806.33,12,31,105000,1,0,0.06,0
869.67,4,31,225000,1,0,0.006,0
74859.0,12,31,150000,3,0,0.307,0
1440.67,6,31,70000,1,0,0.01,0
24761.33,12,32,240000,1,0,0.025,0
31521.67,8,30,50000,2,20,0.317,1
12866.67,12,32,55000,1,0,0.033,0
92691.33,12,31,50000,2,0,0.913,1
316.67,6,31,100000,1,0,0.0,0
9194.0,6,30,50000,1,20,0.074,0
500.0,0,30,25000,2,0,0.03,1
14293.67,10,31,10000,2,0,0.654,0
482010.0,12,31,245000,2,0,0.96,0
2513.0,6,32,45000,1,0,0.084,0
97473.67,12,32,155000,1,0,0.455,0
3333.33,8,33,120000,1,0,0.021,0
17327.67,12,32,195000,1,0,0.042,0
59914.67,10,33,70000,2,20,0.422,0
400.67,10,33,60000,1,20,0.003,1
29348.0,12,33,15000,3,0,0.989,0
1241.67,8,32,115000,2,0,0.002,0
17342.0,8,32,160000,1,0,0.043,0
30486.0,2,32,55000,1,0,0.551,0
39903.0,8,31,30000,2,20,0.607,1
2604.33,12,32,90000,1,0,0.0,0
334179.67,12,33,215000,1,0,0.802,0
26056.33,10,33,115000,1,0,0.035,0
1906.33,8,33,70000,2,10,0.0,0
417.33,12,31,90000,1,0,0.004,0
20486.0,8,31,30000,2,20,0.342,0
80930.0,12,31,155000,2,20,0.278,0
282259.33,12,33,160000,2,0,1.0,0
7643.0,12,33,50000,1,0,0.034,0
69120.0,8,33,60000,2,20,0.571,1
7450.67,8,33,130000,1,0,0.071,1
9866.0,12,32,85000,1,0,0.082,0
300.0,0,31,100000,1,20,0.002,0
84689.33,10,31,55000,1,50,0.698,0
7861.0,12,32,25000,1,0,0.109,0
21208.67,8,32,175000,2,0,0.03,0
5586.33,2,31,55000,1,0,0.13,0
239629.33,12,30,120000,1,0,0.987,0
1500.0,6,30,60000,2,30,0.01,0
19015.0,12,32,75000,1,0,0.123,0
6697.33,12,34,90000,2,0,0.058,1
12707.67,6,34,100000,2,0,0.066,0
5439.0,8,33,125000,1,0,0.065,0
434.67,8,36,175000,1,20,0.001,0
0.0,0,36,100000,2,0,0.0,0
26135.0,12,35,15000,2,0,0.841,0
136509.67,12,45,75000,2,0,0.942,0
74.67,6,46,190000,3,10,0.0,0
169792.33,12,47,90000,2,0,0.98,0
16842.0,8,35,10000,2,20,0.817,1
100152.33,10,49,50000,1,20,1.0,1
29300.67,10,36,150000,2,0,0.028,0
2495.33,12,36,225000,1,10,0.013,0
30614.67,10,35,110000,2,20,0.133,1
61927.67,10,37,250000,2,0,0.117,0
3859.0,10,45,100000,3,0,0.0,0
79045.0,8,35,40000,2,20,0.987,1
19046.67,10,46,215000,1,0,0.022,0
503.67,4,40,100000,2,0,0.008,0
2588.33,12,36,45000,1,0,0.043,0
15953.67,12,38,100000,1,0,0.024,0
40995.67,12,47,30000,2,0,0.154,0
733.33,8,36,125000,1,0,0.009,0
9274.0,12,40,100000,1,0,0.046,0
1666.67,2,45,180000,2,20,0.0,0
195753.67,12,33,100000,1,0,0.982,0
4517.67,10,41,250000,2,0,0.013,0
181707.67,12,38,100000,1,0,0.926,0
226054.0,12,44,115000,1,0,1.0,0
17246.33,12,37,25000,3,0,0.008,0
20445.33,10,38,130000,1,0,0.065,0
29331.0,12,39,70000,1,0,0.2,0
123214.33,10,35,160000,2,0,0.392,0
48931.33,12,39,25000,2,0,0.973,0
5189.0,6,35,75000,2,0,0.0,1
2633.67,12,36,80000,1,0,0.011,0
360997.67,12,43,250000,2,0,0.75,0
2848.0,6,44,175000,1,0,0.024,0
2867.33,12,48,115000,3,0,0.013,1
3928.33,12,39,100000,2,0,0.012,0
169432.67,12,39,250000,2,0,0.459,0
77657.0,12,34,65000,1,0,0.589,0
30967.67,12,34,145000,2,0,0.088,0
75959.67,12,34,105000,2,0,0.35,0
2960.67,12,36,120000,1,0,0.001,0
2619.33,12,36,40000,2,0,0.084,0
166896.67,12,36,75000,1,20,0.848,1
166.67,0,39,100000,4,0,0.002,0
37633.33,0,36,55000,2,20,1.0,1
36679.0,10,33,160000,3,20,0.222,0
19194.33,12,37,170000,1,0,0.061,0
0.0,6,43,190000,2,10,0.0,0
6700.67,12,43,75000,1,0,0.046,0
249.0,4,37,250000,1,0,0.001,0
7415.67,12,49,250000,2,0,0.026,0
580.67,2,44,185000,2,0,0.0,0
5262.67,12,40,180000,2,0,0.024,0
900.33,12,39,150000,2,0,0.007,0
198.67,10,37,75000,2,0,0.0,0
81.0,0,38,105000,1,0,0.0,0
511.0,6,39,140000,1,0,0.005,0
11681.0,12,44,115000,2,0,0.061,0
296861.67,12,37,180000,2,0,0.813,0
2381.0,10,40,115000,2,0,0.005,0
10573.67,12,44,225000,2,0,0.019,0
3372.0,8,34,120000,1,20,0.023,1
1923.33,0,41,150000,1,0,0.019,0
190774.0,12,38,120000,2,0,0.822,0
3163.33,12,37,115000,2,0,0.005,1
10083.0,10,41,115000,1,0,0.055,0
2697.33,8,40,120000,2,0,0.013,1
100.0,4,39,80000,1,0,0.0,0
11561.0,10,39,180000,4,0,0.009,0
128304.0,12,41,80000,1,0,1.0,0
9040.33,12,42,5000,2,0,0.871,0
590.0,12,38,215000,1,0,0.001,0
22248.67,10,39,40000,1,20,0.267,0
2510.33,12,39,155000,1,0,0.012,0
21164.67,6,41,75000,3,0,0.14,0
1041.0,4,43,100000,2,0,0.014,0
651.33,10,44,105000,1,0,0.002,0
16133.33,12,43,200000,2,0,0.038,0
12298.67,12,40,40000,2,0,0.033,0
35294.67,12,42,80000,2,0,0.214,0
7864.67,12,40,85000,2,0,0.105,0
4081.0,10,41,120000,2,0,0.022,0
277014.0,10,33,150000,2,20,0.93,1
1102.67,10,44,45000,2,20,0.018,0
12226.33,12,35,90000,2,0,0.063,0
589.67,8,48,105000,2,0,0.007,0
462.67,4,42,150000,1,30,0.0,0
167503.0,12,37,120000,1,30,0.686,1
0.0,0,44,85000,1,0,0.0,0
34661.67,12,37,25000,1,0,0.878,0
47207.0,12,39,25000,2,0,0.92,0
948.33,4,39,115000,1,0,0.004,0
250148.33,12,34,155000,1,0,0.873,0
302.67,6,35,75000,3,10,0.0,0
700.33,10,35,100000,1,0,0.0,0
120098.33,10,39,40000,2,20,1.0,1
9477.67,12,37,250000,1,0,0.014,0
17464.33,8,42,10000,2,20,0.769,1
13177.33,6,46,10000,3,20,0.585,1
0.0,0,34,75000,1,0,0.0,1
90088.67,12,34,50000,4,0,0.917,0
14313.0,10,44,105000,3,0,0.056,1
0.0,0,40,150000,2,10,0.0,0
5024.67,6,32,40000,2,20,0.095,1
133852.67,12,31,205000,1,0,0.327,0
58987.0,12,36,45000,3,0,0.885,0
112723.67,10,43,135000,2,0,0.5,0
262684.67,12,41,180000,2,0,0.752,0
59235.33,12,38,115000,3,0,0.295,0
64035.33,6,42,75000,2,0,0.647,0
161450.33,8,44,75000,2,20,1.0,1
2533.0,10,43,175000,2,0,0.006,0
2925.0,4,43,105000,3,0,0.036,0
43358.67,12,44,65000,3,0,0.31,0
13104.67,12,49,250000,1,0,0.056,0
27412.67,10,48,140000,2,20,0.034,1
12659.67,12,39,225000,1,0,0.019,0
121791.67,12,46,100000,2,0,0.602,0
34305.0,12,34,145000,2,0,0.184,0
0.0,0,35,85000,2,10,0.0,0
278832.0,12,39,190000,2,0,0.809,0
18.0,0,35,90000,1,10,0.0,1
14883.0,12,35,140000,1,0,0.023,0
4157.0,12,31,100000,2,0,0.011,0
9865.67,12,40,110000,2,10,0.038,0
109683.67,12,38,120000,1,20,0.448,1
2010.67,6,43,235000,2,0,0.012,0
18823.0,12,35,140000,1,0,0.036,0
109.0,0,43,100000,1,0,0.0,1
8642.0,6,46,10000,3,20,0.407,0
19568.67,8,34,10000,2,0,0.932,0
2683.67,6,34,145000,1,0,0.007,0
3553.67,6,37,10000,1,20,0.0,1
1162.67,10,38,75000,1,0,0.01,0
1200.0,10,36,80000,2,0,0.0,1
0.0,0,36,180000,1,0,0.0,1
98312.0,10,41,80000,2,20,0.622,0
205089.33,12,37,200000,1,0,0.574,0
15415.0,10,36,90000,2,20,0.079,0
113806.67,12,32,60000,2,0,0.929,0
1769.33,8,33,100000,2,0,0.008,0
3247.33,8,39,105000,1,0,0.028,0
64143.33,12,48,35000,3,20,0.897,1
144999.67,12,38,55000,2,0,1.0,1
12027.67,8,47,15000,3,20,0.388,1
985.33,6,46,20000,3,20,0.001,0
4726.33,8,41,155000,1,20,0.012,0
2299.33,10,41,100000,2,0,0.028,0
8170.0,0,39,115000,2,0,0.107,0
2917.33,12,33,225000,1,0,0.008,0
56934.67,8,34,40000,2,20,0.507,0
190871.0,12,43,105000,2,0,0.999,0
629.0,2,48,65000,2,20,0.014,0
5009.33,12,49,250000,1,0,0.002,0
3729.0,2,38,90000,2,20,0.039,1
1808.33,12,36,170000,1,10,0.0,0
26543.67,10,37,225000,1,0,0.082,0
61189.33,12,49,40000,3,0,0.766,0
2407.33,12,47,75000,3,0,0.02,0
0.0,0,43,105000,1,10,0.0,0
212264.33,12,38,190000,2,0,0.66,0
40107.33,12,46,200000,2,0,0.109,0
378.0,4,52,40000,3,0,0.003,0
3674.33,12,44,120000,1,0,0.012,0
113452.33,12,50,60000,2,0,0.987,0
56024.0,12,63,30000,3,0,0.991,0
71479.0,12,54,180000,1,0,0.368,0
28254.33,10,50,25000,2,20,0.55,1
1817.67,8,50,180000,3,0,0.002,1
23772.67,12,51,15000,3,20,0.746,0
1603.0,8,53,250000,1,0,0.002,0
7676.33,6,54,10000,2,30,0.316,1
6579.67,12,56,45000,2,0,0.013,0
61071.0,12,55,40000,3,0,0.748,0
65531.67,10,54,50000,3,20,0.662,0
76173.33,8,51,60000,1,0,0.691,0
0.0,0,51,50000,3,10,0.0,1
147336.33,12,51,75000,2,0,0.973,0
9278.0,10,51,5000,2,20,0.915,0
0.0,6,52,25000,3,10,0.0,0
3537.67,10,53,245000,1,0,0.003,0
48536.67,12,52,25000,3,0,0.953,0
11990.67,12,57,170000,2,0,0.049,0
220602.33,12,51,120000,3,0,0.94,0
43137.33,10,53,25000,3,20,0.819,1
297813.67,12,50,250000,2,20,0.581,0
248248.33,12,50,205000,2,0,0.608,0
32010.0,6,64,140000,2,20,0.081,0
233684.0,12,59,120000,2,0,0.958,0
17741.0,6,54,10000,1,0,0.851,0
46741.33,10,55,50000,2,20,0.444,1
282724.67,12,52,145000,2,0,0.953,0
85052.67,10,50,50000,3,20,0.824,0
892.67,8,65,135000,2,0,0.001,0
77250.67,12,57,40000,3,0,0.979,0
128542.0,12,47,140000,1,40,0.457,1
570.0,2,52,15000,3,10,0.0,0
87978.67,12,53,45000,3,0,0.982,1
37248.67,6,53,300000,1,0,0.14,0
38999.67,12,54,35000,3,0,0.539,0
1400.67,12,58,135000,3,0,0.003,0
260871.33,12,59,130000,3,0,0.996,0
8591.67,0,59,25000,3,0,0.516,0
48750.0,12,53,25000,3,0,0.971,1
92268.0,12,52,35000,3,0,1.0,0
1285.67,8,55,105000,3,0,0.018,0
688.0,2,50,165000,3,0,0.006,0
178275.33,12,51,100000,2,0,1.0,0
3601.0,12,51,110000,1,0,0.015,0
12791.67,12,52,25000,3,0,0.229,0
19509.0,12,53,10000,2,0,0.98,0
10961.67,10,53,15000,2,0,0.012,1
284124.33,12,56,140000,2,20,1.0,1
57401.67,12,60,30000,3,0,0.966,0
10947.33,12,50,100000,3,0,0.042,0
217725.33,12,51,115000,2,0,0.928,0
0.0,4,51,115000,1,0,0.0,1
59386.33,12,49,50000,3,0,0.62,0
83218.67,12,49,40000,2,0,1.0,0
48137.33,10,51,40000,2,0,1.0,1
20226.33,12,57,35000,2,0,0.263,0
0.0,0,54,100000,1,0,0.0,1
18716.33,10,51,10000,2,20,0.881,0
5827.33,12,50,100000,2,0,0.017,0
22615.67,12,55,25000,2,0,0.472,0
0.0,2,52,180000,2,10,0.0,0
2025.67,12,49,100000,3,0,0.009,0
82904.0,12,55,45000,2,20,0.923,1
53485.0,10,59,25000,3,20,1.0,0
335205.67,12,48,200000,2,0,0.882,0
108043.33,12,51,55000,3,0,0.959,0
24781.33,6,58,25000,3,20,0.483,1
23941.67,12,58,250000,1,10,0.0,1
166.67,2,65,75000,3,0,0.0,0
567.33,2,54,150000,4,10,0.0,0
48529.33,12,56,25000,2,0,0.974,0
11097.0,12,59,150000,1,0,0.043,0
267592.33,12,49,145000,2,0,0.974,1
384798.0,12,52,250000,2,0,1.0,0
1126.67,6,50,70000,3,20,0.006,1
14996.33,12,49,175000,4,10,0.0,0
41486.67,12,49,90000,2,0,0.315,0
3130.0,10,48,195000,1,10,0.0,0
30302.33,8,52,25000,1,0,0.572,0
44752.0,12,51,25000,1,0,0.865,0
71699.0,12,52,75000,1,0,0.845,0
172.0,4,49,100000,1,0,0.002,0
1580.0,0,53,90000,1,0,0.0,0
14689.0,8,50,25000,2,20,0.254,0
99581.0,12,51,55000,1,0,0.943,0
116527.67,12,62,155000,2,0,0.366,0
23014.33,12,60,40000,3,0,0.466,0
51450.67,12,54,40000,3,0,0.694,0
669.0,6,53,120000,1,0,0.0,0
0.0,4,54,105000,2,0,0.0,0
25253.33,12,50,15000,2,0,0.847,0
35252.67,12,52,40000,1,0,0.428,0
20922.67,10,49,35000,3,20,0.285,1
0.0,0,50,25000,3,10,0.0,1
7822.67,12,64,90000,3,0,0.1,0
7288.33,8,60,80000,2,0,0.1,0
17053.67,8,50,10000,3,20,0.794,1
0.0,0,53,90000,1,10,0.0,0
27104.33,10,54,15000,2,0,0.877,0
12832.33,12,56,105000,2,0,0.121,0
2347.33,8,55,60000,3,20,0.0,0
15390.33,8,51,10000,3,20,0.77,1
12161.67,8,49,15000,2,20,0.348,0
43161.67,10,53,25000,3,20,1.0,0
373.33,4,51,10000,3,10,0.0,0
340.33,4,57,60000,2,0,0.0,0
71945.67,10,62,35000,2,20,1.0,1
36839.33,12,58,25000,2,0,1.0,0
18143.0,6,49,10000,2,20,0.956,0
1241.0,10,53,155000,3,0,0.004,0
123133.33,12,40,60000,2,0,1.0,0
365344.67,12,47,180000,3,0,1.0,0
4225.33,10,49,120000,3,20,0.005,0
0.0,2,53,250000,3,0,0.0,1
12041.67,10,53,250000,2,0,0.022,0
54166.33,4,55,120000,1,0,0.334,0
1301.67,10,56,100000,2,0,0.011,0
26468.67,10,67,15000,3,20,0.886,1
101508.0,12,49,65000,3,0,0.836,0
55771.67,12,50,40000,3,0,0.688,0
73135.67,12,51,75000,2,0,0.479,0
16196.0,12,54,265000,1,0,0.012,0
178754.67,12,53,105000,1,0,0.858,0
0.0,6,54,15000,2,10,0.0,0
360207.33,12,50,205000,2,0,0.875,0
2930.33,12,50,120000,2,0,0.003,0
56167.0,2,61,25000,1,30,1.0,1
180783.33,12,67,100000,3,0,0.938,0
55217.33,12,55,35000,2,0,0.827,0
67710.67,12,53,70000,3,0,0.492,0
180646.33,10,54,160000,3,0,0.171,0
46968.0,12,53,25000,3,0,0.923,0
2762.33,8,50,250000,2,0,0.001,1
0.0,0,51,150000,2,0,0.0,1
1653.0,8,51,200000,1,10,0.0,0
1482.0,12,51,85000,2,0,0.009,0
61633.67,12,50,30000,3,20,1.0,1
842.67,6,47,60000,1,30,0.005,1
520.33,6,50,105000,1,0,0.007,0
34564.67,12,51,25000,3,0,0.902,0
24122.67,8,51,15000,2,20,0.749,0
128169.67,12,51,65000,2,0,0.959,0
108854.0,10,50,140000,2,20,0.38,1
2926.0,12,51,120000,1,0,0.018,0
240659.33,12,50,120000,3,0,1.0,0
9687.33,12,51,135000,2,0,0.028,0
9327.67,12,52,250000,1,0,0.019,0
161374.33,12,53,85000,3,0,0.952,0
2502.33,8,50,40000,3,30,0.034,0
5531.0,10,53,140000,3,20,0.017,0
621.67,2,52,55000,1,0,0.017,0
623.33,8,54,125000,1,0,0.002,0
199344.33,12,54,180000,2,0,0.605,0
49888.0,12,53,25000,3,0,0.987,1
9756.67,10,57,140000,2,0,0.027,0
415224.33,12,54,250000,2,0,0.912,0
196178.67,12,65,130000,3,0,0.865,0
1909.0,12,52,125000,2,0,0.006,1
139742.0,12,56,70000,3,0,1.0,0
0.0,0,55,90000,1,10,0.0,0
2607.67,8,52,95000,2,0,0.001,0
80097.33,8,52,145000,1,20,0.295,0
247.33,6,53,115000,1,0,0.0,0
2472.67,12,54,110000,2,0,0.001,0
0.0,0,60,15000,2,10,0.0,0
1553.33,6,57,150000,2,20,0.01,0
979.67,6,57,130000,3,20,0.004,0
70396.33,12,58,70000,2,20,0.492,1
18154.67,12,57,175000,1,0,0.022,0
27047.33,12,40,35000,2,0,0.434,0
179055.33,12,30,100000,2,0,0.917,0
69478.33,12,31,45000,1,20,1.0,1
24855.33,10,49,15000,2,20,0.82,0
63720.33,12,25,40000,1,0,0.847,0
30508.0,12,26,75000,1,0,0.2,0
81157.33,12,29,180000,1,10,0.0,0
12321.67,12,30,200000,2,0,0.029,0
1023.33,8,30,150000,1,20,0.0,0
22770.0,8,30,25000,2,20,0.437,1
16260.0,8,27,10000,1,20,0.784,0
76008.67,8,28,45000,2,20,0.919,1
151946.67,12,28,90000,2,20,0.826,0
4679.67,12,29,115000,2,0,0.002,0
0.0,4,28,80000,2,10,0.0,0
99190.33,12,25,100000,2,20,0.623,0
1230.33,10,27,150000,2,0,0.006,0
0.0,0,29,180000,1,0,0.0,0
69571.67,12,30,115000,2,0,0.04,0
75261.33,10,27,40000,1,0,0.93,0
3529.33,4,27,45000,2,20,0.028,1
38419.0,8,25,40000,1,0,0.467,0
2095.0,2,29,80000,1,10,0.0,0
0.0,0,30,100000,1,0,0.0,0
16306.33,12,25,30000,2,0,0.26,0
3213.33,6,27,180000,1,0,0.008,0
0.0,0,30,180000,3,0,0.0,0
937.33,12,28,110000,1,0,0.001,0
21538.67,12,27,60000,1,0,0.182,0
46031.33,10,23,25000,2,20,0.914,0
0.0,0,29,150000,2,0,0.0,1
0.0,0,36,200000,1,0,0.0,1
39706.67,12,35,130000,3,0,0.127,0
60203.67,6,27,40000,2,20,0.735,0
33952.33,6,30,25000,1,0,1.0,0
400.0,0,27,10000,2,0,0.06,0
47230.0,12,29,25000,2,0,0.951,0
13192.67,10,23,10000,3,20,0.995,0
81749.0,12,30,75000,1,0,0.565,0
498096.33,12,29,310000,2,0,0.845,0
270196.0,12,36,135000,3,0,1.0,0
91138.0,10,29,65000,2,20,0.683,1
80775.33,12,22,75000,2,0,0.552,0
29952.33,12,26,25000,2,0,0.764,0
12801.33,2,26,25000,2,40,0.266,1
17442.0,6,23,10000,2,20,0.751,1
818.0,0,22,25000,2,0,0.049,0
103373.67,12,25,85000,1,0,0.661,0
50975.33,12,29,25000,2,0,1.0,0
18870.33,10,22,10000,3,20,0.915,0
15150.67,6,22,10000,2,20,0.727,1
20342.0,6,21,10000,2,0,1.0,0
18933.67,8,21,10000,2,0,0.934,0
20348.33,12,22,10000,1,0,0.962,1
71574.67,12,25,45000,2,0,0.888,0
330.0,2,26,40000,2,30,0.006,0
29371.33,12,22,25000,1,0,0.574,1
45177.67,12,23,30000,1,0,0.522,0
49994.67,10,22,25000,2,20,0.994,0
18625.67,10,22,10000,1,20,0.894,0
19781.67,12,23,10000,3,0,0.991,0
4559.67,12,24,25000,2,0,0.002,0
52889.0,12,24,40000,1,0,0.635,0
34997.33,12,22,25000,1,0,0.765,0
16899.0,6,22,10000,2,40,0.873,1
16237.33,12,22,10000,2,30,0.783,0
46502.33,12,22,25000,3,0,0.909,1
1444.0,0,23,25000,3,0,0.087,0
26017.0,4,23,25000,2,0,0.704,0
13832.0,12,23,10000,2,20,0.842,0
388762.67,12,24,210000,2,0,0.935,0
18722.67,12,25,25000,2,20,0.357,0
87981.67,8,26,55000,2,30,0.762,0
6968.33,6,21,10000,4,0,0.66,0
17282.67,12,22,10000,2,0,0.822,0
10182.0,12,23,25000,3,0,0.183,0
99111.0,12,23,90000,2,0,0.537,0
12179.67,10,22,10000,2,20,0.934,0
17054.67,10,21,10000,2,0,1.0,0
14231.33,10,21,10000,2,0,1.0,0
17713.0,4,22,10000,2,30,0.915,1
47217.33,12,22,25000,2,0,0.766,0
30816.33,12,26,25000,3,20,0.634,0
3870.33,4,27,75000,4,0,0.023,0
30179.0,12,27,35000,2,20,0.417,1
46198.67,10,27,25000,2,20,0.951,1
5000.0,2,32,75000,1,0,0.1,0
16070.67,8,26,50000,2,20,0.441,0
22514.0,12,24,10000,2,0,0.786,0
16372.0,8,24,10000,2,30,0.703,0
5392.67,10,24,10000,3,0,0.186,0
20185.0,12,22,10000,2,0,1.0,0
66761.67,12,25,50000,3,0,0.761,0
168572.0,12,29,95000,2,0,0.975,0
40348.33,12,22,25000,2,0,0.957,0
14148.33,4,24,10000,3,30,0.733,1
9143.0,12,26,35000,2,20,0.123,0
35824.67,12,24,25000,2,0,1.0,0
20492.67,12,25,10000,2,20,1.0,1
670.67,12,24,10000,1,0,0.036,1
11990.0,12,24,10000,2,0,0.538,0
56626.67,12,24,25000,2,20,0.977,0
16028.33,12,23,10000,1,0,0.512,0
0.0,2,23,25000,2,10,0.0,0
3786.0,4,24,25000,2,20,0.116,0
357.0,12,24,10000,1,10,0.013,0
4516.0,10,25,10000,2,20,0.629,0
47943.0,12,25,25000,2,0,0.94,1
14872.33,10,25,35000,1,0,0.34,0
13658.33,10,27,10000,2,0,0.627,1
17707.33,8,24,10000,2,40,0.881,0
18479.67,10,23,10000,2,0,1.0,0
18014.67,12,25,10000,2,0,0.864,1
90049.67,12,26,110000,1,0,0.202,0
59699.33,10,25,60000,2,20,0.526,1
9507.0,10,26,70000,1,0,0.124,0
58507.33,8,27,25000,1,20,0.964,0
48216.33,8,25,25000,2,0,0.941,0
8372.33,12,26,5000,2,10,0.714,0
19368.67,10,25,25000,1,0,0.363,0
26681.67,12,26,25000,2,0,0.503,0
15586.67,12,25,10000,1,0,1.0,0
2547.33,12,26,100000,1,0,0.0,0
20002.0,12,26,20000,1,0,0.541,0
21456.33,4,23,15000,2,20,0.48,0
17674.67,6,23,10000,2,20,0.789,1
50490.67,12,23,25000,2,0,1.0,0
364.0,8,24,10000,3,20,0.027,0
74562.33,10,25,65000,2,20,0.56,0
4465.0,12,25,80000,2,0,0.025,0
80750.0,12,25,55000,2,0,0.492,0
17044.0,12,37,25000,2,0,0.321,1
44757.67,8,25,25000,2,40,0.584,0
28214.67,12,26,120000,2,0,0.117,0
2774.33,4,27,10000,2,0,0.1,0
3924.0,12,30,250000,3,0,0.002,0
59337.33,12,26,30000,2,0,0.991,0
46916.0,10,25,25000,3,20,0.955,0
47639.0,12,24,25000,2,0,0.93,0
390.0,10,25,10000,2,0,0.02,0
30425.33,12,25,15000,2,0,1.0,0
81532.67,12,25,40000,2,20,1.0,0
15821.33,12,25,10000,2,0,0.722,0
9546.67,12,26,5000,2,0,0.888,0
20080.67,8,26,10000,4,0,1.0,0
1553.33,12,26,50000,1,0,0.015,1
49820.0,12,23,25000,2,20,1.0,0
58176.0,12,26,30000,2,0,0.968,1
11808.67,12,27,200000,2,0,0.038,0
21054.67,2,27,10000,4,50,1.0,0
10830.0,8,27,25000,3,0,0.652,0
103730.0,12,27,55000,2,0,0.932,0
1731.0,12,23,15000,3,0,0.148,0
28644.33,12,27,115000,2,0,0.15,0
19553.33,12,23,10000,3,0,0.923,0
5709.67,10,24,15000,1,20,0.2,0
90395.0,12,25,45000,2,0,1.0,0
25376.0,10,25,15000,2,20,0.809,1
18955.67,8,24,10000,3,40,1.0,1
18738.33,10,24,10000,2,20,0.9,1
13321.0,12,24,25000,2,0,0.245,0
416.0,12,25,40000,2,0,0.005,0
2592.0,10,28,60000,1,0,0.002,0
5722.67,10,25,25000,2,0,0.116,0
51259.67,12,26,100000,1,0,0.251,0
144337.33,12,25,75000,2,0,0.938,0
1256.0,4,24,180000,1,20,0.003,1
56961.67,10,25,30000,1,20,0.949,0
79452.0,10,25,40000,2,30,1.0,0
154935.33,12,25,160000,1,0,0.457,0
137911.0,10,25,70000,2,20,1.0,1
1050.0,0,26,10000,2,30,0.052,1
21431.33,10,26,55000,2,20,0.553,0
47206.0,8,26,95000,2,20,0.24,0
115095.33,8,25,65000,2,20,0.871,0
134698.67,12,26,80000,1,0,0.868,1
212721.0,12,26,130000,1,0,0.963,0
3151.0,10,26,40000,1,0,0.093,0
37860.0,6,25,25000,2,40,0.573,1
93624.33,12,26,50000,1,0,0.912,0
7542.0,6,27,10000,2,20,0.366,1
286.67,4,27,105000,2,20,0.0,0
60999.33,12,28,80000,2,0,0.53,0
223347.0,12,26,170000,1,0,0.711,0
59373.67,8,27,35000,3,30,0.829,1
49268.0,10,27,25000,1,20,1.0,1
22301.67,12,26,30000,1,0,0.031,0
1200.0,0,27,10000,3,50,0.06,1
36439.33,10,27,25000,1,20,0.704,0
3237.0,10,26,120000,1,0,0.021,0
10667.33,12,23,10000,2,0,0.478,0
30862.33,12,25,25000,2,0,0.597,0
39173.67,8,25,65000,2,0,0.301,0
38182.0,8,25,25000,2,0,0.998,0
6263.67,12,27,65000,2,0,0.047,0
19060.33,12,27,10000,1,0,0.974,0
23641.33,12,28,185000,4,0,0.174,0
87971.33,12,27,55000,3,0,0.986,0
198897.33,10,28,100000,3,0,1.0,0
60390.33,12,26,80000,3,0,0.368,0
309754.0,12,26,155000,2,0,0.981,0
0.0,0,27,45000,1,10,0.0,0
15684.67,6,22,10000,2,40,0.811,1
10276.67,0,23,15000,4,0,1.0,0
31325.67,6,24,45000,4,0,0.398,0
14996.0,6,28,120000,2,0,0.187,0
20140.33,8,32,130000,2,0,0.233,0
30615.67,12,27,60000,2,0,0.245,0
82120.67,2,27,40000,2,20,1.0,0
4953.0,12,27,80000,1,0,0.035,0
5335.67,12,27,65000,2,0,0.055,0
10259.33,10,23,10000,1,0,0.735,0
28377.33,10,26,85000,2,0,0.181,0
55587.67,12,27,55000,3,0,0.413,0
27517.0,12,25,25000,2,0,0.527,0
64504.33,10,26,35000,2,20,0.933,0
78904.33,4,25,40000,2,0,0.974,0
14856.67,6,25,25000,1,0,0.278,0
11346.67,12,27,30000,1,0,0.343,0
63513.33,12,28,50000,2,0,0.743,0
34143.33,10,27,25000,1,20,0.349,0
166989.0,8,28,90000,1,30,1.0,0
1812.0,12,27,125000,1,0,0.0,0
45050.33,12,27,70000,2,0,0.172,0
7342.67,10,28,100000,1,0,0.035,0
33953.33,12,29,35000,1,20,0.471,0
2583.33,6,28,80000,2,0,0.045,0
5416.0,10,28,25000,1,10,0.0,0
26634.33,10,28,15000,2,20,0.868,0
104133.33,12,28,55000,1,0,0.93,0
20927.33,12,27,90000,1,0,0.116,0
61174.67,12,28,75000,1,0,0.166,0
101620.33,12,28,55000,2,0,1.0,0
87551.0,10,27,45000,1,20,0.938,0
106133.33,12,28,55000,1,0,0.98,0
673.67,10,28,20000,2,0,0.083,0
3706.33,12,37,65000,4,0,0.011,0
34160.33,12,28,20000,1,0,0.974,0
12050.0,4,27,90000,1,20,0.056,0
138845.67,12,28,105000,2,20,0.998,1
1813.67,12,28,100000,4,0,0.009,0
241397.67,12,28,130000,2,0,0.969,0
802.67,8,25,10000,2,0,0.038,0
4691.67,0,29,75000,2,0,0.094,0
100225.67,12,26,125000,2,0,0.493,0
70182.33,12,27,40000,1,0,0.933,0
16152.33,10,24,15000,2,20,0.487,1
406.67,12,27,10000,3,0,0.0,0
23446.67,8,29,25000,2,20,0.469,1
437932.0,12,29,230000,1,0,0.931,0
8047.33,12,30,170000,2,0,0.001,0
5379.0,12,23,5000,2,0,0.43,0
11995.0,10,24,25000,2,20,0.235,0
72161.0,12,24,55000,2,0,0.676,0
47274.67,12,22,25000,2,20,0.912,0
634.67,8,27,50000,1,20,0.002,1
533.33,10,27,40000,1,0,0.005,0
37409.33,12,28,250000,2,0,0.068,0
0.0,0,28,180000,1,0,0.0,0
252.33,10,29,140000,2,20,0.0,0
9724.33,6,29,150000,2,0,0.03,0
390.0,2,27,10000,3,0,0.02,0
35591.33,12,28,230000,4,0,0.003,0
100188.67,12,28,250000,1,0,0.185,0
321293.67,12,27,250000,1,0,0.506,0
11448.67,12,28,180000,1,0,0.025,0
3076.33,8,27,25000,2,0,0.061,0
9240.0,8,29,15000,1,0,0.924,0
0.0,0,29,70000,1,10,0.0,0
493.0,12,29,25000,1,0,0.015,0
20766.0,12,29,10000,1,0,1.0,0
15318.67,6,29,10000,3,0,0.709,0
57796.33,10,27,40000,2,20,0.729,1
187977.67,12,28,115000,2,0,1.0,0
107780.67,12,27,55000,2,0,0.976,0
51974.67,10,27,45000,2,0,0.717,0
809.0,6,28,100000,1,30,0.004,0
57884.33,12,25,30000,1,0,0.928,0
39762.67,8,29,25000,2,20,0.778,1
80799.33,12,29,65000,1,0,0.603,0
11338.67,12,29,130000,2,0,0.119,0
0.0,2,29,90000,4,0,0.0,1
92473.67,12,29,120000,2,0,0.377,0
21304.67,10,28,75000,1,0,0.106,0
766.67,12,28,130000,1,0,0.003,0
687.33,8,29,50000,1,0,0.007,1
15300.0,12,29,25000,2,20,0.276,0
147665.33,12,27,75000,1,0,0.996,0
33258.67,8,27,20000,1,0,0.827,0
18137.33,10,24,10000,2,0,0.859,0
29489.33,12,28,15000,1,0,0.974,0
4038.67,12,28,140000,1,0,0.037,0
387441.0,12,29,215000,1,0,0.936,0
18310.33,10,29,35000,2,20,0.244,1
28616.33,12,29,15000,3,0,0.93,0
15785.0,12,27,15000,2,0,0.265,0
12480.33,12,29,40000,1,0,0.027,0
48283.33,12,27,25000,1,0,0.944,0
18697.0,12,27,115000,1,0,0.108,0
42853.67,10,29,115000,1,20,0.179,0
56886.67,10,29,55000,2,20,0.506,1
2500.0,0,29,100000,2,40,0.012,1
44701.67,12,28,25000,1,0,0.892,0
32098.67,8,28,30000,1,20,0.509,0
653.33,10,28,10000,4,0,0.039,0
168813.67,10,29,160000,2,20,0.54,0
154002.67,12,28,110000,1,0,0.684,0
210914.0,12,29,235000,1,0,0.459,0
13556.33,12,29,30000,1,0,0.2,0
19775.67,12,29,165000,2,0,0.076,0
111486.0,10,28,55000,2,20,0.993,1
11758.0,4,29,40000,2,40,0.153,1
242999.0,12,30,145000,1,0,0.841,0
2400.0,0,22,10000,2,70,0.12,1
9890.0,10,28,15000,1,20,0.327,0
60625.67,12,27,40000,3,0,0.729,0
17765.0,10,28,25000,2,0,0.565,1
31801.33,6,28,75000,2,0,0.591,0
18892.33,8,28,10000,3,20,0.927,0
103739.0,12,24,70000,2,0,0.742,0
180271.0,12,30,130000,1,0,0.701,0
1994.0,10,30,60000,2,0,0.021,0
23427.67,10,30,55000,2,20,0.321,0
136033.67,12,30,70000,1,0,0.95,0
103322.33,12,27,50000,1,20,1.0,0
22984.67,12,30,180000,1,0,0.028,0
64042.33,12,30,35000,2,0,0.981,0
123833.67,12,30,105000,1,0,0.619,0
16541.33,12,30,100000,2,0,0.076,0
109627.0,12,28,100000,2,0,0.812,0
152197.33,12,28,80000,1,0,0.987,0
620.0,6,31,60000,1,10,0.0,1
170844.67,10,32,90000,2,20,0.962,0
214756.33,12,29,120000,2,0,0.877,0
115392.33,12,27,60000,2,0,0.946,1
77840.0,12,28,100000,2,0,0.496,0
165106.67,12,30,140000,1,0,0.593,0
10106.67,6,30,10000,3,0,0.846,1
16841.0,8,30,10000,2,20,0.85,1
3453.33,6,29,130000,2,20,0.034,1
326.0,12,29,110000,2,0,0.001,0
9634.0,8,30,15000,2,0,0.189,0
40477.33,12,29,40000,2,0,1.0,0
68132.0,10,30,40000,2,20,0.837,1
2614.33,6,30,70000,1,20,0.013,0
390.0,8,30,110000,3,20,0.004,1
51804.67,12,30,55000,1,0,0.519,0
172399.0,12,31,120000,2,0,0.702,0
132912.33,12,28,85000,1,0,0.856,0
140923.67,12,31,105000,1,0,0.671,0
3014.67,12,29,150000,1,0,0.006,1
109258.33,12,26,95000,3,20,0.657,0
129259.67,12,27,100000,3,0,0.022,0
119863.33,12,25,75000,2,0,0.942,0
17306.33,10,23,25000,2,20,0.325,0
391.33,8,24,5000,1,0,0.0,0
15769.67,12,31,35000,1,0,0.369,0
6090.67,12,30,235000,1,0,0.021,0
2727.33,12,28,125000,1,0,0.016,0
55776.0,8,28,35000,3,0,1.0,0
84.67,4,28,40000,1,10,0.0,0
131185.67,12,29,135000,1,0,0.006,0
901.0,12,27,90000,3,0,0.002,1
4287.33,4,29,115000,1,20,0.002,0
54538.33,12,30,40000,3,20,0.995,1
440.0,8,30,145000,2,30,0.003,0
35303.67,12,30,115000,1,0,0.145,0
123668.0,12,31,65000,2,0,1.0,0
249855.33,12,32,250000,2,0,0.664,0
44557.0,12,32,290000,1,0,0.085,0
44294.33,12,30,90000,2,0,0.234,0
7291.0,12,31,230000,1,20,0.01,0
70511.67,10,30,35000,2,20,1.0,1
219293.33,12,32,155000,1,0,0.701,0
49136.0,8,30,25000,1,20,0.985,1
89265.33,8,32,100000,2,20,0.444,1
1456.67,0,31,150000,1,0,0.015,0
6564.67,6,31,55000,1,0,0.066,0
225.67,8,27,25000,1,20,0.0,1
406.33,12,31,180000,3,0,0.0,0
39236.33,4,31,110000,2,0,0.174,0
108689.0,12,31,95000,1,20,0.55,0
19099.67,6,23,10000,3,20,0.917,1
2727.67,8,31,40000,1,0,0.086,0
51132.33,12,29,25000,1,0,1.0,0
18762.67,10,30,25000,2,20,0.275,0
27878.33,12,31,180000,2,0,0.097,0
41823.33,10,30,45000,1,0,0.453,0
593.33,8,30,100000,3,0,0.0,0
7814.33,12,30,205000,2,0,0.017,0
155370.67,12,31,165000,1,0,0.5,0
72155.0,4,30,50000,1,0,0.968,0
5130.0,6,31,100000,2,0,0.035,0
21066.0,10,30,55000,2,0,0.434,0
34086.0,10,31,45000,1,20,0.376,1
27971.33,12,30,160000,2,0,0.082,0
693.33,6,30,35000,1,20,0.012,0
86378.33,12,30,110000,2,0,0.415,0
210055.33,10,32,90000,1,20,1.0,1
12726.0,12,31,90000,1,0,0.071,0
232449.0,10,31,120000,2,0,0.964,1
62811.0,12,30,70000,2,0,0.504,1
110444.67,10,30,140000,2,20,0.382,0
14379.33,6,31,15000,1,20,0.47,1
1854.67,8,31,10000,2,20,0.269,0
39965.33,2,29,40000,1,0,0.728,0
163624.0,12,30,115000,2,0,0.747,0
124432.33,12,30,100000,2,0,0.716,1
377775.67,12,29,260000,1,0,0.893,0
242041.67,12,29,200000,2,0,0.594,1
836.0,10,25,15000,2,0,0.028,0
39006.0,12,31,185000,1,0,0.096,0
5279.33,8,31,75000,2,0,0.003,0
25353.67,10,26,40000,2,20,0.349,1
438256.67,12,26,215000,3,0,1.0,0
15548.67,12,24,10000,2,0,0.975,1
45551.33,12,27,25000,2,0,0.986,0
50854.0,10,24,30000,2,20,0.816,1
2840.0,12,28,180000,1,0,0.008,0
1.0,6,31,140000,1,0,0.0,0
15935.0,12,29,180000,2,0,0.051,0
43647.0,12,32,210000,1,0,0.145,0
4468.0,8,31,160000,1,0,0.014,0
7724.0,4,31,45000,2,0,0.059,0
7265.0,10,33,180000,1,0,0.015,1
67432.33,12,30,35000,2,0,0.981,0
16653.0,12,26,25000,2,0,0.92,0
144940.33,12,30,100000,3,0,0.709,0
2355.33,6,31,125000,1,0,0.0,0
2478.33,10,33,75000,1,0,0.009,0
7329.0,12,33,175000,2,0,0.002,0
24372.67,12,32,15000,2,0,0.958,0
176666.0,10,30,100000,1,40,0.868,0
29605.33,4,32,100000,1,0,0.391,0
73746.33,12,29,75000,2,0,0.685,0
141368.33,12,30,95000,1,0,0.729,0
8910.33,12,30,170000,2,0,0.061,0
1570.33,6,31,180000,1,10,0.0,0
7803.67,12,30,140000,1,0,0.064,0
29509.67,10,47,15000,2,0,0.971,0
0.0,0,35,150000,3,0,0.0,0
214238.0,12,37,110000,4,20,0.989,0
67593.0,12,41,40000,3,0,1.0,0
22403.33,10,40,15000,2,20,0.693,1
11127.33,10,37,20000,2,20,0.24,0
137496.67,8,29,100000,2,20,0.725,0
94977.67,12,30,100000,2,20,0.416,0
48094.0,12,29,55000,1,0,0.007,0
95205.33,12,31,50000,1,20,0.94,1
12917.67,6,34,10000,2,20,0.02,1
99802.0,12,46,60000,3,0,0.868,0
74687.33,12,37,140000,2,0,0.304,0
93812.0,12,30,140000,2,0,0.104,0
320.67,8,42,150000,2,20,0.0,0
3162.0,12,43,210000,1,0,0.008,0
10451.0,12,41,40000,1,0,0.146,0
610.0,12,49,180000,1,0,0.003,1
10948.67,12,37,130000,4,0,0.038,0
10078.67,12,32,130000,2,0,0.02,0
65953.67,12,32,55000,2,0,0.588,0
249324.67,12,32,200000,2,0,0.68,0
15721.33,8,32,10000,3,30,0.78,1
139790.33,10,35,85000,1,20,0.803,0
30279.33,10,35,35000,3,20,0.399,0
1038.33,6,39,105000,1,0,0.004,0
7552.0,8,38,5000,2,20,0.68,1
180236.33,12,48,390000,1,0,0.22,0
414725.0,12,35,210000,1,0,0.984,0
304132.0,12,44,140000,3,0,1.0,0
446.67,10,46,25000,3,20,0.008,0
50104.67,8,49,25000,3,20,0.984,1
31889.33,12,33,30000,2,0,0.549,0
18286.0,12,33,10000,2,0,0.916,0
151410.67,8,35,85000,2,20,0.874,1
7783.0,12,48,165000,2,0,0.018,0
21853.67,8,37,15000,1,20,0.694,1
671.0,12,42,175000,1,20,0.002,1
148691.33,12,49,145000,2,0,0.668,0
48370.0,10,49,25000,2,20,0.999,1
130.0,4,45,10000,3,10,0.0,0
12330.67,8,38,15000,2,0,0.618,1
49420.67,12,37,25000,2,0,1.0,0
61271.67,12,39,35000,3,0,0.905,0
158069.0,12,33,155000,1,20,0.749,0
5068.0,10,48,110000,2,20,0.013,0
2148.0,12,34,180000,3,0,0.002,0
16241.0,10,38,70000,1,0,0.008,0
104391.33,10,38,100000,2,20,0.511,1
15560.33,10,42,10000,2,20,0.716,1
212648.33,12,36,145000,2,0,0.534,0
136658.0,12,36,150000,2,0,0.255,0
2500.0,0,45,100000,2,30,0.012,1
68864.0,12,32,75000,1,0,0.508,0
168859.0,10,39,120000,2,0,0.741,0
182755.0,12,32,225000,2,0,0.37,0
15337.67,12,32,10000,2,0,0.756,0
49339.33,8,45,25000,3,40,1.0,1
102072.67,6,33,95000,2,0,0.52,1
234569.67,12,41,195000,1,0,0.642,0
90145.33,12,36,45000,1,0,1.0,0
96941.67,12,39,60000,2,20,0.781,0
396.0,12,33,105000,1,0,0.002,0
394996.0,12,41,250000,2,0,0.957,0
22325.33,12,40,160000,1,0,0.069,0
30370.33,12,39,105000,1,0,0.109,0
86103.67,12,38,45000,2,20,0.99,1
342.0,4,34,50000,2,10,0.0,0
0.0,0,37,180000,2,10,0.0,0
21786.33,10,37,20000,2,20,0.519,0
0.0,0,41,40000,1,10,0.0,0
2708.33,10,34,150000,1,10,0.01,0
988.67,12,43,65000,3,0,0.01,0
0.0,0,41,240000,1,10,0.0,0
166420.33,10,39,160000,2,0,0.97,0
0.0,0,37,165000,3,0,0.0,0
58079.67,12,38,35000,1,0,0.906,0
258971.67,12,46,120000,2,0,1.0,1
207088.33,12,32,105000,3,0,0.972,0
520.0,8,47,25000,2,20,0.008,0
15244.0,12,39,25000,1,0,0.162,0
19921.67,12,38,15000,2,0,0.57,0
8114.33,10,38,155000,2,0,0.075,0
117487.0,10,40,115000,4,20,0.521,0
76706.67,12,39,85000,2,0,0.537,0
0.0,0,39,90000,2,10,0.0,0
3217.67,10,49,165000,1,0,0.018,0
50421.0,12,34,85000,1,0,0.313,0
104006.33,12,33,80000,1,20,0.634,0
18092.67,6,32,25000,2,30,0.306,1
57646.0,10,33,30000,2,0,0.937,0
25149.67,12,49,250000,3,0,0.025,0
8046.0,12,44,115000,1,10,0.0,0
125.33,4,38,90000,1,10,0.0,0
8240.0,12,40,160000,1,0,0.026,0
69513.0,12,39,245000,1,0,0.387,0
202794.0,12,43,105000,4,0,0.942,0
15040.33,12,33,25000,2,0,0.448,1
20654.0,4,33,80000,3,0,0.157,0
150542.67,12,41,40000,4,0,1.0,1
1125.33,10,49,110000,1,0,0.006,0
7678.67,8,46,10000,2,20,0.377,1
416.0,8,49,100000,1,20,0.002,0
0.0,0,31,150000,3,10,0.0,1
1050.0,0,36,10000,3,30,0.052,1
36.33,2,32,90000,1,10,0.0,0
3968.33,8,33,100000,3,0,0.014,0
54977.33,12,38,70000,2,20,0.384,1
2861.33,10,36,75000,1,0,0.039,0
25297.0,12,40,80000,4,0,0.125,0
143933.33,12,32,80000,2,0,1.0,0
1904.67,12,34,100000,1,0,0.002,0
11497.67,4,49,10000,3,20,0.974,1
1187.67,4,32,130000,2,10,0.014,0
1198.0,12,32,130000,2,0,0.005,1
66795.67,12,42,310000,2,0,0.122,0
38741.33,12,37,25000,1,0,0.752,1
390.0,6,32,10000,2,0,0.02,0
8214.67,12,32,95000,2,20,0.034,0
24090.67,8,38,15000,2,20,0.81,1
3840.33,10,38,80000,3,0,0.042,0
4221.0,4,40,180000,2,0,0.035,0
19312.0,12,44,10000,2,0,0.958,0
48320.33,12,42,75000,3,0,0.332,0
3607.67,12,38,200000,1,0,0.004,0
0.0,2,43,40000,3,10,0.0,0
40.0,4,34,130000,1,0,0.0,0
3041.67,12,38,250000,2,0,0.012,0
240398.0,12,34,120000,2,0,1.0,0
49797.0,12,37,25000,2,20,0.989,0
9083.33,12,36,5000,2,20,0.908,0
569.33,2,47,25000,1,10,0.0,0
141037.0,12,41,75000,2,0,0.934,0
668.67,12,40,75000,1,0,0.0,0
12932.67,8,30,65000,3,0,0.226,0
22558.33,12,37,60000,2,20,0.182,0
40598.67,12,39,25000,3,0,0.795,1
64128.67,12,41,80000,1,20,0.397,0
72493.0,12,39,35000,2,0,1.0,1
251276.0,12,40,190000,1,0,0.645,0
2227.0,12,47,140000,1,0,0.008,0
17133.33,0,39,25000,3,0,1.0,1
10242.67,8,35,15000,2,20,0.278,1
210.67,12,37,130000,1,0,0.001,0
135266.67,12,35,105000,2,0,0.628,0
7018.33,10,32,160000,1,0,0.003,0
102590.0,12,41,240000,1,0,0.16,0
46569.33,8,42,40000,1,20,0.57,0
44227.67,10,43,50000,2,20,0.425,0
52091.33,12,31,35000,1,0,0.684,0
409.0,10,37,150000,1,0,0.001,0
86754.33,10,48,75000,1,0,0.695,0
132786.0,12,41,70000,1,0,0.93,1
34853.67,12,39,180000,1,0,0.086,0
13339.33,12,47,250000,3,0,0.036,0
291937.33,12,36,160000,2,20,0.887,1
2280.67,2,44,95000,1,20,0.001,0
12445.67,4,49,25000,3,0,0.363,1
49517.67,12,38,25000,2,0,1.0,1
117786.33,12,31,145000,1,0,0.43,0
60136.33,12,36,55000,4,0,0.536,0
136656.33,12,31,105000,2,0,0.903,0
19092.67,10,32,10000,3,20,1.0,1
77199.67,6,35,45000,3,0,0.965,0
303.0,10,36,60000,2,20,0.001,0
8504.0,8,46,10000,2,30,0.364,1
18218.67,8,31,135000,2,20,0.078,0
34931.0,12,41,95000,2,0,0.178,0
601.67,4,33,100000,3,0,0.003,0
39396.67,12,35,170000,2,0,0.112,0
8259.33,10,33,155000,1,0,0.035,0
57962.0,12,30,90000,3,0,0.316,0
80144.0,12,32,40000,2,0,0.978,1
10464.33,12,31,255000,3,10,0.0,1
77594.33,12,44,100000,1,0,0.379,0
12067.0,10,36,50000,1,20,0.156,0
8470.67,12,35,75000,2,0,0.029,1
163681.0,12,35,200000,2,0,0.532,0
6042.0,6,44,65000,2,20,0.04,1
18286.0,12,35,210000,2,0,0.022,0
1522.67,12,49,170000,1,0,0.004,0
2418.0,12,36,100000,1,0,0.01,0
75347.67,2,32,210000,2,20,0.485,0
33011.33,10,34,25000,1,0,0.549,0
150890.67,12,31,140000,1,0,0.529,0
186118.33,10,31,140000,1,20,0.995,1
56414.33,12,46,30000,3,0,0.948,0
1387.33,12,33,180000,1,0,0.006,0
204726.33,8,31,110000,2,20,1.0,1
17937.33,8,38,10000,2,0,0.823,0
0.0,0,41,80000,1,10,0.0,1
220.0,6,48,10000,3,0,0.008,0
2216.33,10,33,90000,2,0,0.018,0
28110.67,12,33,250000,1,0,0.057,0
10777.67,10,34,10000,2,20,0.483,1
1981.67,12,34,10000,2,0,0.111,0
78227.0,12,45,125000,3,0,0.392,0
75891.0,12,38,160000,2,0,0.651,0
15198.67,12,32,235000,2,0,0.041,0
51651.0,12,39,90000,3,0,0.286,0
333.33,2,32,85000,2,20,0.0,0
6488.0,8,45,10000,3,20,0.427,0
124283.0,12,48,140000,2,0,0.456,0
29639.67,12,36,145000,2,0,0.147,0
526.67,2,36,30000,1,20,0.013,1
1823.33,12,27,65000,1,0,0.022,0
33049.33,4,42,50000,3,70,0.338,0
70219.0,10,36,30000,1,20,1.0,0
3483.67,8,32,50000,2,20,0.041,0
49111.0,10,34,25000,1,20,0.964,0
7626.33,10,44,275000,1,0,0.04,0
23312.67,10,46,50000,2,20,0.226,1
1100.0,0,38,140000,2,0,0.012,0
18646.67,10,32,15000,2,20,0.586,0
25307.67,12,45,115000,1,0,0.22,0
1901.33,12,44,40000,2,0,0.022,0
62992.67,12,33,40000,1,0,0.75,0
48260.33,12,31,25000,2,0,1.0,0
3303.0,8,46,25000,2,0,0.037,0
892.33,12,36,140000,1,0,0.001,0
96934.33,12,40,145000,1,0,0.335,0
45691.67,12,47,25000,3,0,0.894,0
348.67,2,41,70000,2,0,0.0,0
3421.0,12,43,40000,2,0,0.005,0
3850.0,12,32,140000,1,0,0.016,0
9925.33,12,46,10000,3,50,0.39,0
29328.67,12,40,235000,2,0,0.044,0
27963.0,10,33,175000,2,20,0.073,0
37222.0,12,34,85000,2,0,0.211,0
2948.33,12,31,100000,1,0,0.005,0
1562.33,12,35,180000,3,10,0.0,0
143512.0,12,41,70000,2,0,1.0,1
240220.0,12,41,120000,2,0,0.995,1
255441.33,12,32,250000,1,0,0.611,0
163459.0,8,34,95000,1,20,0.812,1
67083.33,12,32,100000,2,0,0.371,0
326.0,12,41,105000,1,0,0.002,1
3795.0,4,36,15000,1,0,0.059,0
48610.67,12,36,25000,2,0,0.952,1
2323.0,4,47,180000,1,0,0.001,0
137713.0,12,43,140000,2,0,0.535,0
0.0,0,38,180000,1,0,0.0,1
45282.33,8,39,25000,2,20,0.96,0
165379.67,12,47,135000,3,0,0.6,0
17695.0,6,37,10000,2,0,0.881,0
6111.67,12,37,100000,2,0,0.024,0
96403.0,12,39,160000,2,0,0.325,0
23688.33,12,37,115000,2,0,0.093,0
183673.67,12,35,175000,3,0,0.625,0
1419.67,12,33,110000,1,0,0.005,1
21616.67,12,35,25000,2,0,0.444,0
15809.67,10,48,10000,3,20,0.677,1
23182.67,12,32,195000,1,0,0.092,0
13593.33,6,39,60000,2,0,0.25,0
82374.0,12,41,245000,1,0,0.163,0
81630.33,10,37,95000,2,20,0.42,0
291.0,10,40,75000,4,0,0.002,0
144777.33,12,42,75000,4,20,0.96,0
171311.0,12,37,135000,1,0,0.646,1
128035.0,8,34,75000,2,20,0.816,0
416194.33,12,36,300000,1,0,0.621,0
216951.0,10,30,120000,1,0,0.89,0
95355.33,8,31,50000,1,0,0.912,0
444.0,6,31,130000,1,0,0.002,1
3625.67,8,42,40000,3,0,0.087,0
9517.0,6,46,10000,3,30,0.471,1
217282.33,12,42,130000,2,0,0.869,0
0.0,0,41,185000,1,10,0.0,0
79890.67,12,31,35000,2,0,1.0,0
183721.67,12,31,135000,3,0,0.7,0
175425.0,12,44,125000,2,0,0.7,0
19601.67,12,39,35000,3,0,0.26,0
0.0,2,42,80000,2,10,0.0,0
15050.67,10,35,150000,1,0,0.06,0
9471.33,12,39,140000,3,0,0.005,0
440.0,8,34,105000,1,20,0.002,0
81389.0,12,33,100000,1,20,1.0,0
1050.0,0,31,25000,1,30,0.021,1
7771.33,12,45,30000,2,0,0.108,0
50889.0,12,36,25000,2,0,1.0,0
47195.0,8,35,25000,2,20,0.961,1
89099.33,12,39,70000,2,0,0.663,0
5000.0,4,31,75000,1,0,0.1,0
56691.67,12,33,115000,1,0,0.247,0
150.0,0,40,155000,1,0,0.0,0
454.33,12,47,250000,1,10,0.0,0
8525.67,8,36,85000,1,0,0.032,0
1207.33,8,41,115000,1,10,0.0,1
19718.0,12,47,25000,2,0,0.399,0
611.33,2,33,85000,2,20,0.005,0
308552.0,12,34,170000,2,0,0.985,1
233621.67,12,35,110000,2,0,1.0,0
17573.0,12,45,30000,2,0,0.425,0
724.67,8,33,100000,1,0,0.006,0
33117.33,12,34,175000,2,0,0.109,0
97071.0,12,42,30000,2,0,1.0,0
0.0,6,28,50000,2,0,0.0,0
68364.33,10,32,35000,1,20,0.958,1
3578.67,8,35,180000,1,0,0.01,0
1100.0,4,29,50000,2,0,0.012,1
556.67,8,47,145000,1,0,0.003,0
0.0,0,47,190000,2,10,0.0,1
79307.0,12,33,190000,1,0,0.205,0
56871.0,12,45,30000,2,0,1.0,1
44823.67,10,28,160000,3,0,0.21,0
37468.0,8,45,40000,2,20,0.44,1
26396.0,12,37,140000,1,0,0.12,0
80678.67,12,38,55000,2,20,0.938,1
103733.0,10,46,155000,2,20,0.329,1
26684.33,12,28,115000,1,0,0.124,0
500.0,6,28,100000,3,10,0.0,1
61376.33,12,29,35000,2,0,0.833,0
64479.0,12,35,105000,2,0,0.299,0
7615.0,12,41,145000,3,0,0.026,0
7905.33,12,37,230000,1,20,0.015,0
555.67,8,39,180000,1,20,0.001,0
2249.33,12,32,100000,1,0,0.006,0
30567.0,12,37,115000,1,0,0.134,0
6205.0,12,32,40000,2,0,0.037,0
81061.0,12,36,40000,3,0,1.0,0
26807.33,12,33,75000,1,0,0.181,0
68756.0,12,36,145000,2,0,0.251,0
68245.67,12,31,45000,3,0,0.753,0
1509.0,12,40,180000,2,0,0.001,1
107595.0,12,36,95000,1,20,0.555,1
8715.0,12,41,10000,2,0,0.374,0
142205.33,6,47,75000,3,0,1.0,0
12074.33,12,32,25000,2,0,0.221,0
992.0,12,38,155000,1,0,0.003,0
91803.67,12,38,130000,1,0,0.362,0
29002.0,12,42,95000,2,0,0.165,0
4620.67,12,31,15000,1,0,0.215,1
7951.33,8,32,140000,1,0,0.07,0
55526.0,12,40,30000,2,0,0.969,1
19547.33,12,32,10000,2,20,0.95,0
81271.33,4,29,70000,2,0,0.947,0
3331.33,12,47,40000,1,0,0.025,1
1316.0,8,43,100000,3,0,0.006,0
1344.67,12,42,85000,1,0,0.004,0
2776.0,10,48,105000,2,0,0.013,0
92392.33,12,46,250000,2,0,0.314,0
42659.0,12,36,30000,2,20,0.654,0
24395.67,8,32,205000,1,20,0.087,1
214339.67,12,35,110000,2,0,0.955,1
108375.33,12,30,210000,2,0,0.291,0
155161.0,10,28,125000,2,20,0.599,0
80321.33,12,26,40000,1,0,1.0,0
41935.67,12,27,40000,2,0,0.508,0
8294.67,12,28,10000,1,0,0.18,0
47646.33,12,30,150000,2,0,0.062,0
52091.67,12,44,25000,1,0,1.0,1
0.0,0,46,180000,3,0,0.0,0
129270.33,12,36,70000,1,0,0.911,0
62353.0,12,31,35000,2,0,0.874,1
70038.33,12,34,35000,2,0,0.991,0
31490.0,12,39,215000,1,0,0.096,0
194.0,10,39,85000,2,0,0.0,0
0.0,0,44,105000,2,10,0.0,0
10890.67,12,36,75000,1,0,0.018,0
227932.67,12,42,130000,2,0,0.97,0
34291.0,8,40,250000,2,0,0.045,0
1379.33,6,39,80000,1,0,0.026,0
57170.0,12,45,105000,2,0,0.267,1
205032.67,10,33,115000,2,20,0.884,0
3297.67,12,43,90000,2,0,0.015,0
7800.0,10,37,10000,2,0,0.372,0
226121.33,12,41,155000,1,0,0.797,0
208.67,6,39,90000,1,0,0.0,0
49861.33,10,46,40000,1,0,0.612,0
118879.67,12,47,115000,1,0,0.622,0
100124.67,10,41,105000,2,20,0.547,1
61891.33,10,37,45000,2,20,0.684,1
26312.67,6,45,15000,1,30,0.861,0
91.0,6,34,215000,1,20,0.001,0
4530.67,12,41,100000,1,0,0.054,0
416.0,12,34,110000,1,0,0.002,1
7459.33,12,37,240000,1,10,0.013,0
13759.67,12,36,180000,2,0,0.092,0
883.67,0,34,195000,2,0,0.0,0
15022.33,12,43,10000,2,20,0.691,1
59566.33,12,37,100000,3,0,0.33,0
652.67,4,35,15000,2,20,0.115,1
24330.67,12,40,205000,1,20,0.084,0
37816.33,10,47,20000,1,20,0.969,0
49897.67,8,47,25000,3,20,1.0,1
48195.67,10,28,115000,1,0,0.209,0
340.67,0,33,65000,1,20,0.008,1
4571.0,8,33,50000,2,0,0.071,0
21896.33,12,34,200000,1,0,0.067,0
76029.0,12,42,165000,1,0,0.222,0
12473.0,4,41,295000,1,0,0.001,0
11865.33,12,34,25000,1,20,0.275,1
59863.33,10,36,70000,2,0,0.415,1
60460.67,12,37,365000,2,0,0.096,0
109492.33,10,34,55000,2,20,0.977,1
5086.33,12,46,250000,3,0,0.008,0
5972.0,8,40,100000,3,0,0.031,0
182972.0,12,41,90000,3,0,1.0,0
54640.0,12,45,35000,2,0,0.958,0
1391.67,6,45,85000,1,20,0.015,0
11934.0,12,44,210000,2,0,0.032,0
58926.33,12,29,30000,2,0,0.977,0
268029.33,12,31,140000,2,0,0.952,0
23663.0,12,40,15000,2,0,0.721,0
88048.67,12,38,45000,1,20,0.988,1
2195.0,8,36,100000,1,0,0.001,0
69137.67,12,33,110000,3,0,0.285,0
82753.33,12,47,140000,2,0,0.33,0
141470.33,12,38,140000,1,0,0.496,0
4902.67,12,40,215000,1,0,0.005,0
0.0,2,37,90000,1,10,0.0,0
27088.0,8,49,25000,1,20,0.545,1
28698.67,8,46,250000,1,0,0.037,0
40124.0,10,35,25000,3,0,0.771,0
5086.0,12,43,100000,1,0,0.015,0
97614.33,12,42,50000,1,20,0.959,0
58389.0,10,31,30000,2,20,0.931,0
30388.0,10,33,15000,3,0,1.0,1
115045.0,10,41,90000,3,20,0.621,0
9074.33,10,40,10000,2,20,0.41,1
174646.0,12,39,175000,2,0,0.512,0
7300.67,6,43,10000,2,20,0.295,0
97157.0,12,38,50000,2,0,1.0,0
12963.67,8,43,10000,2,20,0.579,1
11328.67,8,29,15000,3,20,0.344,0
3732.67,10,31,15000,2,0,0.238,0
80558.67,12,40,90000,4,0,0.434,0
49860.33,12,29,150000,2,0,0.166,0
142.67,2,38,180000,2,0,0.0,0
1409.67,6,36,105000,1,20,0.004,0
19550.33,12,35,15000,1,20,0.628,1
147114.33,10,31,75000,2,0,0.979,0
216.0,6,31,75000,2,0,0.0,0
0.0,0,42,75000,3,0,0.0,1
240752.0,12,40,235000,1,20,0.589,0
107352.0,12,38,100000,2,0,0.529,0
80340.33,4,49,40000,3,0,0.975,0
210442.33,12,37,125000,1,20,0.826,0
29279.67,12,30,250000,1,0,0.049,0
13698.33,10,36,100000,1,20,0.072,0
65613.0,2,34,45000,1,0,1.0,0
108085.0,12,47,200000,1,0,0.264,0
8395.33,12,38,90000,2,0,0.052,0
801.33,12,47,80000,2,0,0.006,0
116058.67,12,38,65000,2,0,0.946,0
65252.0,12,45,30000,2,0,1.0,0
216470.33,12,39,120000,2,0,0.896,0
84308.67,10,33,80000,2,20,0.516,1
48808.33,12,43,25000,2,0,0.978,0
257591.0,12,34,140000,1,0,0.897,0
23134.0,8,40,15000,2,0,0.844,0
46038.33,12,46,65000,2,0,0.36,0
158.33,6,43,80000,1,20,0.001,0
1298.67,10,36,210000,4,10,0.002,0
325.0,12,37,105000,2,10,0.0,1
65545.33,12,39,35000,1,0,0.863,0
48197.67,12,44,25000,2,20,0.953,0
36648.33,12,38,25000,3,20,0.75,1
671.0,12,38,165000,1,0,0.003,0
69783.33,8,40,35000,2,20,0.988,1
732.67,6,36,85000,2,0,0.004,0
48200.67,12,41,25000,2,0,1.0,1
617.33,6,39,125000,1,0,0.007,0
52583.0,10,49,100000,3,0,0.257,0
72730.33,12,37,230000,2,0,0.146,0
81319.0,10,40,50000,3,20,0.776,0
187720.33,10,35,110000,1,20,0.864,1
390.0,2,35,15000,2,20,0.026,1
77222.33,12,34,40000,2,0,0.918,0
113902.67,12,34,160000,2,0,0.369,0
28360.0,12,36,55000,4,0,0.031,0
11486.33,8,35,10000,2,0,0.89,0
126582.0,6,44,25000,2,30,1.0,1
25370.0,12,38,215000,2,0,0.043,0
61274.67,12,39,40000,2,20,0.75,1
14026.67,6,35,20000,1,30,0.277,1
100108.0,12,42,75000,2,0,0.66,0
24856.0,12,33,165000,4,0,0.081,0
21448.67,8,40,10000,2,20,1.0,0
24572.67,10,45,10000,2,20,0.868,0
6036.67,0,40,250000,1,0,0.036,0
164518.33,10,42,100000,1,0,0.808,1
12043.0,10,46,10000,2,20,0.551,0
107122.67,12,44,105000,1,0,0.601,0
164659.67,10,41,250000,2,20,0.338,0
132430.0,4,42,150000,1,0,0.539,0
101064.0,12,35,55000,2,0,0.943,0
74623.33,12,39,250000,1,0,0.148,0
75478.0,6,44,60000,1,20,0.627,1
1188.0,8,44,180000,2,0,0.005,0
9297.0,12,36,175000,3,0,0.026,0
2495.67,6,35,40000,1,20,0.0,1
6080.67,12,46,160000,1,0,0.009,0
2145.67,12,38,115000,1,0,0.005,0
85864.67,12,44,55000,2,0,0.75,0
23599.67,12,32,30000,2,0,0.373,0
16477.33,10,34,10000,1,0,0.771,0
11383.0,12,35,160000,2,0,0.032,0
87368.0,12,41,45000,1,0,0.987,0
390.0,12,49,100000,2,0,0.002,0
67394.0,12,46,120000,1,20,0.426,1
226843.0,12,43,120000,1,0,0.93,1
10385.0,12,48,60000,2,0,0.113,0
25462.67,8,46,35000,3,20,0.348,0
4671.33,6,33,10000,2,20,0.224,0
145034.0,12,35,70000,2,20,1.0,0
104062.0,4,41,120000,3,20,0.421,0
48479.33,12,44,25000,3,0,0.966,0
90422.33,8,26,50000,2,20,0.898,0
23142.0,10,26,70000,2,0,0.154,0
4589.67,10,31,130000,2,20,0.029,0
7597.0,8,35,115000,1,0,0.0,0
416.0,6,36,10000,3,0,0.021,0
57786.33,4,38,55000,2,0,0.965,0
222400.67,12,40,230000,1,0,0.512,0
22181.33,8,36,60000,2,20,0.221,0
7453.0,2,31,30000,2,0,0.37,1
751.0,8,31,25000,3,0,0.029,1
49041.67,12,41,25000,3,0,0.972,0
1269.67,10,42,15000,3,0,0.065,0
18198.0,12,45,10000,3,0,0.901,0
22903.0,12,47,10000,2,0,0.853,0
240939.33,12,32,175000,2,0,0.75,0
232749.67,12,36,120000,2,0,0.996,0
45571.0,10,37,60000,2,20,0.383,1
3220.33,12,47,100000,3,0,0.0,0
3125.67,10,31,75000,1,0,0.02,0
207.0,4,37,90000,2,0,0.0,0
136.0,12,30,130000,1,0,0.001,0
1193.33,4,31,90000,1,0,0.02,0
24087.33,4,31,65000,1,0,0.204,0
130540.67,12,34,125000,1,0,0.477,0
1864.33,10,35,230000,4,0,0.0,0
22803.67,12,35,20000,1,0,0.773,0
11458.67,10,36,10000,2,20,0.487,1
19416.67,4,41,155000,2,0,0.112,0
86857.33,12,40,45000,2,0,0.969,0
13978.67,12,43,10000,3,0,0.632,0
17304.0,12,39,135000,2,0,0.067,0
117180.33,12,45,85000,3,0,0.674,0
67477.67,12,41,150000,2,0,0.22,0
892.0,4,30,175000,1,20,0.002,1
396.0,12,39,180000,1,0,0.001,0
132051.0,12,37,130000,2,0,0.506,0
11242.67,10,28,50000,1,0,0.123,0
45945.0,10,28,100000,1,20,0.211,0
22996.67,12,38,15000,2,0,0.723,0
1330.0,12,46,80000,1,0,0.008,0
50200.33,8,36,185000,2,20,0.128,0
150572.0,12,43,190000,2,0,0.295,0
54032.33,12,37,105000,3,0,0.256,0
37783.67,8,44,45000,2,20,0.409,0
3884.67,12,42,105000,2,0,0.015,0
0.0,0,30,60000,1,10,0.0,1
73283.33,12,46,250000,1,0,0.092,0
33975.67,12,48,195000,2,0,0.084,0
19334.33,12,32,155000,1,0,0.027,0
273453.33,12,32,140000,1,0,1.0,0
3143.0,8,41,100000,1,20,0.01,0
34549.67,8,38,25000,2,20,0.653,0
13742.33,12,42,250000,2,0,0.035,0
27584.67,12,49,15000,2,0,0.996,0
48290.67,12,35,25000,2,0,1.0,1
163.0,8,47,105000,2,0,0.0,1
2261.67,4,41,75000,1,20,0.0,0
212436.67,12,36,115000,2,0,0.949,0
4655.0,6,38,100000,1,0,0.007,0
5128.33,10,38,100000,1,20,0.019,0
177717.67,12,38,165000,2,0,0.545,1
69559.0,12,37,35000,2,0,0.973,0
1373.0,8,41,50000,2,0,0.001,1
130497.67,12,34,65000,2,0,1.0,0
1943.67,8,35,45000,2,30,0.01,1
316.0,6,36,75000,1,10,0.0,0
22597.0,10,35,115000,2,0,0.098,0
25898.67,12,38,40000,1,0,0.272,0
59952.0,10,36,50000,2,0,0.665,0
181327.67,12,37,85000,1,0,1.0,1
1812.67,4,43,155000,1,20,0.008,0
735.0,12,36,80000,2,0,0.005,0
31250.67,8,36,35000,2,20,0.44,1
53241.33,12,37,250000,1,0,0.124,0
17133.33,6,46,25000,2,0,1.0,0
72419.33,8,46,205000,2,20,0.174,1
110214.67,10,32,60000,1,20,1.0,0
15900.67,8,30,10000,1,30,0.016,1
18893.0,12,40,155000,2,0,0.04,0
20249.67,10,36,45000,2,0,0.272,0
143794.33,12,43,100000,1,0,0.73,0
6550.67,12,30,180000,1,0,0.03,0
21160.67,4,29,175000,1,0,0.047,0
17080.0,8,34,10000,2,30,0.748,0
1625.0,4,37,130000,1,0,0.02,0
108079.67,12,42,55000,2,0,0.984,1
96701.67,10,32,70000,1,20,0.647,0
210974.0,12,34,155000,3,0,0.851,0
151104.0,8,40,85000,2,20,0.872,0
38536.67,10,30,40000,1,20,0.957,0
7143.33,12,46,205000,2,0,0.013,0
17769.0,10,38,65000,2,20,0.128,0
7005.33,12,39,130000,1,0,0.023,0
7172.67,12,40,250000,1,0,0.005,0
390.0,8,43,80000,2,0,0.002,0
37101.33,12,33,90000,2,0,0.209,0
33696.33,12,34,35000,3,0,0.771,0
11040.0,10,35,25000,2,0,0.02,0
87234.67,12,32,45000,1,20,0.707,1
111500.33,12,32,105000,2,0,0.654,1
173409.33,12,31,105000,4,20,0.932,0
12586.67,12,32,180000,2,0,0.003,0
103725.0,12,30,140000,1,0,0.36,0
108605.33,12,31,80000,1,0,0.676,0
2674.0,12,32,100000,2,0,0.016,0
45741.67,6,32,25000,2,50,0.935,0
3129.0,12,33,200000,3,20,0.006,1
2013.0,12,32,105000,1,0,0.004,0
2942.33,12,33,220000,1,0,0.005,0
4448.0,12,34,190000,3,0,0.012,0
7779.33,12,33,60000,1,0,0.071,0
32820.0,4,33,55000,1,0,0.431,1
56442.0,8,34,55000,2,30,0.487,1
31521.67,12,34,180000,1,0,0.019,0
201577.0,12,47,100000,1,0,1.0,1
160059.33,12,36,100000,2,0,0.877,1
49497.67,12,35,25000,2,0,1.0,0
14619.33,12,38,200000,1,0,0.058,0
1320.0,8,41,75000,1,20,0.013,0
142056.67,12,39,215000,1,0,0.102,0
21.0,0,35,85000,1,0,0.0,0
26658.0,10,42,150000,1,0,0.079,0
33955.67,12,36,250000,1,0,0.069,0
141009.33,12,34,115000,2,0,0.718,0
50236.0,12,47,25000,2,0,1.0,0
15330.67,10,44,25000,2,20,0.306,1
0.0,0,35,110000,1,10,0.0,0
1440.67,12,39,250000,2,0,0.004,0
70488.0,8,38,175000,2,20,0.202,0
4010.67,4,44,100000,1,0,0.02,0
27680.33,12,35,15000,3,0,0.907,0
831.67,12,36,90000,3,0,0.007,0
9286.0,12,42,25000,2,20,0.179,0
400.33,10,44,40000,1,0,0.013,0
10235.0,12,39,135000,1,0,0.067,0
6884.67,12,39,155000,1,0,0.053,0
384677.33,10,37,225000,1,20,0.86,1
142409.33,10,40,105000,1,20,0.72,1
119054.33,12,39,150000,2,0,0.424,0
70486.0,12,38,30000,2,20,1.0,0
130.0,10,36,180000,1,0,0.001,0
0.0,8,34,140000,1,10,0.0,0
117185.33,12,40,75000,1,0,0.887,1
246.0,12,42,130000,2,0,0.001,0
5218.67,4,39,75000,1,0,0.058,0
65526.0,12,37,90000,2,0,0.345,0
317.67,4,43,60000,1,0,0.001,0
130396.0,10,42,100000,1,20,0.629,0
102785.67,12,43,65000,1,0,0.937,0
45149.67,8,35,25000,2,20,0.909,0
0.0,4,35,215000,1,0,0.0,0
28902.67,12,30,15000,2,0,1.0,1
5611.67,12,30,30000,2,0,0.074,1
1216.67,12,29,90000,1,0,0.008,0
158.67,6,31,180000,3,20,0.0,0
49761.33,12,31,30000,2,0,0.899,0
9619.33,12,31,50000,1,0,0.037,0
75773.67,12,48,40000,2,0,0.929,0
36381.67,12,34,120000,1,20,0.129,0
1266.0,10,35,20000,1,0,0.0,0
73196.0,10,35,40000,2,0,0.966,0
360.0,12,48,60000,1,20,0.003,1
11844.33,12,42,140000,4,0,0.042,0
1138.0,8,41,105000,1,0,0.011,0
49339.0,12,38,35000,2,0,0.692,0
66352.33,8,37,80000,1,20,0.394,1
1975.67,12,47,130000,4,0,0.013,0
38357.33,10,37,50000,1,20,0.386,1
49128.33,10,36,40000,2,20,0.609,1
457.33,6,44,70000,2,10,0.0,0
2747.33,10,40,50000,2,0,0.089,0
19898.0,4,37,25000,1,0,0.586,0
16131.33,10,35,10000,2,30,0.754,0
180463.67,12,35,120000,1,0,0.787,0
17442.67,12,44,45000,2,0,0.182,0
298592.0,12,38,210000,2,0,0.699,0
127914.33,12,33,250000,2,0,0.269,0
5150.67,12,33,175000,1,0,0.017,0
41192.33,12,43,25000,2,0,0.794,0
25427.33,12,40,40000,1,0,0.013,0
0.0,0,42,100000,1,10,0.0,0
68497.33,10,43,120000,1,20,0.28,0
0.0,0,44,15000,2,10,0.0,0
30027.67,12,39,25000,3,0,0.63,0
21969.0,10,46,145000,2,0,0.11,0
16378.33,12,38,10000,3,0,0.893,0
87961.67,12,45,165000,2,0,0.263,0
10051.33,6,36,5000,1,30,0.88,1
129384.0,12,45,185000,1,0,0.334,0
82409.67,12,43,40000,1,0,1.0,0
146363.0,12,40,170000,2,0,0.435,0
0.0,2,31,250000,1,10,0.0,1
295078.0,12,49,230000,1,0,0.638,0
47688.67,12,43,25000,2,0,0.932,1
153958.0,12,44,80000,4,0,0.946,0
71121.67,8,47,40000,2,20,0.853,1
167354.0,10,48,105000,3,0,0.956,0
27612.0,12,35,15000,3,0,0.95,0
30552.33,12,37,15000,2,0,1.0,1
12002.67,2,38,205000,1,0,0.001,0
396944.0,12,35,130000,2,0,1.0,1
23914.0,12,40,25000,2,0,1.0,0
464.33,4,37,180000,3,0,0.003,0
49243.33,12,49,25000,3,0,0.972,0
651.33,10,40,110000,1,20,0.005,0
47500.67,10,50,15000,3,20,1.0,1
23628.67,10,50,115000,2,20,0.103,1
18466.67,2,50,10000,3,50,0.919,0
45705.67,12,45,250000,2,0,0.205,0
35372.0,8,34,25000,1,20,0.67,0
1962.0,10,49,220000,2,0,0.002,0
86827.33,12,50,70000,1,0,0.6,0
34136.67,10,49,240000,1,0,0.133,0
17245.67,10,53,10000,2,0,0.853,1
1391.33,6,52,85000,2,30,0.013,0
212322.0,12,54,130000,2,0,0.816,0
650.0,6,50,70000,1,20,0.006,1
11111.0,0,49,50000,3,0,0.333,0
1928.33,12,65,110000,3,0,0.005,0
390.0,10,61,80000,3,0,0.002,0
11344.0,12,50,10000,2,0,0.851,0
1639.0,10,50,105000,3,0,0.02,1
1024.0,12,50,30000,3,0,0.023,0
37110.33,12,50,95000,1,20,0.19,1
77713.0,12,51,250000,1,0,0.159,0
10046.0,12,50,10000,2,20,0.432,0
160993.67,12,51,230000,1,20,0.39,0
4620.0,12,61,230000,3,0,0.023,0
275109.33,12,56,150000,3,0,0.942,0
60520.0,12,57,245000,2,0,0.121,0
89514.33,12,58,45000,2,0,1.0,0
21754.33,8,55,35000,3,20,0.289,1
17622.0,12,55,10000,2,0,0.837,1
883.33,8,61,10000,2,20,0.074,0
8522.67,12,61,5000,3,0,0.77,1
5879.67,12,53,210000,1,0,0.005,0
9526.33,12,54,100000,2,0,0.054,0
178927.0,12,58,250000,1,0,0.402,0
145605.67,12,55,75000,1,0,0.953,0
46968.67,12,58,25000,3,0,0.924,0
48963.0,12,63,90000,2,0,0.266,0
14797.0,4,52,10000,2,20,0.694,0
136389.67,10,52,75000,2,20,0.88,1
50848.0,10,60,25000,3,20,1.0,0
83282.67,12,54,65000,2,0,0.993,0
145920.33,12,52,185000,1,0,0.654,0
16079.33,12,58,180000,2,0,0.084,1
47549.67,6,54,50000,3,50,0.371,1
77098.33,12,54,25000,3,0,1.0,0
5654.0,10,61,100000,3,0,0.015,1
18096.0,12,53,200000,3,0,0.038,0
18407.67,12,56,10000,2,0,0.888,0
4957.0,0,55,250000,1,30,0.01,1
18737.0,10,49,10000,2,0,0.913,1
237960.67,12,50,120000,4,0,0.985,0
3827.33,12,52,105000,2,0,0.027,0
91348.0,12,54,65000,2,0,0.692,0
18602.0,12,49,65000,3,0,0.159,0
1432.67,4,49,180000,1,20,0.013,1
7107.0,12,55,25000,1,0,0.221,0
11789.0,12,54,250000,1,20,0.021,0
95072.33,12,54,65000,3,20,0.756,0
19283.33,12,55,10000,3,0,0.999,1
4921.33,6,50,240000,1,0,0.0,0
134942.67,12,50,120000,3,0,0.584,0
53990.67,12,51,30000,2,0,1.0,0
154888.0,12,61,225000,1,0,0.349,1
187.67,12,65,175000,3,0,0.001,0
123376.33,12,48,65000,2,20,0.934,1
236813.0,12,48,120000,1,0,0.979,0
47174.0,12,54,25000,2,20,0.929,0
43493.67,12,53,30000,2,0,1.0,0
18475.33,12,50,10000,1,0,0.891,0
27865.0,12,48,15000,2,0,0.895,0
5280.33,12,48,200000,1,0,0.008,0
14566.67,12,50,200000,1,0,0.041,0
410.0,12,48,100000,1,0,0.002,0
122956.33,12,50,130000,2,0,0.512,0
390.0,10,59,15000,1,0,0.013,0
12768.0,6,52,15000,1,0,0.483,1
14594.0,12,54,135000,1,0,0.003,0
158143.0,12,48,130000,3,0,0.596,0
30.67,2,47,105000,2,10,0.0,0
232626.0,10,51,250000,1,20,0.463,0
42494.33,12,49,25000,2,0,0.966,1
99519.0,12,53,80000,1,0,1.0,0
205522.33,12,53,275000,1,0,0.366,0
13864.33,10,54,165000,1,0,0.0,0
58.67,10,60,140000,1,20,0.002,1
205186.33,6,66,200000,1,0,0.699,0
130576.0,12,55,150000,1,0,0.425,0
31015.67,12,56,10000,2,0,1.0,0
8129.33,12,39,140000,1,0,0.006,0
40442.0,10,63,200000,3,0,0.131,0
713.67,6,58,115000,3,0,0.0,0
9000.33,10,53,10000,3,0,0.678,1
10300.0,0,55,25000,3,0,0.618,1
4617.33,12,66,240000,1,0,0.008,0
1433.67,0,50,180000,4,10,0.013,0
10413.33,12,51,55000,3,0,0.019,0
143209.67,10,51,75000,1,0,0.998,0
50118.67,10,54,25000,2,20,0.985,1
68383.33,0,54,100000,1,0,1.0,0
107494.67,12,49,55000,2,0,0.966,0
20115.0,10,55,50000,1,0,0.107,0
7567.33,8,50,10000,1,0,0.573,0
27777.0,12,50,15000,2,0,0.96,0
132315.0,12,60,115000,2,0,0.572,0
10034.33,10,50,25000,3,20,0.178,1
13670.0,2,53,15000,3,0,0.806,0
5052.0,12,55,25000,3,0,0.027,0
124020.0,12,51,65000,3,0,0.959,0
47645.0,12,57,25000,2,0,0.931,0
278.67,12,58,180000,1,20,0.0,1
26116.33,12,56,25000,2,0,0.567,0
1188.67,10,54,75000,1,0,0.027,1
390.0,12,56,120000,2,0,0.002,0
11303.33,12,51,250000,1,0,0.016,0
167626.67,12,61,85000,3,0,0.986,0
91409.0,12,50,175000,1,0,0.268,0
1003.67,8,51,80000,1,20,0.001,1
133.33,8,50,110000,2,20,0.0,0
422753.67,12,53,250000,4,0,0.862,0
2011.67,6,51,230000,1,0,0.004,0
520.0,8,50,25000,1,20,0.016,0
318193.67,12,50,370000,1,0,0.434,0
3769.67,12,50,25000,3,0,0.141,0
222523.0,12,51,145000,1,0,0.778,0
239470.67,12,57,160000,1,0,0.733,0
12635.33,12,52,210000,1,0,0.026,0
2495.0,10,50,250000,3,0,0.001,0
395145.0,12,52,225000,1,0,0.862,0
0.0,2,54,60000,1,0,0.0,0
60957.33,12,56,40000,2,0,0.815,0
10657.0,12,56,125000,3,0,0.025,0
0.0,0,75,90000,1,10,0.0,1
0.0,2,52,130000,3,10,0.0,0
2367.33,12,52,10000,2,0,0.096,0
1055.33,10,63,110000,3,0,0.006,0
46933.33,12,61,45000,1,0,0.516,0
203146.67,12,75,105000,2,0,0.979,0
3157.67,10,72,150000,3,20,0.017,0
30288.67,0,56,15000,3,70,1.0,1
20047.0,12,55,45000,2,0,0.167,0
0.0,0,56,150000,3,0,0.0,1
525878.33,10,54,250000,1,20,1.0,1
55223.0,12,37,85000,2,0,0.009,0
101367.33,12,28,75000,3,0,0.671,0
12340.33,12,25,180000,2,0,0.058,0
70578.33,12,46,35000,2,0,1.0,0
5302.0,12,33,175000,1,0,0.017,0
28948.67,12,27,25000,3,0,0.598,0
21654.0,10,27,25000,2,20,0.406,1
72435.67,10,26,35000,2,20,1.0,1
29769.67,6,24,15000,2,20,0.988,0
26885.0,12,23,15000,3,0,0.871,0
410.67,10,37,130000,2,10,0.0,0
8433.67,8,22,15000,2,20,0.754,1
31736.0,12,34,120000,2,0,0.0,0
41660.33,6,29,40000,1,20,0.517,1
10738.0,10,27,20000,1,0,0.242,0
9162.0,10,30,65000,1,30,0.07,1
57971.67,12,41,30000,3,0,0.938,0
2033.0,12,28,125000,2,0,0.002,0
50091.33,12,25,30000,2,0,0.847,0
2252.33,4,27,195000,1,10,0.0,0
23256.33,10,29,55000,3,20,0.211,0
28018.33,8,22,15000,2,20,0.907,0
49023.67,6,23,25000,3,40,0.881,0
8618.0,8,21,5000,2,20,0.813,0
7669.33,12,22,25000,1,0,0.16,0
850.67,12,22,40000,2,10,0.0,0
29265.0,12,21,15000,2,0,0.955,0
32036.33,10,21,15000,1,20,1.0,1
48316.33,10,22,25000,2,20,0.891,0
51081.67,10,22,25000,2,20,1.0,0
20514.0,8,22,25000,3,40,0.401,0
7995.33,12,22,5000,1,0,0.73,0
16225.0,12,23,25000,3,0,0.656,0
6425.33,8,23,25000,2,30,0.144,0
5615.33,8,22,5000,2,0,0.783,0
9444.33,10,21,5000,2,20,0.992,1
60521.67,12,22,35000,2,0,0.943,0
18311.0,10,22,10000,2,0,0.869,0
26791.67,8,22,15000,2,20,0.875,0
22937.33,12,22,15000,1,0,0.742,0
30261.67,12,23,25000,3,0,0.59,0
78863.33,12,22,50000,2,0,1.0,0
26129.67,10,23,15000,2,0,0.759,0
4037.33,6,22,10000,2,20,0.22,1
45253.67,10,23,25000,1,20,0.892,1
35826.0,6,25,15000,2,40,1.0,0
27855.0,12,23,15000,2,20,0.907,1
24698.67,10,23,15000,2,0,0.775,0
18123.33,6,23,10000,2,20,0.834,0
12941.33,6,23,15000,2,20,0.413,1
25300.67,12,23,25000,1,0,0.796,0
55618.0,6,23,40000,2,0,0.682,0
178.33,8,24,15000,2,10,0.0,0
8364.0,12,22,5000,2,20,0.757,0
21070.67,12,23,15000,2,0,0.669,1
1062.0,2,24,10000,1,0,0.095,0
2263.0,12,22,15000,2,0,0.104,0
116621.0,12,23,60000,1,0,0.975,0
21389.33,10,23,15000,1,0,0.678,0
541.0,12,23,55000,2,0,0.005,0
12299.33,10,23,15000,2,20,0.376,0
42646.33,12,23,40000,2,0,0.65,0
16783.67,12,23,10000,1,0,0.892,0
27559.67,12,23,85000,3,0,0.168,0
12374.67,12,24,60000,1,0,0.094,0
2249.67,6,23,15000,2,20,0.048,0
47504.0,10,23,25000,1,0,0.994,0
300.0,10,29,100000,2,10,0.0,0
15594.0,12,23,15000,1,0,0.485,1
10369.67,12,23,45000,2,0,0.126,0
51456.0,12,24,25000,2,0,1.0,0
35785.33,12,23,25000,1,0,0.802,0
39277.0,10,24,75000,2,20,0.437,0
6954.0,8,24,5000,1,20,0.678,0
109449.33,12,24,65000,3,0,0.881,1
820.33,12,23,35000,2,0,0.004,0
14814.33,8,23,20000,1,20,0.358,0
53752.67,12,24,100000,2,0,0.261,0
111704.67,12,25,55000,2,20,1.0,0
28890.0,10,25,40000,2,20,0.336,0
31279.33,12,24,45000,1,0,0.591,0
27285.33,12,24,15000,2,0,0.906,0
15001.0,12,22,10000,3,0,0.803,0
22450.0,12,24,15000,1,0,0.718,0
1451.0,6,24,115000,2,0,0.009,1
1572.0,12,24,25000,2,0,0.031,0
39066.33,10,25,40000,2,20,0.461,1
129679.67,10,25,65000,2,0,0.992,0
1126.0,2,25,75000,1,20,0.019,1
3410.0,12,25,40000,3,0,0.042,0
126135.0,10,26,70000,2,20,0.938,0
38174.33,12,26,75000,1,0,0.257,0
49287.67,12,24,25000,2,0,1.0,0
59924.67,12,26,40000,1,0,0.782,0
49062.67,10,25,65000,2,20,0.347,0
2017.0,12,26,20000,1,0,0.03,0
41033.0,10,24,70000,2,20,0.276,1
19128.0,8,25,15000,1,0,0.021,0
33256.67,12,25,250000,2,0,0.076,0
37305.0,12,25,135000,2,0,0.143,0
47702.33,10,23,30000,2,20,0.998,0
1250.0,0,23,60000,2,50,0.01,0
36890.33,10,24,65000,2,0,0.276,0
31797.0,8,25,15000,2,20,1.0,0
53651.33,12,25,145000,2,0,0.198,0
23575.67,10,24,15000,1,20,0.797,1
50614.33,12,26,25000,2,0,1.0,0
118925.0,12,25,105000,3,0,0.564,1
26451.67,12,23,15000,1,20,0.846,1
23515.0,8,23,30000,2,20,0.371,0
25999.0,12,23,25000,3,20,0.657,1
3510.67,12,23,40000,1,0,0.009,0
41042.0,8,24,25000,2,20,0.83,1
38420.67,10,23,45000,2,30,0.442,0
3577.0,10,23,25000,1,20,0.0,1
48528.67,12,23,25000,1,20,0.986,1
14362.33,12,23,10000,2,0,0.665,0
166634.33,12,23,75000,2,0,1.0,0
89965.0,12,24,55000,2,0,0.899,0
9614.0,4,24,70000,2,0,0.162,0
30556.67,12,25,15000,2,0,1.0,0
42865.67,10,25,60000,2,0,0.434,0
77957.67,12,25,40000,2,0,0.968,0
37654.67,12,26,40000,2,0,0.537,0
78399.67,10,25,40000,2,0,1.0,0
2698.67,12,25,25000,2,0,0.149,0
28647.67,12,22,15000,2,0,0.982,0
15501.0,10,22,40000,3,0,0.288,0
28324.0,10,23,15000,2,0,0.959,1
11704.67,12,23,25000,3,0,0.268,0
40190.0,12,27,85000,1,0,0.247,0
34833.67,12,27,40000,3,0,0.677,1
10034.67,12,26,105000,2,0,0.074,0
99587.33,8,26,80000,1,20,0.627,0
2774.0,12,26,75000,2,0,0.002,0
68955.0,12,24,35000,3,0,0.986,0
59011.33,12,23,30000,3,20,1.0,0
45021.67,12,22,25000,2,0,0.908,0
120845.33,12,26,70000,2,20,0.846,1
79716.33,12,26,40000,2,20,0.985,0
20517.0,12,26,40000,2,0,0.503,0
34072.33,12,26,30000,1,0,0.61,0
70595.67,12,27,100000,1,0,0.431,0
22710.0,10,27,50000,1,0,0.192,0
76136.33,12,26,50000,1,0,0.815,0
92568.33,12,26,40000,2,0,0.972,1
72176.33,12,22,35000,2,0,1.0,0
12200.0,12,24,40000,2,0,0.24,0
48281.33,12,24,30000,2,0,0.847,0
66577.0,12,24,40000,2,0,0.905,0
47952.0,12,24,25000,2,0,0.974,0
79949.0,12,24,40000,1,20,0.993,1
24306.0,12,23,15000,2,0,0.82,0
8713.67,12,25,25000,1,0,0.183,0
86682.67,12,25,40000,3,0,1.0,0
15955.33,8,21,10000,2,20,0.716,0
76648.67,12,25,40000,2,0,0.988,0
92870.33,12,25,50000,1,0,0.91,0
13935.67,2,25,15000,1,30,0.491,1
165874.0,6,25,100000,1,0,0.918,0
36106.0,12,25,30000,2,0,0.583,1
40211.33,12,24,85000,2,0,0.262,0
16814.33,10,24,10000,1,20,0.773,1
27484.33,12,25,115000,1,0,0.153,0
61002.0,10,25,25000,2,30,1.0,0
101084.33,8,25,45000,2,20,1.0,1
15536.33,4,25,35000,1,0,0.076,0
46649.67,12,25,25000,1,0,0.9,0
23004.33,8,26,60000,2,0,0.285,0
34469.33,10,26,25000,3,20,0.669,1
2548.0,12,27,190000,1,0,0.0,0
832.33,6,27,70000,1,10,0.0,1
125701.67,12,27,100000,2,0,0.789,0
25201.67,8,26,30000,2,0,0.399,0
81298.0,12,25,40000,3,0,1.0,0
70068.33,12,28,135000,1,0,0.261,0
19975.67,10,28,75000,2,0,0.171,0
103967.67,12,27,130000,3,0,0.408,0
188440.33,12,27,100000,4,0,0.926,0
62476.33,12,27,45000,1,0,0.687,0
55909.67,8,29,100000,2,20,0.29,0
326.0,12,29,100000,3,0,0.002,0
25893.67,8,25,15000,2,20,0.789,1
100396.0,12,27,90000,1,0,0.563,0
9808.0,12,28,15000,2,0,0.29,0
37725.0,12,28,260000,1,0,0.066,0
3710.33,12,28,40000,3,0,0.021,0
58395.67,12,28,60000,3,0,0.482,0
659.33,12,27,180000,1,0,0.002,0
45308.33,10,27,25000,1,0,0.888,0
107975.67,8,27,100000,2,0,0.542,0
27039.33,8,24,15000,2,0,0.791,1
14841.0,10,24,25000,2,20,0.334,0
3503.33,12,25,40000,1,0,0.062,0
21068.33,12,25,25000,2,0,0.802,0
1764.33,12,26,60000,2,0,0.014,0
260.0,2,27,105000,4,10,0.0,0
77657.33,12,22,40000,2,0,0.955,0
45763.33,12,25,25000,1,0,0.968,0
1916.0,10,25,150000,2,0,0.006,0
3370.33,10,26,50000,1,20,0.024,0
390.0,6,26,40000,2,0,0.005,1
1190.0,12,26,65000,1,0,0.008,0
12822.0,12,27,40000,2,0,0.257,0
8176.33,10,27,80000,1,10,0.0,1
115390.67,12,27,65000,1,0,0.986,0
4701.0,2,23,15000,1,30,0.221,0
6327.67,12,23,25000,1,0,0.197,0
18111.33,12,22,10000,2,0,0.979,0
19376.67,10,23,70000,2,0,0.15,0
55552.0,12,25,90000,1,0,0.349,0
18316.0,12,26,200000,3,0,0.046,0
288.0,12,26,130000,2,0,0.0,0
264176.67,12,26,130000,2,0,1.0,0
2291.0,12,26,90000,2,0,0.013,0
0.0,4,27,80000,1,10,0.0,0
18246.0,8,25,10000,2,20,0.875,0
28084.67,12,25,15000,2,0,0.962,0
18713.67,12,25,125000,2,0,0.053,0
41593.33,12,25,40000,1,0,0.51,0
51415.67,2,24,45000,1,0,0.865,0
0.0,2,28,25000,1,0,0.0,0
39096.67,10,27,105000,1,20,0.188,0
11472.0,12,27,100000,1,0,0.043,0
30467.67,12,28,160000,2,0,0.033,0
4902.33,4,32,100000,1,0,0.071,0
3104.33,4,27,40000,2,20,0.05,1
32471.0,12,26,70000,3,0,0.237,0
76593.67,12,27,40000,1,0,0.977,0
16572.33,8,29,100000,1,0,0.057,0
2231.0,10,30,115000,2,20,0.01,1
111413.67,6,28,115000,1,0,1.0,0
15174.67,8,26,10000,3,0,0.677,0
62628.67,12,27,45000,2,0,1.0,0
5820.67,4,26,65000,2,20,0.04,1
5619.33,12,29,160000,2,0,0.016,0
36131.33,10,29,15000,2,20,1.0,0
35047.33,10,29,120000,1,20,0.137,1
4460.33,12,29,180000,1,0,0.002,0
5851.67,4,28,15000,1,0,0.452,0
231531.67,10,28,120000,3,20,1.0,1
0.0,6,28,160000,1,0,0.0,0
110577.33,8,28,205000,1,0,0.514,0
43556.33,12,29,110000,2,20,0.198,0
114.33,8,26,120000,1,0,0.0,0
2515.67,12,26,100000,1,0,0.011,0
73641.0,12,25,40000,4,0,0.909,0
18213.0,12,25,10000,1,0,0.899,0
6270.33,10,24,10000,1,0,0.234,0
1650.33,10,26,150000,2,0,0.004,0
18828.33,12,26,170000,1,20,0.051,0
12309.0,12,27,150000,2,0,0.05,0
0.0,0,26,175000,1,0,0.0,0
16913.0,12,24,10000,1,20,0.923,1
65625.67,12,24,45000,1,0,0.773,0
78514.0,12,27,40000,2,0,0.963,1
7103.0,6,28,10000,2,0,0.303,0
204180.33,12,28,120000,1,0,0.849,0
616.0,8,27,75000,1,30,0.006,1
41717.0,12,27,50000,1,0,0.406,1
8197.67,12,24,75000,2,10,0.0,0
45136.0,4,27,25000,1,0,0.904,0
110911.33,12,27,130000,1,0,0.421,0
128397.67,12,27,70000,1,0,0.919,0
21533.33,10,24,15000,1,0,0.854,0
16801.67,12,23,45000,2,0,0.133,0
6232.67,12,23,25000,2,0,0.104,1
36375.33,12,31,115000,2,0,0.044,0
56450.0,12,30,35000,3,20,0.791,1
55033.0,12,30,150000,1,0,0.178,0
43597.67,10,27,150000,1,0,0.016,0
106431.67,12,29,55000,1,0,0.955,1
6787.33,10,27,15000,2,0,0.15,0
5770.33,4,27,10000,2,20,0.866,1
1997.0,8,22,15000,1,0,0.028,0
39184.33,10,31,175000,1,0,0.141,0
16647.67,12,30,100000,1,0,0.051,0
4067.33,4,31,100000,1,0,0.054,0
35320.0,12,26,25000,2,0,0.838,0
87923.0,10,26,50000,2,20,0.887,1
11599.33,12,26,70000,2,0,0.163,0
48700.33,8,22,25000,3,20,0.93,0
35436.0,10,22,25000,1,0,0.768,0
109588.33,10,27,80000,1,20,0.609,0
123420.0,12,28,85000,2,0,0.182,0
41864.0,12,28,80000,1,0,0.255,0
1250.0,0,28,50000,3,50,0.012,0
94421.0,12,29,50000,1,0,0.944,0
20550.0,0,23,100000,2,0,0.308,1
306401.0,12,27,180000,1,0,0.826,0
142077.67,12,27,80000,1,0,0.997,0
131657.0,12,30,250000,1,0,0.274,0
45750.67,12,30,25000,1,0,0.92,0
89774.33,10,25,45000,2,20,0.965,0
501.33,12,25,150000,2,0,0.003,0
52797.0,12,28,60000,1,0,0.421,1
7336.67,6,28,150000,1,0,0.047,1
20218.0,12,28,250000,1,0,0.039,0
16335.67,12,28,25000,2,0,0.306,0
17972.33,12,26,10000,2,0,0.907,0
39391.67,0,27,120000,1,0,0.492,0
38251.0,12,27,105000,2,0,0.219,0
15650.0,10,24,25000,3,10,0.0,0
38300.67,6,25,25000,2,0,0.854,0
4270.67,4,25,30000,1,0,0.025,0
309052.33,12,28,155000,2,0,1.0,0
52447.33,8,28,70000,1,30,0.34,1
391.67,2,27,160000,2,0,0.004,0
21473.67,12,27,45000,2,0,0.227,0
279098.33,12,27,140000,2,0,1.0,0
1676.33,6,25,40000,3,0,0.044,1
167669.67,12,25,85000,1,0,1.0,0
2374.67,8,30,120000,2,20,0.0,1
26804.67,12,23,15000,1,20,0.856,1
67493.67,12,24,60000,2,0,0.581,0
31208.0,8,23,25000,2,0,0.968,0
8022.33,8,23,5000,2,0,0.697,0
45964.0,12,24,40000,1,0,0.703,0
43171.67,10,28,85000,1,20,0.247,0
307.0,2,28,180000,2,0,0.0,1
24705.67,8,33,55000,1,20,0.22,1
16294.33,12,34,105000,2,0,0.07,0
88000.0,8,34,75000,4,0,0.553,0
18760.33,12,34,100000,2,0,0.089,0
185753.0,10,26,70000,2,20,1.0,1
43893.33,12,27,40000,2,0,0.565,1
173217.67,12,24,120000,3,0,0.57,0
47342.33,12,29,25000,2,0,0.971,0
41023.0,12,28,40000,1,0,0.496,0
31711.0,2,24,35000,4,0,0.681,0
7192.33,10,24,25000,1,0,0.065,0
12565.0,12,28,90000,1,0,0.036,0
107991.33,12,29,55000,1,20,0.976,0
317338.0,12,29,150000,2,0,1.0,1
45199.33,12,29,105000,4,0,0.209,0
3068.0,12,29,100000,1,0,0.036,0
0.0,0,28,50000,2,10,0.0,1
68994.0,12,31,35000,3,20,0.974,1
67605.0,12,31,125000,1,0,0.27,0
126.67,6,31,300000,1,0,0.0,0
3485.33,12,31,160000,2,0,0.008,0
118410.67,12,31,90000,2,0,1.0,0
66114.67,12,27,55000,1,0,0.636,0
18710.0,10,22,10000,1,20,0.938,0
3117.67,12,22,30000,3,0,0.067,0
3872.0,12,30,160000,2,0,0.012,0
39939.33,12,29,160000,1,0,0.133,0
112116.67,12,29,55000,2,0,1.0,0
71313.33,12,28,40000,3,0,0.898,0
100289.0,12,29,250000,3,0,0.221,0
551.67,4,31,95000,3,0,0.008,0
21421.33,10,27,40000,2,0,0.293,0
6602.67,12,29,45000,1,0,0.045,0
165749.67,10,29,70000,3,20,1.0,0
298.67,2,31,100000,1,10,0.0,0
4262.67,10,31,125000,1,0,0.009,0
0.0,2,32,130000,1,10,0.0,0
1233.33,0,28,110000,2,0,0.017,1
33286.67,12,29,55000,2,0,0.457,0
85135.33,12,27,105000,2,0,0.397,0
211468.33,12,30,190000,2,0,0.778,0
281.0,6,26,60000,1,10,0.0,0
56795.0,12,25,30000,1,0,0.936,0
82226.33,8,24,50000,2,30,0.816,1
18810.67,12,24,10000,1,0,0.958,0
20117.33,12,25,15000,2,0,0.644,1
45870.0,12,26,25000,1,0,0.967,0
74424.67,10,26,100000,1,20,0.358,1
390.0,12,25,105000,1,0,0.002,0
0.0,0,25,120000,2,0,0.0,0
9283.33,10,33,75000,3,0,0.063,0
4534.33,12,34,165000,1,0,0.014,0
22333.67,8,34,140000,2,20,0.0,0
0.0,0,33,105000,1,10,0.0,0
6527.33,6,34,200000,1,0,0.025,0
146198.33,12,33,100000,1,0,0.736,0
58927.67,12,32,30000,2,0,0.996,0
4118.0,4,34,25000,2,0,0.056,0
10152.33,8,31,180000,1,0,0.001,0
1351.33,12,31,150000,1,0,0.005,0
2763.67,8,33,5000,2,20,0.0,0
3076.33,4,32,210000,1,0,0.021,0
195274.0,12,32,110000,3,0,0.951,0
30938.0,10,34,65000,2,20,0.223,1
0.0,0,34,100000,1,0,0.0,0
33841.67,10,33,25000,1,20,0.633,0
255531.0,12,33,150000,2,0,0.829,0
390.0,6,44,60000,2,0,0.003,1
10841.67,12,35,180000,1,0,0.004,0
0.0,0,35,25000,3,10,0.0,0
152.0,4,37,115000,1,20,0.0,0
39061.0,12,37,25000,2,0,0.972,0
22645.67,12,38,15000,2,0,0.958,0
167636.67,12,45,75000,3,20,1.0,1
4946.67,12,44,35000,3,0,0.131,0
42435.33,12,35,160000,1,0,0.139,0
0.0,0,41,165000,1,10,0.0,1
107673.33,12,37,60000,2,0,0.887,0
5427.33,8,36,180000,1,0,0.038,0
28544.33,10,40,15000,2,20,0.967,0
48520.0,12,39,75000,3,0,0.401,0
18078.33,6,49,15000,2,20,0.589,1
62390.67,12,46,75000,2,0,0.514,0
7865.0,12,37,235000,1,0,0.027,0
412146.67,12,42,205000,2,0,0.995,0
0.0,2,43,195000,3,10,0.0,1
184870.33,12,37,160000,2,0,0.633,0
6894.67,10,40,225000,3,0,0.024,0
65721.67,12,42,35000,2,20,1.0,0
6273.33,12,44,25000,2,0,0.107,0
83845.67,12,46,50000,3,20,0.804,0
89328.33,12,28,55000,1,0,0.83,0
123962.67,12,28,140000,2,0,0.427,0
279936.0,12,28,250000,1,0,0.604,0
117143.0,12,30,180000,1,0,0.406,0
1724.33,4,30,90000,2,20,0.015,0
233983.0,12,31,240000,2,0,0.504,0
4271.0,10,39,225000,1,0,0.008,0
78734.0,12,26,40000,1,0,0.952,0
72312.0,12,25,145000,2,0,0.271,0
173870.67,12,27,250000,2,0,0.39,0
3157.67,8,37,100000,1,0,0.046,0
19088.67,4,43,65000,3,30,0.151,1
268874.33,12,34,180000,2,0,0.785,0
62815.67,12,34,150000,2,0,0.2,0
71752.33,12,41,35000,2,0,1.0,1
921.67,12,44,40000,3,0,0.01,0
24711.0,10,36,15000,1,20,0.778,1
267638.0,12,30,140000,2,0,0.848,0
50262.0,12,46,105000,3,0,0.223,0
58147.33,12,41,40000,3,0,0.74,0
2582.0,12,37,130000,1,0,0.015,0
10846.67,12,36,60000,3,0,0.082,1
35729.33,12,32,75000,1,20,0.234,0
100.0,8,31,90000,2,20,0.0,0
55026.67,12,34,70000,2,0,0.405,0
186628.0,12,34,185000,3,0,0.281,0
26347.0,6,35,15000,2,30,0.907,1
140364.0,12,33,80000,2,0,0.876,0
1810.0,10,33,30000,2,20,0.071,1
190890.33,12,34,115000,1,20,0.809,1
62386.33,12,37,40000,2,0,0.872,0
2099.33,0,37,180000,2,20,0.016,0
130309.67,10,42,65000,2,20,1.0,1
6833.33,10,35,250000,1,0,0.005,0
93656.0,12,47,180000,2,0,0.26,0
118627.0,12,38,60000,3,0,0.983,0
82031.0,10,36,75000,2,0,0.535,0
6162.0,0,37,60000,2,0,0.154,0
93615.0,10,35,95000,1,20,0.588,0
1341.0,12,43,115000,3,0,0.002,0
46914.67,8,43,25000,3,0,0.916,0
366.67,10,45,10000,3,0,0.02,0
17912.67,12,38,50000,3,0,0.166,0
211637.33,12,40,100000,4,0,1.0,0
126794.0,12,38,80000,2,0,0.831,0
52.67,8,32,80000,1,0,0.001,0
32117.67,10,39,25000,3,20,0.621,1
210.67,8,26,50000,1,10,0.0,0
34991.33,12,44,210000,1,20,0.085,0
2652.67,12,38,250000,2,0,0.0,0
0.0,0,41,180000,1,0,0.0,1
1065.33,12,28,95000,1,0,0.0,0
13473.33,0,32,60000,2,0,0.337,0
13588.67,8,33,150000,2,0,0.054,0
45951.0,12,31,25000,2,0,0.886,0
104125.0,12,29,145000,1,0,0.34,0
88925.33,12,29,120000,2,0,0.384,0
93143.0,12,28,60000,2,0,0.864,0
148105.0,12,30,75000,2,0,0.976,0
2035.33,12,31,135000,1,0,0.001,0
13484.0,10,31,155000,1,0,0.029,0
7352.0,10,42,10000,2,30,0.317,1
67929.67,12,29,35000,1,0,0.948,0
19970.0,12,29,145000,2,0,0.071,0
434.67,6,38,60000,2,20,0.005,0
94239.0,10,48,70000,3,0,1.0,0
65696.33,12,43,110000,1,0,0.295,0
210262.0,12,28,120000,1,0,0.802,0
87812.67,12,30,160000,2,0,0.284,0
26571.0,10,30,25000,2,20,0.508,1
32740.67,12,30,50000,1,0,0.437,0
14832.0,8,30,35000,2,20,0.203,1
50272.0,10,30,115000,1,0,0.279,0
2401.67,4,30,60000,2,20,0.048,0
321549.67,12,31,175000,1,0,0.899,0
43687.0,10,34,35000,1,20,0.619,1
38874.67,12,31,25000,3,0,0.781,0
2589.0,12,32,75000,1,0,0.013,0
10057.33,12,34,205000,3,0,0.006,0
43074.67,12,34,205000,1,0,0.107,0
5151.67,12,35,200000,1,0,0.011,0
26815.33,12,34,25000,2,0,0.523,0
32827.33,12,39,195000,1,0,0.104,0
13395.67,10,36,180000,1,0,0.012,0
495.0,10,36,15000,2,0,0.011,0
373.33,12,42,150000,2,0,0.0,0
251.33,2,44,85000,1,0,0.004,0
36393.67,12,44,20000,2,20,0.888,1
42959.67,12,38,215000,1,0,0.096,0
1647.0,10,47,65000,2,0,0.018,1
13228.0,12,42,225000,2,0,0.017,0
90471.0,12,29,45000,1,0,1.0,0
3338.67,10,43,95000,1,0,0.009,0
13827.33,12,38,105000,1,0,0.065,0
16904.0,12,43,10000,2,0,0.826,1
0.0,0,36,100000,1,10,0.0,0
122.67,8,29,80000,1,0,0.0,0
148629.67,10,30,110000,2,20,0.693,0
5069.67,10,31,115000,1,0,0.01,0
594.67,4,32,145000,1,0,0.005,0
18966.33,12,33,180000,1,0,0.057,0
4475.0,8,33,80000,2,0,0.061,0
0.0,0,34,120000,2,0,0.0,0
7440.0,12,35,130000,2,0,0.017,0
10981.67,12,34,50000,2,0,0.148,0
27648.33,12,42,35000,3,0,0.315,0
48418.67,10,25,85000,2,20,0.336,0
22327.33,10,26,20000,2,0,0.725,0
44863.67,12,47,40000,2,0,0.986,0
29384.0,12,25,15000,1,0,0.989,0
770.0,2,25,70000,1,10,0.0,1
20875.33,12,27,115000,2,0,0.108,0
36612.67,12,39,100000,2,0,0.177,0
10871.67,12,35,200000,1,0,0.012,0
136260.0,10,38,85000,2,20,0.805,0
923.0,6,43,135000,3,0,0.01,0
3800.67,6,39,15000,2,0,0.135,0
0.0,2,46,100000,2,0,0.0,0
90.33,2,31,140000,1,20,0.0,0
476130.67,12,32,210000,2,0,1.0,0
26894.67,12,43,15000,3,20,1.0,1
104380.0,12,41,90000,2,0,0.616,0
277957.0,12,31,145000,2,0,0.981,0
12984.33,10,32,10000,2,20,0.569,0
40.0,6,38,250000,3,0,0.0,0
223793.0,12,42,170000,2,0,0.667,0
88002.0,12,39,135000,2,0,0.318,0
31843.33,10,41,75000,3,10,0.0,0
2668.67,10,33,20000,2,20,0.046,0
10292.33,12,34,180000,1,0,0.017,0
136560.33,12,34,250000,2,0,0.29,0
31170.33,12,47,140000,2,0,0.045,0
37929.33,12,43,25000,2,0,0.861,0
12191.67,10,42,165000,1,0,0.002,1
26021.33,12,46,180000,3,0,0.042,0
185558.33,12,40,170000,3,0,0.572,0
1274.33,12,26,250000,1,0,0.003,0
46977.33,6,34,135000,1,20,0.25,0
106412.67,12,40,60000,3,0,0.853,0
1068.0,12,39,70000,2,0,0.004,0
6484.33,12,27,100000,2,0,0.032,0
20165.0,12,45,25000,3,0,0.402,0
44188.0,12,28,110000,1,0,0.252,0
52754.33,8,43,40000,1,0,1.0,0
943.0,6,45,100000,3,0,0.002,0
2153.67,8,29,10000,1,10,0.0,0
528.0,8,29,130000,1,20,0.003,1
114076.33,12,29,215000,1,0,0.259,0
23481.0,12,39,180000,1,0,0.06,0
10653.67,12,30,250000,1,0,0.033,0
48793.67,10,45,25000,3,20,0.995,0
47125.67,12,47,25000,2,0,0.923,0
3.0,4,35,180000,1,0,0.0,0
4924.33,12,36,5000,3,0,0.367,0
2991.0,10,32,110000,1,10,0.0,0
102980.67,12,33,55000,2,0,0.938,1
289325.33,12,34,145000,2,0,0.98,0
29638.67,12,35,55000,2,0,0.263,0
200.0,4,40,60000,2,10,0.0,0
83855.0,12,46,70000,2,0,0.589,0
205427.67,12,38,250000,2,0,0.485,0
2373.33,12,45,180000,1,0,0.009,0
390.0,2,44,140000,2,0,0.001,1
10787.33,12,38,110000,2,0,0.101,1
156984.67,12,30,105000,2,0,0.756,0
687.33,2,38,85000,1,0,0.005,0
16251.67,12,23,25000,1,0,0.304,0
71419.33,12,34,150000,1,20,0.25,1
1333.33,12,30,80000,1,0,0.012,1
302977.67,8,26,160000,2,30,0.95,1
189566.33,12,37,140000,3,0,0.711,0
42917.67,12,31,145000,1,0,0.144,0
19561.67,10,41,10000,3,20,0.954,0
300874.0,12,37,40000,3,0,0.597,0
0.0,0,47,100000,3,10,0.0,0
2280.0,2,29,135000,1,0,0.004,0
10661.0,12,46,100000,1,0,0.053,0
125216.67,12,39,65000,2,0,0.968,0
25343.67,10,35,15000,2,20,0.846,1
1045.0,12,29,30000,2,0,0.017,0
88395.33,10,34,90000,1,20,0.473,1
46110.33,10,45,45000,2,20,0.509,1
30660.0,10,43,215000,1,0,0.07,0
28582.0,10,37,15000,2,30,0.922,1
176298.67,12,40,95000,2,0,0.963,1
182708.0,12,31,120000,1,20,0.748,1
731.0,4,33,120000,1,0,0.009,0
42231.0,10,38,120000,2,20,0.137,0
997.33,12,41,80000,2,10,0.0,0
102148.0,12,28,55000,2,20,0.874,0
8715.0,12,30,180000,1,0,0.039,0
128805.67,12,43,65000,3,0,0.977,1
3367.33,8,38,15000,2,20,0.081,1
12200.0,8,30,185000,1,0,0.046,0
118369.0,12,31,60000,3,20,1.0,0
226.67,4,31,50000,2,10,0.0,0
7187.0,6,33,40000,4,0,0.073,0
103050.0,12,30,60000,2,0,0.847,0
125750.33,12,33,145000,2,0,0.516,0
137636.33,12,35,75000,3,0,0.967,0
309694.0,12,28,135000,2,0,1.0,0
15144.0,12,29,10000,2,0,0.882,0
143.33,2,31,180000,1,0,0.0,1
7174.33,12,30,160000,1,0,0.002,0
40769.0,12,31,130000,1,0,0.127,0
833.33,0,38,160000,1,20,0.008,1
267176.67,12,32,180000,1,0,0.756,0
991.0,12,40,95000,1,0,0.005,0
220446.33,12,31,165000,1,0,0.402,0
41450.0,12,33,45000,2,20,0.302,1
105785.0,10,41,120000,1,30,0.427,0
11116.67,12,30,140000,1,0,0.029,0
14092.0,12,31,180000,1,0,0.055,0
56474.0,12,33,175000,1,0,0.237,1
59873.33,12,33,210000,2,0,0.124,0
255852.0,12,42,140000,2,0,0.972,0
77069.67,12,44,35000,2,0,1.0,0
134968.33,12,32,70000,1,0,0.94,0
58297.0,12,31,30000,2,0,0.952,0
89470.0,10,33,55000,2,20,0.772,0
64.67,10,46,150000,2,10,0.0,0
53645.0,10,41,40000,3,0,0.976,0
3567.0,0,32,100000,2,0,0.054,0
722.0,12,42,225000,2,0,0.0,0
138333.33,12,43,70000,3,0,1.0,0
16406.67,8,37,75000,1,0,0.135,0
74478.67,12,31,40000,2,0,1.0,0
4610.33,12,35,100000,2,0,0.015,0
0.0,0,44,180000,2,10,0.0,1
47476.67,10,37,80000,2,20,0.287,0
4511.33,10,33,100000,1,0,0.045,0
2938.67,12,35,75000,1,0,0.02,0
390.0,12,38,25000,2,0,0.008,0
201618.33,12,45,180000,2,0,0.618,0
55798.67,12,32,250000,1,0,0.186,0
174494.0,12,31,110000,1,0,0.995,0
3068.67,12,37,110000,2,0,0.012,0
79646.33,12,45,40000,2,0,0.975,0
3000.0,12,38,100000,2,0,0.015,0
38158.67,12,38,50000,1,20,0.376,1
0.0,2,32,130000,1,0,0.0,1
18995.0,12,37,150000,4,0,0.0,0
390.0,4,44,80000,3,0,0.002,0
50269.33,12,35,25000,2,0,1.0,0
1196.67,6,38,75000,3,20,0.02,0
68653.33,10,27,35000,1,20,1.0,0
68229.0,10,27,40000,2,20,0.828,0
222.0,2,28,50000,1,0,0.0,0
62255.33,12,30,75000,2,0,0.466,0
132.0,12,35,170000,2,0,0.0,0
27082.0,8,39,105000,3,20,0.127,0
2312.33,10,28,120000,1,0,0.023,0
44475.33,12,35,125000,1,0,0.004,0
9153.33,10,38,100000,1,0,0.075,0
48590.67,10,36,25000,1,20,0.946,0
8543.67,12,35,225000,1,0,0.016,0
11228.0,12,38,100000,1,0,0.067,0
88211.67,12,47,175000,2,0,0.279,1
866.0,2,45,100000,1,0,0.012,0
544081.0,12,44,265000,2,0,1.0,1
42988.0,12,45,30000,3,0,1.0,0
2134.67,6,30,140000,1,0,0.011,0
188817.67,12,34,105000,1,0,0.752,0
1956.33,6,34,105000,1,20,0.018,1
245326.67,12,46,210000,2,0,0.605,0
2284.33,10,45,40000,2,0,0.032,0
2277.33,0,31,85000,1,0,0.04,0
52892.67,12,35,40000,2,0,0.609,0
56058.0,12,38,255000,2,0,0.187,0
86704.33,12,31,55000,2,0,0.998,0
6851.33,2,31,5000,2,0,1.0,1
3.0,2,32,150000,1,0,0.0,0
59590.33,10,32,30000,2,20,1.0,1
196121.67,12,33,100000,2,0,0.971,0
7788.0,10,35,115000,2,0,0.031,0
580.67,6,45,250000,1,0,0.0,0
43996.33,6,47,25000,2,20,0.869,1
149437.67,12,45,140000,2,0,0.57,0
104544.33,12,31,85000,2,0,0.603,0
57854.0,10,31,30000,2,20,0.965,1
32.0,6,32,105000,1,20,0.0,1
70395.67,10,42,35000,3,20,0.991,1
31952.33,12,37,150000,3,10,0.145,0
47189.67,12,31,165000,1,0,0.113,0
83220.67,12,49,100000,2,0,0.403,0
139146.67,12,33,85000,4,0,0.846,0
0.0,0,48,10000,2,10,0.0,1
416.0,12,45,115000,2,0,0.002,1
75010.67,12,27,40000,2,0,1.0,0
2588.67,12,32,160000,4,0,0.004,0
156728.67,12,35,115000,2,0,0.698,0
1436.33,12,38,40000,2,0,0.005,0
0.0,0,32,150000,3,0,0.0,1
99485.0,10,43,50000,3,20,1.0,1
1364.0,12,47,185000,2,0,0.003,0
4762.0,12,37,100000,2,0,0.02,0
3295.67,12,30,65000,1,0,0.038,0
31736.33,12,42,25000,2,0,0.77,0
87155.67,12,35,150000,2,0,0.289,0
104252.33,12,44,250000,1,0,0.224,0
326.0,12,37,70000,2,0,0.002,1
15158.33,12,44,10000,2,0,0.812,0
40664.0,12,44,135000,1,0,0.0,0
203176.33,12,35,75000,2,0,1.0,0
40222.0,10,45,35000,1,10,1.0,0
29497.0,12,46,60000,1,0,0.239,0
20216.33,8,39,10000,2,0,1.0,0
139043.33,12,34,130000,1,0,0.527,0
2123.67,4,35,80000,1,10,0.0,0
36618.67,10,45,25000,2,0,0.963,0
0.0,2,39,175000,2,10,0.0,0
469459.33,2,40,255000,1,80,0.935,1
7853.33,8,38,125000,1,0,0.025,0
11440.0,12,36,40000,2,10,0.053,0
4778.33,12,33,90000,2,0,0.023,0
18368.0,4,39,30000,2,10,0.976,1
132266.0,12,35,85000,1,20,0.776,1
98868.33,12,39,100000,1,0,0.501,0
16312.33,10,31,105000,1,0,0.151,1
68874.0,10,47,100000,1,0,0.151,0
72288.33,8,34,100000,2,20,0.359,1
15804.0,12,32,100000,2,0,0.056,0
26063.33,12,29,120000,2,0,0.091,0
1421.67,4,34,225000,2,0,0.008,0
77840.67,12,26,40000,2,0,0.986,0
183249.33,12,33,215000,2,0,0.445,0
18049.67,10,40,15000,3,20,0.549,1
283879.0,12,30,145000,2,0,0.979,0
10046.67,6,37,20000,2,20,0.19,1
119413.0,12,37,85000,3,0,0.914,0
17910.67,12,26,65000,1,0,0.105,0
6736.67,12,27,180000,2,0,0.036,0
687.67,6,30,180000,3,10,0.0,0
396.0,12,45,90000,3,0,0.002,0
28657.67,8,28,105000,2,20,0.127,0
826.33,8,35,130000,2,0,0.0,0
11658.33,12,33,100000,2,10,0.0,0
163612.67,12,31,170000,1,0,0.33,0
1045.0,0,37,100000,1,0,0.016,0
370747.0,12,35,180000,2,20,1.0,1
84096.33,12,32,45000,2,0,0.956,0
34524.33,12,34,20000,3,20,0.801,0
217377.0,12,28,250000,2,0,0.47,0
227060.33,12,36,120000,2,0,0.967,0
485.0,12,33,220000,1,0,0.001,0
35707.67,12,33,25000,2,0,0.881,0
175063.0,12,28,90000,2,20,0.96,1
26491.33,12,35,15000,2,0,0.85,0
40426.0,10,29,30000,1,0,0.659,0
9085.67,12,29,75000,3,0,0.059,0
1996.0,0,32,40000,2,0,0.075,0
366.67,10,34,145000,1,0,0.0,0
7306.67,8,40,110000,2,0,0.1,0
2615.67,12,34,25000,1,0,0.038,0
54433.0,8,48,40000,3,20,0.829,0
40554.67,12,37,200000,1,10,0.017,0
3.0,2,33,75000,1,0,0.0,0
200212.0,12,34,125000,1,20,0.851,0
600.0,0,34,60000,2,0,0.015,0
6117.67,10,28,150000,1,0,0.054,0
15038.0,12,39,250000,2,0,0.05,0
333.33,0,36,120000,2,0,0.004,0
109052.33,8,29,120000,2,0,0.073,0
2290.67,12,39,15000,2,0,0.081,1
240.0,0,29,45000,1,0,0.0,0
2365.33,8,31,30000,1,20,0.044,1
15848.67,10,41,30000,2,0,0.27,0
184.33,6,41,115000,1,0,0.001,0
192981.0,12,40,145000,1,0,0.664,0
30350.67,10,42,215000,1,0,0.023,0
0.0,0,39,115000,2,0,0.0,1
0.0,2,48,70000,3,10,0.0,0
216809.67,12,30,105000,2,0,1.0,0
102295.0,12,36,195000,2,0,0.289,0
81051.33,12,35,160000,1,20,0.021,0
28294.0,10,44,25000,2,20,0.532,1
13716.67,8,30,50000,1,0,0.412,0
430.0,10,40,130000,3,0,0.0,0
0.0,2,30,130000,1,10,0.0,0
79041.0,12,30,50000,1,0,0.774,0
21771.33,12,37,170000,2,0,0.106,0
76394.0,12,36,75000,2,0,0.756,0
7288.33,12,30,180000,2,0,0.021,0
19601.0,12,34,105000,2,0,0.122,0
696.0,12,33,100000,1,20,0.005,0
16767.0,12,41,155000,1,0,0.067,0
1764.0,8,32,130000,1,0,0.004,0
256.33,8,41,105000,2,0,0.0,0
14874.33,8,39,165000,2,0,0.027,0
5702.33,10,29,215000,2,0,0.006,0
18104.0,6,32,225000,1,0,0.103,0
127833.33,8,32,75000,2,0,0.02,0
388.0,12,32,205000,3,0,0.001,0
44829.33,12,48,45000,2,0,0.487,0
14930.67,12,36,140000,1,0,0.064,0
7945.0,12,45,75000,1,0,0.036,0
791.33,4,42,100000,1,0,0.012,0
10778.0,12,42,75000,2,20,0.106,0
135798.67,10,40,70000,1,20,1.0,0
41971.33,4,29,130000,1,0,0.276,0
151769.67,12,30,80000,2,0,0.948,0
93700.33,12,45,155000,1,0,0.295,0
520.0,12,47,40000,3,20,0.005,1
143976.67,12,38,75000,3,20,0.974,0
23006.0,12,31,165000,1,0,0.068,0
2176.33,12,30,90000,1,0,0.008,0
9146.67,8,29,60000,1,20,0.053,1
3603.67,12,30,75000,4,0,0.026,0
67011.33,12,35,100000,1,0,0.328,0
935.0,8,37,85000,2,10,0.0,0
48144.0,12,45,25000,2,0,0.896,0
264.0,12,41,40000,2,0,0.003,0
1642.0,12,31,10000,3,0,0.078,0
354831.67,12,31,180000,2,0,0.974,0
0.0,0,31,100000,1,10,0.0,1
33955.0,12,33,25000,2,0,0.791,0
68380.33,4,33,35000,2,50,0.811,0
245374.0,12,34,150000,2,0,0.993,0
15739.67,12,45,10000,3,0,0.719,1
660.0,8,40,85000,1,0,0.0,1
140723.0,10,44,90000,4,20,0.842,0
23028.0,10,38,100000,1,0,0.0,0
1164.33,12,44,160000,2,0,0.0,0
78387.67,12,45,90000,3,20,0.427,0
56795.0,12,40,30000,2,20,1.0,0
42906.67,12,40,180000,3,0,0.124,0
21121.67,8,46,15000,2,20,0.65,1
108153.0,12,35,65000,2,0,0.815,0
642.67,4,35,40000,2,30,0.0,0
45463.33,12,40,115000,2,0,0.195,0
5687.67,10,36,105000,2,0,0.023,0
40625.67,10,35,135000,3,0,0.223,0
201485.67,12,37,140000,2,0,0.763,0
30581.0,12,36,25000,2,0,0.616,0
1320.0,8,38,180000,2,0,0.0,0
0.0,4,37,235000,1,0,0.0,0
17368.33,6,42,115000,1,10,0.026,0
80111.67,12,47,40000,2,20,1.0,1
1768.33,12,29,100000,1,0,0.016,0
158437.67,12,32,100000,2,0,0.832,0
40009.33,12,30,25000,3,0,0.963,0
12201.67,8,33,10000,2,0,0.5,0
17039.67,12,41,25000,2,0,0.456,0
693.33,10,31,55000,2,20,0.008,1
111968.33,10,46,140000,2,20,0.105,0
6728.33,12,32,80000,1,0,0.059,0
6677.67,12,35,160000,2,0,0.007,1
427.0,12,30,150000,1,20,0.002,1
58138.33,6,30,150000,2,0,0.444,1
84488.67,12,31,50000,2,20,0.993,0
628.0,0,39,50000,2,0,0.019,0
19550.33,12,33,55000,2,0,0.142,0
22531.0,12,39,200000,2,0,0.131,0
15103.67,12,35,10000,2,0,0.764,0
12162.33,6,27,25000,1,30,0.245,1
255423.67,12,28,155000,1,0,0.87,0
74328.0,12,44,40000,2,0,0.949,0
116170.0,12,43,60000,3,0,0.967,0
5629.33,10,39,100000,1,0,0.057,0
3735.0,10,44,50000,2,0,0.092,0
203196.67,12,37,105000,2,0,0.982,0
9387.33,10,33,30000,1,0,0.249,0
1409.33,12,38,65000,2,0,0.007,0
24832.67,10,33,75000,3,0,0.013,0
188645.33,12,44,110000,2,20,0.888,0
98075.33,12,40,70000,2,0,0.702,0
58813.33,12,31,25000,2,0,1.0,0
5478.0,10,41,45000,3,0,0.031,0
21739.0,12,37,250000,1,0,0.04,0
390.0,12,28,150000,3,0,0.001,1
62722.0,12,40,130000,1,0,0.243,0
20814.33,4,42,65000,3,0,0.02,1
4101.0,12,28,100000,1,0,0.03,0
7962.33,12,29,145000,2,0,0.025,0
7341.0,12,29,325000,1,10,0.033,0
8701.0,12,27,115000,1,0,0.05,0
62418.0,12,30,115000,1,20,0.274,1
203143.0,12,31,100000,2,0,1.0,0
241029.33,12,32,200000,2,0,0.587,0
200708.0,12,30,245000,2,0,0.399,0
0.0,0,30,180000,1,0,0.0,0
5860.33,10,33,115000,1,0,0.026,0
286120.0,12,34,145000,2,0,0.984,0
0.0,2,34,100000,1,10,0.0,0
27660.67,12,34,180000,2,0,0.119,0
8553.33,6,42,5000,3,20,0.759,1
12438.67,12,33,90000,2,0,0.063,0
9194.0,8,47,115000,3,0,0.027,0
347.33,12,35,170000,1,0,0.002,0
153315.33,12,44,85000,3,0,0.886,0
49162.67,12,42,25000,3,0,0.979,0
164443.0,12,37,85000,2,0,0.992,0
19686.0,8,49,80000,2,20,0.106,0
106828.0,8,46,140000,3,0,0.36,0
133694.0,12,38,70000,2,0,0.965,0
146627.0,12,43,260000,1,0,0.281,0
44610.33,12,29,70000,2,0,0.186,0
338.67,4,26,65000,1,0,0.008,0
59989.0,12,27,50000,1,0,0.581,0
29141.33,10,27,25000,3,20,0.226,1
0.0,0,27,65000,2,10,0.0,1
16473.33,12,39,100000,1,0,0.126,0
3088.67,8,28,140000,1,20,0.019,0
22005.33,12,29,120000,1,0,0.118,0
43259.0,8,29,45000,1,20,0.476,0
96658.0,12,29,125000,1,0,0.396,0
946.0,10,29,105000,1,0,0.007,0
0.0,0,30,45000,2,0,0.0,0
0.0,0,30,90000,4,0,0.0,0
72095.0,12,32,250000,4,0,0.279,0
3510.0,12,32,120000,1,0,0.025,0
22770.67,10,31,25000,2,20,0.434,0
47890.67,12,32,200000,1,0,0.117,0
3827.0,10,33,115000,1,20,0.018,1
65682.0,12,31,200000,3,20,0.199,0
0.0,0,35,40000,2,10,0.0,0
3114.67,8,37,80000,2,0,0.047,0
118.33,6,38,215000,1,10,0.0,0
5267.0,6,34,45000,2,20,0.089,0
54466.0,12,35,40000,3,0,0.793,0
70.67,8,36,105000,2,10,0.0,0
24005.33,12,46,155000,2,0,0.172,0
4592.67,4,39,250000,2,0,0.023,0
31912.0,12,38,35000,3,0,0.489,0
16929.33,8,36,10000,2,20,0.808,0
1366.0,2,44,105000,2,0,0.0,1
168170.0,12,40,85000,3,0,0.978,0
5310.33,12,38,195000,1,0,0.013,0
431838.33,12,43,160000,2,20,1.0,1
45016.67,12,37,25000,2,0,0.768,0
100152.67,12,36,50000,3,20,1.0,0
3056.33,12,39,110000,1,0,0.011,0
16227.0,12,38,150000,1,0,0.051,0
2034.0,0,40,80000,2,0,0.038,0
51873.67,10,45,100000,3,0,0.274,0
18750.33,12,43,120000,1,0,0.033,0
28059.67,8,27,45000,1,20,0.313,1
11273.67,12,46,25000,2,0,0.093,0
482.67,6,46,105000,1,0,0.0,0
16610.67,12,33,145000,2,0,0.039,0
145124.67,10,37,80000,2,20,0.902,0
9186.0,12,31,100000,1,0,0.059,0
181447.33,12,37,130000,2,0,0.701,0
27902.67,12,47,15000,3,20,0.913,0
261.0,12,36,115000,2,0,0.001,0
170676.0,12,39,110000,3,0,0.953,0
7640.67,12,27,70000,1,0,0.015,0
44275.33,12,38,40000,2,0,0.54,0
185.67,10,49,225000,1,10,0.0,0
95462.67,12,45,80000,2,0,0.667,0
76668.67,10,27,50000,1,20,0.773,1
3637.33,8,39,125000,2,0,0.039,0
0.0,2,38,40000,2,0,0.0,0
5353.0,12,35,90000,1,0,0.04,0
2997.67,12,38,360000,2,10,0.007,0
3926.67,10,27,90000,2,0,0.017,0
924.67,2,32,115000,1,0,0.012,0
0.0,0,32,100000,2,10,0.0,0
76741.0,12,36,40000,2,0,0.975,0
101304.0,12,30,50000,2,0,1.0,0
39035.67,12,30,100000,1,0,0.193,0
134601.0,10,32,100000,3,0,0.662,1
23027.67,12,30,25000,2,0,0.847,0
10859.0,12,36,190000,1,20,0.01,1
213564.0,12,41,125000,2,0,0.857,0
879.0,6,47,110000,2,0,0.007,0
63694.33,12,33,35000,2,20,0.889,0
3682.33,10,40,5000,2,0,0.914,0
11433.33,12,35,30000,2,0,0.363,0
0.0,0,44,100000,3,10,0.0,1
14057.33,2,30,100000,2,0,0.129,0
0.0,0,48,150000,1,0,0.0,0
120944.67,12,36,130000,3,0,0.562,0
1928.33,12,44,65000,3,0,0.008,0
26815.67,12,29,15000,2,20,0.895,0
170921.33,10,30,85000,1,20,0.974,1
3421.33,8,29,105000,2,0,0.018,0
40616.67,12,44,25000,3,0,0.877,0
18519.0,12,36,300000,1,0,0.09,0
136799.67,12,37,90000,3,0,0.919,0
58174.33,12,29,50000,1,20,0.572,1
2741.67,8,46,105000,1,0,0.019,0
1793.0,6,37,75000,2,0,0.019,0
19305.33,10,30,180000,3,0,0.033,0
143976.67,12,32,165000,1,0,0.473,0
166.33,4,43,150000,2,10,0.002,0
56415.67,8,42,125000,1,0,0.122,0
320901.33,12,48,115000,2,0,1.0,0
1665.33,8,47,10000,3,20,0.157,0
2025.0,4,35,105000,1,0,0.01,0
84281.33,10,36,40000,2,20,1.0,1
18134.0,10,39,125000,1,20,0.049,0
48248.67,12,34,25000,2,30,0.958,1
115013.33,12,42,100000,4,0,0.747,0
164860.0,12,35,145000,3,0,0.549,0
7127.33,12,43,155000,3,0,0.022,0
93874.0,10,28,135000,1,20,0.438,0
95.0,4,33,100000,1,0,0.001,0
160597.0,12,32,145000,2,0,0.583,0
133278.0,10,29,110000,2,0,0.598,0
5562.67,12,35,250000,1,0,0.007,1
14763.0,10,31,185000,3,20,0.008,0
4804.0,4,44,50000,2,20,0.0,0
113297.0,12,44,105000,1,0,0.537,0
2833.0,12,38,155000,3,0,0.0,0
159894.0,12,27,100000,2,0,0.786,0
68523.33,2,28,55000,1,20,0.919,1
40203.67,12,30,65000,2,0,0.3,0
39896.33,12,34,65000,1,0,0.514,0
69767.33,12,35,40000,2,30,0.979,1
26472.67,10,47,15000,1,20,0.83,1
4343.33,4,39,25000,1,10,0.0,0
160279.67,12,30,80000,2,20,1.0,1
67961.33,12,45,40000,2,0,0.839,0
390.0,2,37,50000,2,0,0.004,0
2755.67,8,46,5000,2,30,0.153,1
414.0,12,30,45000,2,0,0.005,0
42931.33,12,38,180000,2,0,0.116,0
58974.67,12,43,335000,1,0,0.083,0
0.0,0,28,75000,3,0,0.0,0
13724.33,12,28,75000,1,0,0.085,0
7636.33,0,35,115000,1,0,0.1,0
2718.33,6,30,115000,2,0,0.027,0
129323.33,12,33,60000,2,0,1.0,0
1158.67,8,33,85000,1,0,0.009,0
21173.67,4,35,100000,2,20,0.297,0
390.0,12,38,225000,2,0,0.001,1
11882.0,10,32,100000,1,0,0.023,0
72461.0,12,33,155000,2,0,0.236,0
690.0,2,30,25000,1,0,0.0,0
3222.33,8,36,70000,2,20,0.003,1
2060.0,10,37,125000,1,0,0.005,0
169224.67,12,31,155000,1,0,0.566,0
69556.67,12,31,40000,1,0,0.858,0
8689.67,12,29,100000,2,0,0.042,1
86624.67,12,47,45000,3,0,0.936,0
3611.33,12,45,80000,3,0,0.018,0
510.0,4,27,90000,1,10,0.0,0
83627.67,12,33,155000,2,0,0.279,0
5825.0,4,29,140000,4,0,0.016,0
19554.67,10,43,45000,2,20,0.194,0
196975.67,12,39,105000,2,0,0.924,0
44.67,2,27,100000,1,0,0.001,0
22089.67,12,48,35000,2,0,0.296,0
4242.67,10,31,160000,2,0,0.011,0
574.33,0,33,105000,1,0,0.008,0
36370.33,12,27,65000,1,0,0.281,0
260.0,6,27,40000,2,0,0.005,0
2882.33,12,47,185000,2,0,0.005,0
4915.67,12,36,90000,3,0,0.05,0
66969.33,12,43,155000,1,0,0.213,0
0.0,8,27,140000,2,10,0.0,0
98090.33,12,27,75000,2,0,0.007,0
36653.0,10,29,90000,1,20,0.203,0
3715.33,12,31,70000,1,0,0.055,0
5850.67,12,34,215000,1,20,0.0,0
107933.33,4,37,180000,1,0,0.001,0
7031.67,8,42,120000,1,20,0.009,0
2877.0,6,30,70000,2,30,0.022,1
1473.33,10,34,100000,1,20,0.004,0
74684.67,12,37,40000,2,0,1.0,1
89739.33,12,38,50000,2,0,0.967,0
316.0,12,40,105000,1,0,0.002,0
3245.67,6,37,125000,2,10,0.0,0
49947.67,12,38,25000,3,0,1.0,0
4365.0,12,28,200000,1,0,0.022,0
6882.0,12,37,75000,2,0,0.04,0
125740.67,12,39,140000,2,0,0.443,0
0.0,0,29,50000,2,0,0.0,0
621703.33,12,38,305000,1,0,0.998,0
122121.0,12,30,60000,2,0,1.0,0
24631.0,12,44,90000,2,0,0.131,0
123.0,4,47,135000,3,20,0.0,1
103693.33,12,36,55000,3,0,1.0,0
90715.67,12,40,45000,3,0,1.0,0
99469.33,8,48,60000,1,0,0.802,0
51019.33,10,35,25000,3,40,0.962,1
2522.0,12,32,80000,3,0,0.009,1
76183.0,12,48,250000,2,0,0.159,0
405343.0,12,28,220000,2,0,0.939,0
1482.33,12,31,165000,2,0,0.005,0
66472.0,12,33,100000,2,0,0.325,0
150032.33,12,33,125000,2,0,0.592,0
54479.0,12,37,70000,2,0,0.415,0
199095.33,12,36,130000,1,0,0.784,0
57838.67,8,45,30000,1,20,0.973,1
467548.0,12,37,250000,1,0,1.0,0
110121.67,12,30,65000,2,0,0.883,0
71283.0,8,30,40000,2,20,0.874,1
39345.33,12,44,75000,2,0,0.247,0
8059.0,12,31,60000,1,0,0.014,0
0.0,0,31,45000,1,10,0.0,0
12890.67,12,31,105000,1,0,0.006,0
22151.33,12,45,140000,1,0,0.095,0
723.67,2,28,120000,1,0,0.008,0
1866.67,12,29,115000,2,0,0.0,0
28579.0,10,29,15000,2,0,0.954,0
60687.67,12,29,30000,2,0,1.0,0
15993.0,10,30,180000,1,0,0.037,0
57599.0,12,33,45000,1,0,0.622,0
2566.33,12,33,90000,1,0,0.025,0
0.0,0,33,5000,3,10,0.0,0
1279.67,4,34,105000,1,0,0.012,1
4503.33,12,34,15000,1,0,0.109,0
3516.0,8,34,100000,1,0,0.041,0
89421.0,12,32,45000,2,0,0.986,0
46536.0,12,44,25000,3,0,0.917,0
26019.0,8,46,15000,2,20,0.895,0
6193.0,12,35,110000,1,0,0.025,0
13029.67,12,46,250000,2,0,0.033,0
35067.33,12,47,30000,3,0,0.564,0
101688.33,12,41,55000,2,0,0.952,0
2147.33,6,43,180000,3,0,0.012,1
26254.0,12,42,15000,3,20,0.877,0
0.0,0,38,150000,2,0,0.0,0
4836.67,12,36,245000,1,0,0.004,0
16282.0,10,36,105000,1,0,0.008,0
562.33,8,37,140000,1,0,0.003,0
2461.33,8,36,30000,2,20,0.026,0
0.0,6,38,245000,2,0,0.0,0
5165.67,12,45,25000,3,0,0.083,1
0.0,2,35,100000,2,10,0.0,0
58136.67,12,43,35000,1,30,0.814,0
13197.33,12,29,130000,2,0,0.063,0
128938.67,12,40,230000,2,0,0.289,0
1497.67,10,41,100000,3,20,0.015,0
2714.67,0,42,160000,2,0,0.025,1
48689.67,12,48,115000,3,0,0.179,0
45290.0,12,30,175000,1,0,0.124,0
13699.33,6,31,115000,1,0,0.068,0
16729.33,10,47,10000,3,20,0.814,1
42357.67,12,43,115000,2,0,0.18,0
11129.67,10,35,40000,2,0,0.19,0
96910.33,12,40,55000,2,0,0.85,0
835.0,10,30,180000,1,0,0.001,0
420.0,8,34,40000,2,10,0.0,0
581.33,8,35,175000,2,20,0.001,1
102857.67,12,47,35000,2,0,1.0,0
4906.67,12,29,180000,3,0,0.014,0
212335.33,8,32,120000,1,20,0.872,1
52695.0,12,34,40000,2,0,0.807,0
63881.0,12,29,70000,2,20,0.443,0
56683.67,10,33,25000,1,20,1.0,1
4852.33,12,35,65000,3,0,0.03,0
138193.67,12,44,80000,2,0,0.743,0
115.33,0,42,80000,2,20,0.002,0
9423.67,12,29,45000,1,0,0.099,0
42187.67,12,42,25000,2,0,0.822,0
9704.33,10,29,105000,1,20,0.004,0
16108.33,12,29,10000,1,20,0.752,1
3351.67,12,29,100000,1,0,0.018,0
207.67,6,31,115000,1,0,0.003,0
0.0,0,43,75000,3,0,0.0,0
0.0,2,28,105000,2,0,0.0,0
0.0,0,33,145000,1,0,0.0,1
119027.67,10,34,130000,3,20,0.457,1
11183.67,6,29,10000,2,20,0.483,1
4760.0,12,47,90000,3,0,0.021,1
80262.67,12,29,50000,4,0,0.993,0
213747.0,12,38,140000,2,0,0.845,0
0.0,0,41,50000,2,0,0.0,1
2508.33,10,35,50000,2,0,0.038,0
8315.33,12,30,15000,1,0,0.149,0
408.0,0,44,80000,2,0,0.008,1
306827.0,12,36,180000,1,20,0.858,0
2147.0,2,36,225000,1,0,0.004,0
3702.0,12,40,190000,1,0,0.011,1
275.33,10,42,60000,2,0,0.0,0
88199.33,8,47,80000,1,20,0.556,1
27174.33,10,33,25000,1,20,0.502,1
75499.0,12,34,85000,2,0,0.501,0
413.33,10,34,175000,2,20,0.0,0
1198.33,10,48,90000,2,0,0.0,0
68081.33,12,38,50000,1,0,0.689,0
2519.33,12,26,25000,1,0,0.081,0
21711.0,12,30,90000,1,0,0.278,0
512.0,2,31,75000,1,10,0.0,0
4136.67,10,32,150000,1,0,0.003,1
283165.0,12,33,175000,1,0,0.868,0
31134.33,12,42,130000,2,0,0.135,0
6788.33,12,27,100000,2,0,0.039,0
136358.0,12,27,120000,2,0,0.556,1
65888.0,12,26,75000,1,20,0.436,0
46264.0,12,26,145000,2,0,0.062,0
112262.33,12,27,70000,2,0,0.91,0
0.0,4,29,65000,1,0,0.0,0
1850.33,6,29,90000,1,0,0.0,0
3965.67,10,29,100000,1,0,0.011,0
200870.67,12,28,115000,1,20,0.901,1
282577.67,8,28,120000,2,20,1.0,0
2188.33,12,31,85000,1,0,0.004,0
396.0,12,31,60000,3,0,0.003,0
3663.67,12,31,120000,1,0,0.029,0
9718.67,12,31,45000,2,0,0.134,0
850.0,12,30,150000,2,0,0.003,1
69389.67,10,30,35000,3,20,1.0,0
1906.33,6,30,50000,2,20,0.024,0
23233.33,10,31,55000,3,20,0.204,0
159239.0,10,33,90000,2,0,0.921,0
414860.33,12,32,250000,1,0,0.845,0
24886.0,10,32,40000,3,20,0.336,0
9542.33,12,32,140000,1,0,0.021,0
6529.67,12,33,140000,1,0,0.009,0
3683.33,12,35,60000,1,0,0.004,0
2622.67,8,35,45000,2,0,0.061,0
1942.0,10,34,85000,2,0,0.018,0
29422.33,12,34,25000,2,0,0.633,0
390.0,12,34,25000,3,0,0.008,0
222969.67,12,38,115000,1,0,0.946,0
604.33,10,48,90000,2,0,0.005,1
22535.33,6,43,20000,3,0,0.661,0
20450.67,12,42,180000,2,0,0.067,0
0.0,0,47,180000,2,0,0.0,1
162773.0,12,45,85000,1,0,0.979,0
17971.33,8,35,10000,3,20,0.853,0
18.0,6,43,120000,2,0,0.0,0
4727.0,8,39,50000,1,20,0.03,1
0.0,0,43,50000,1,10,0.0,0
110594.67,12,40,55000,2,0,1.0,1
97576.67,12,37,210000,2,0,0.243,0
95083.67,12,34,90000,2,20,0.518,1
0.0,0,37,120000,2,10,0.0,0
21928.67,12,41,105000,2,0,0.064,0
10424.33,10,43,15000,3,30,0.344,0
40011.67,12,44,105000,2,0,0.174,0
5986.0,12,30,160000,1,0,0.032,0
110461.67,12,38,110000,3,0,0.548,0
974.0,12,29,120000,1,0,0.006,0
130901.67,10,35,225000,1,20,0.292,0
286617.0,12,36,250000,2,0,0.523,0
178841.33,12,44,90000,2,0,0.971,0
172.33,4,38,40000,1,0,0.0,0
650.0,2,41,25000,2,20,0.008,1
50832.0,12,41,225000,2,0,0.232,0
13298.0,12,43,190000,1,0,0.05,0
101.0,2,29,25000,1,0,0.0,0
29989.67,10,30,15000,3,30,0.984,0
9534.33,12,37,150000,1,0,0.019,0
2922.0,12,45,170000,2,0,0.017,0
140976.33,12,44,95000,2,0,0.723,0
109643.0,12,41,60000,3,0,0.902,0
155508.33,12,40,105000,1,0,0.763,0
37025.67,12,46,180000,1,0,0.162,0
46.67,8,35,165000,1,0,0.0,0
70146.67,12,37,50000,1,0,0.688,0
7968.67,8,38,125000,1,0,0.059,0
0.0,0,46,60000,2,0,0.0,1
945.0,10,43,100000,1,20,0.0,0
18608.33,12,30,140000,1,20,0.093,0
770.0,4,46,240000,2,0,0.002,0
2388.67,4,36,120000,2,0,0.016,1
2868.67,4,39,60000,2,0,0.002,0
97263.67,12,40,55000,2,0,0.874,0
50611.0,4,41,195000,1,20,0.124,0
12715.33,8,38,10000,2,40,0.534,0
114428.67,12,35,70000,1,0,0.8,0
41530.0,12,41,80000,2,0,0.25,0
512.67,10,30,105000,1,10,0.0,0
164286.67,12,47,105000,1,0,0.964,0
163269.0,12,39,120000,1,0,0.219,0
4591.67,10,36,75000,2,20,0.074,0
58185.0,12,48,30000,2,0,0.948,0
776.0,10,40,90000,2,0,0.009,1
1258.0,12,37,60000,2,0,0.025,0
49242.67,12,40,105000,1,0,0.261,0
21436.33,10,36,210000,1,0,0.048,0
94455.33,12,43,55000,2,0,0.839,0
71585.0,12,31,90000,2,0,0.623,0
0.0,2,42,100000,1,0,0.0,1
220766.67,12,32,110000,1,0,0.989,0
4348.67,12,36,125000,1,0,0.01,0
316.0,10,39,125000,1,0,0.0,0
1758.67,10,47,200000,3,0,0.004,0
38905.0,12,38,25000,2,0,0.779,0
510.67,12,48,240000,1,0,0.002,0
168329.67,12,39,235000,1,0,0.501,0
28412.33,12,36,150000,1,0,0.101,0
1148.67,4,44,80000,2,10,0.0,0
3609.33,10,42,80000,1,0,0.021,0
3243.0,12,33,115000,1,0,0.01,0
33549.33,12,49,25000,3,0,0.796,0
38463.67,10,48,75000,3,20,0.245,0
75840.0,10,50,65000,2,20,0.566,0
0.0,0,49,180000,1,10,0.0,1
119588.0,12,50,75000,2,0,0.968,1
13873.67,12,50,35000,2,0,0.184,0
0.0,0,49,225000,1,0,0.0,0
241.0,2,49,100000,2,10,0.0,1
83698.67,12,50,40000,2,20,1.0,1
317388.33,12,48,170000,2,0,0.914,0
24191.67,12,52,25000,2,0,0.675,1
2087.67,12,50,100000,1,0,0.011,0
112803.33,12,48,105000,3,0,0.569,0
930.0,10,49,180000,2,0,0.002,0
2750.33,12,50,115000,3,0,0.012,0
66002.0,6,48,25000,3,0,1.0,1
83365.0,12,50,60000,2,20,0.683,1
9976.0,12,50,170000,1,10,0.008,0
49034.33,6,49,25000,3,0,0.984,1
10478.33,8,49,35000,3,20,0.142,0
95771.67,12,50,50000,2,0,0.947,0
14474.67,12,49,10000,2,0,0.678,1
62428.67,12,49,40000,2,0,0.967,0
605.0,10,49,140000,3,0,0.003,0
294.0,0,50,150000,2,0,0.003,0
2194.67,8,49,250000,3,20,0.001,1
32936.33,12,51,25000,3,0,0.938,0
131322.67,12,50,70000,2,0,0.921,1
3030.67,12,49,105000,2,0,0.005,1
42081.0,12,49,50000,3,0,0.411,0
16329.33,12,50,25000,2,0,0.292,0
14780.67,12,51,10000,3,0,0.659,0
4111.0,12,50,100000,2,0,0.024,0
165.67,12,51,50000,3,0,0.002,0
36997.67,12,50,25000,3,0,0.723,1
38547.0,12,53,115000,3,0,0.168,0
203605.0,12,50,130000,2,0,1.0,0
120501.33,10,52,60000,2,20,1.0,1
42082.33,10,51,190000,3,0,0.115,0
81483.33,12,65,40000,3,0,1.0,0
331.0,2,50,120000,1,0,0.002,0
32962.33,12,54,15000,2,0,1.0,1
28042.0,12,59,15000,2,0,0.921,0
79086.0,12,55,40000,3,10,0.986,0
49981.33,12,54,25000,2,0,1.0,0
9404.0,4,56,5000,1,20,1.0,0
109262.67,10,50,50000,3,20,1.0,1
0.0,8,50,140000,3,0,0.0,0
30131.67,10,55,15000,3,20,1.0,1
2502.0,2,50,40000,3,0,0.094,0
17407.0,12,51,15000,3,0,0.481,0
160341.67,12,51,85000,2,0,0.908,0
27943.33,10,52,30000,2,20,0.482,0
95612.33,12,50,50000,3,0,0.93,0
2738.67,12,58,80000,1,0,0.005,1
39805.67,12,55,25000,2,0,0.812,0
0.0,0,59,180000,1,10,0.0,1
333.33,8,52,105000,1,0,0.001,0
9204.67,12,55,95000,2,0,0.035,0
43675.33,12,52,45000,3,0,0.473,0
45101.33,6,52,25000,3,0,0.964,0
70.0,4,55,15000,3,0,0.0,0
24692.67,6,54,15000,3,20,0.806,1
21567.0,12,61,90000,3,0,0.114,1
81462.0,12,58,60000,3,20,0.662,1
37920.67,2,55,40000,3,0,0.906,0
389.0,12,49,200000,2,0,0.001,0
118640.33,12,53,60000,3,0,0.989,0
43033.67,8,52,50000,1,20,0.409,1
74543.67,8,52,150000,1,0,0.002,0
80136.67,12,69,40000,3,0,0.998,0
857.67,12,53,250000,3,0,0.003,0
5876.33,8,51,5000,3,20,0.442,0
1276.0,4,55,50000,3,30,0.015,0
106823.33,10,53,120000,2,20,0.564,0
200.0,2,63,140000,1,0,0.0,1
17498.67,12,55,10000,2,0,0.825,0
59625.33,12,59,55000,2,0,0.916,0
0.0,0,60,145000,2,10,0.0,0
782.67,4,48,40000,1,0,0.015,1
30468.67,10,51,15000,3,20,1.0,0
2044.33,12,52,15000,1,20,0.158,0
45544.0,10,57,30000,2,20,0.734,1
10109.0,12,52,35000,3,0,0.014,0
69721.67,12,52,70000,3,0,0.549,0
10923.67,12,53,75000,2,0,0.076,0
26559.33,10,58,45000,2,20,0.288,1
8598.67,10,51,15000,2,0,0.395,0
60697.33,10,52,30000,3,20,1.0,0
10910.33,10,52,245000,2,0,0.015,0
5157.33,12,56,115000,2,0,0.046,1
70724.0,12,53,35000,2,0,1.0,0
70060.67,10,55,30000,3,30,1.0,1
29218.67,12,59,15000,4,0,1.0,0
56624.33,12,62,35000,2,0,0.818,0
274.67,8,56,225000,3,10,0.0,1
17121.0,12,54,10000,3,0,0.806,1
17906.33,8,51,15000,2,30,0.55,1
73673.33,12,54,40000,3,0,0.987,0
893.33,6,53,195000,1,0,0.001,0
11858.67,12,50,15000,2,0,0.358,0
407.0,2,51,100000,3,10,0.0,0
63047.0,10,59,70000,3,20,0.455,0
2632.67,12,51,15000,2,0,0.057,1
6835.0,8,51,145000,2,0,0.024,0
1301.0,12,51,100000,2,0,0.012,0
123018.33,12,64,90000,3,0,0.667,0
404.0,12,50,100000,2,0,0.002,0
356389.0,12,54,250000,4,0,0.711,0
671417.33,10,54,260000,3,0,1.0,0
1098.67,8,53,45000,3,0,0.009,0
14920.67,12,54,130000,2,0,0.064,0
21451.0,10,51,25000,3,0,0.44,1
79593.67,12,59,40000,2,0,1.0,1
201700.33,12,54,105000,2,0,0.94,0
146524.33,4,51,150000,1,0,0.477,0
9161.33,8,53,10000,1,20,0.45,0
27155.33,12,51,25000,3,0,0.509,0
6433.33,10,52,10000,3,20,0.284,1
3753.33,8,53,75000,1,20,0.058,0
45551.0,12,51,25000,3,0,0.896,1
45873.67,12,51,25000,2,0,1.0,0
33384.33,10,51,25000,3,20,0.644,0
670.0,12,51,100000,3,10,0.0,0
39401.0,10,52,40000,3,0,0.533,0
49243.0,12,56,25000,3,0,0.963,0
161619.0,12,55,100000,3,30,0.795,0
96278.0,12,54,105000,3,0,0.449,0
70671.33,12,55,40000,3,0,0.982,0
390.0,12,50,100000,3,0,0.002,0
99225.67,12,51,100000,3,0,0.495,0
213140.0,12,52,110000,3,20,1.0,1
1985.0,12,56,140000,1,20,0.0,0
1549.67,6,53,125000,3,10,0.0,0
38287.0,12,55,45000,3,0,0.441,0
366.67,2,58,160000,1,0,0.003,0
215302.0,12,53,65000,2,0,1.0,0
520.0,8,51,25000,3,20,0.008,0
5712.67,12,51,40000,3,0,0.078,0
416204.67,12,51,215000,2,0,0.968,0
1378.33,6,51,125000,1,10,0.0,0
17325.33,8,51,25000,2,30,0.318,0
23829.67,4,58,180000,3,0,0.099,0
405.0,10,53,225000,2,0,0.0,0
64512.33,12,22,55000,2,0,0.902,1
1861.67,12,34,180000,1,0,0.009,0
7224.33,10,24,5000,2,20,0.904,1
198358.0,12,27,100000,1,20,0.934,1
7313.33,12,24,10000,2,0,0.311,1
1353.67,6,28,35000,1,20,0.0,1
71357.33,10,55,40000,3,20,0.899,1
1646.67,12,55,125000,2,0,0.002,0
87396.0,12,34,45000,2,0,0.959,0
71522.0,12,42,50000,2,0,0.984,0
61820.33,10,39,115000,3,0,0.233,0
475822.33,12,32,190000,1,0,1.0,0
2052.67,12,29,195000,2,0,0.003,0
0.0,0,30,60000,1,0,0.0,0
19039.33,12,27,10000,2,0,0.967,0
1631.0,12,41,10000,2,10,0.0,0
5999.0,2,25,80000,1,20,0.0,1
10493.33,12,35,120000,3,0,0.046,0
13766.67,0,23,15000,2,0,1.0,0
6692.67,12,24,25000,2,0,0.112,0
29238.0,8,23,15000,2,20,0.992,0
13120.33,12,23,10000,1,0,0.962,0
7315.67,12,23,40000,1,0,0.115,0
2400.0,0,23,10000,2,70,0.12,1
42020.0,12,23,25000,2,0,0.814,0
81887.67,12,23,45000,1,0,1.0,0
528.33,8,24,25000,2,0,0.02,0
14204.0,8,23,10000,2,40,0.51,1
0.0,0,24,15000,2,0,0.0,0
51612.67,10,23,25000,2,20,1.0,0
18226.0,12,23,10000,2,0,0.959,0
18780.0,10,22,10000,2,20,0.976,0
10678.67,4,23,10000,2,30,0.939,0
46631.33,12,22,25000,3,20,0.94,1
18781.33,12,22,10000,2,20,0.978,0
16125.33,8,23,10000,2,20,0.739,0
49582.0,12,23,25000,2,0,0.965,1
6786.33,8,23,5000,2,20,0.523,1
722.67,12,23,5000,2,0,0.1,1
17533.33,12,22,10000,1,0,0.831,0
5204.67,10,22,5000,2,0,0.878,0
12413.0,12,25,25000,2,0,0.233,0
8859.67,12,25,15000,2,0,0.255,1
112597.33,12,26,85000,1,0,0.695,0
17183.33,4,23,25000,2,20,1.0,1
24380.67,12,24,30000,2,20,0.45,1
49534.0,12,26,25000,3,0,1.0,0
38844.33,12,22,25000,2,0,0.937,0
44698.33,12,24,25000,2,0,0.998,0
88093.33,12,24,50000,3,20,1.0,0
6659.0,12,25,5000,1,0,0.564,0
0.0,0,26,40000,1,10,0.0,1
0.0,0,26,150000,2,0,0.0,0
8748.67,8,23,5000,1,20,0.902,1
14947.0,6,24,15000,1,30,0.195,0
19881.0,12,24,25000,1,0,0.409,0
2467.33,12,24,15000,1,0,0.048,0
134.33,10,26,45000,1,10,0.0,0
6977.67,8,23,10000,1,20,0.3,1
444.0,10,23,40000,1,0,0.006,0
85628.33,12,24,45000,2,0,0.964,0
9911.67,8,24,10000,3,20,0.415,1
751.0,8,24,15000,2,0,0.049,1
9952.67,12,23,5000,2,0,0.998,1
28469.33,12,25,35000,1,0,0.443,0
38178.67,10,26,20000,1,20,0.912,1
125506.0,10,26,85000,2,0,0.855,1
6724.67,2,24,5000,2,20,0.977,0
28718.0,8,25,15000,2,20,0.987,0
7235.67,6,24,5000,2,20,0.65,1
36042.33,12,24,25000,1,0,0.961,0
22704.0,6,24,15000,4,20,0.722,0
33396.33,12,24,25000,1,20,0.6,0
19596.67,12,24,10000,3,20,1.0,0
4728.0,12,25,5000,2,0,0.368,1
333.33,4,24,25000,2,10,0.0,0
56277.0,10,24,25000,2,20,1.0,1
37320.33,10,25,25000,2,20,0.942,0
65071.67,12,25,80000,2,0,0.381,0
28393.0,10,24,25000,2,20,1.0,0
16164.0,12,24,15000,1,0,0.495,0
65967.33,6,27,30000,2,50,1.0,1
153604.67,10,25,75000,2,0,1.0,0
27424.0,8,26,15000,3,20,0.851,0
1513.33,8,26,10000,1,0,0.029,0
11395.67,6,26,10000,2,0,0.942,0
17993.67,12,24,25000,2,0,0.347,0
67036.0,12,33,100000,1,0,0.332,0
63472.33,12,25,35000,2,0,0.867,0
146574.33,10,28,75000,1,0,0.972,0
132322.67,10,27,65000,4,20,1.0,0
15012.0,8,27,10000,3,20,0.681,0
11183.67,10,27,30000,1,0,0.036,0
49594.0,12,24,25000,2,0,1.0,0
64346.0,12,27,105000,2,0,0.313,0
48998.67,12,26,75000,1,0,0.091,0
47396.0,12,25,25000,2,0,0.941,0
0.0,6,26,20000,1,10,0.0,0
90063.67,10,27,45000,3,20,0.979,1
51489.0,8,27,35000,1,0,0.919,0
26429.33,12,27,10000,1,0,1.0,0
29450.67,10,24,15000,1,20,0.948,0
18550.0,10,25,10000,2,20,0.955,0
60701.33,10,25,30000,2,20,1.0,1
16384.0,6,26,25000,2,20,0.328,0
49903.67,12,25,25000,1,20,0.979,0
8090.67,12,25,5000,2,0,0.781,1
21207.0,4,22,10000,3,40,1.0,1
54523.67,12,26,55000,1,0,0.53,0
21882.67,10,26,15000,2,20,0.729,0
5068.0,10,27,100000,1,0,0.018,1
42476.33,12,27,35000,2,0,0.244,0
43992.33,10,27,40000,3,20,0.126,0
80811.67,12,28,40000,2,0,1.0,0
5291.33,10,24,10000,2,0,0.205,0
5483.67,8,23,5000,2,0,0.858,0
58050.67,12,25,30000,3,0,0.946,0
48804.0,12,27,25000,2,0,0.949,1
95948.0,12,28,55000,1,0,0.978,1
20674.67,12,29,105000,1,20,0.128,0
38146.0,4,29,20000,1,20,0.942,0
3956.0,6,29,180000,1,0,0.017,0
32985.67,12,29,160000,2,0,0.153,0
2315.0,12,27,65000,1,0,0.011,0
136638.0,10,26,65000,2,20,1.0,1
43436.33,12,26,25000,2,0,0.953,0
24301.33,12,25,25000,1,0,0.913,0
1624.67,4,27,180000,3,0,0.003,0
61771.33,10,27,80000,3,20,0.44,1
11926.67,6,26,100000,1,0,0.131,0
14687.67,8,26,15000,3,20,0.487,0
34583.67,12,26,180000,1,0,0.14,0
24266.33,12,28,10000,1,0,0.963,0
66175.0,12,27,40000,2,20,0.793,1
225679.0,12,28,245000,1,0,0.665,0
814.67,10,22,5000,1,0,0.148,0
14745.0,12,23,10000,2,0,0.671,0
13508.67,8,25,15000,2,20,0.431,1
45286.33,12,26,25000,2,0,0.941,0
174034.0,12,25,170000,2,0,0.502,0
1811.0,8,26,90000,1,0,0.001,0
37419.0,12,26,20000,1,20,0.953,0
15386.67,4,27,70000,1,0,0.176,0
32442.0,12,27,105000,1,0,0.172,0
787.0,10,26,75000,1,0,0.004,0
75961.33,12,24,80000,2,0,0.486,0
52020.33,8,24,25000,3,20,1.0,1
32828.0,12,24,25000,1,0,0.626,0
27644.33,12,24,20000,1,0,0.997,0
11028.0,12,24,35000,1,0,0.241,0
173022.67,12,27,155000,2,0,0.074,0
1832.33,10,28,20000,1,20,0.047,1
2681.0,10,27,25000,1,0,0.013,0
125106.33,12,27,70000,1,0,0.935,0
54120.33,8,27,40000,2,20,0.67,1
3535.33,10,27,115000,1,0,0.008,0
6747.33,10,23,25000,2,20,0.126,1
2231.33,10,27,80000,1,20,0.004,1
53610.0,12,26,100000,3,20,0.364,1
1652.33,8,27,65000,3,20,0.015,0
67887.67,12,29,65000,3,0,0.507,0
99000.67,12,28,50000,2,20,0.965,0
2487.33,6,30,80000,2,0,0.02,0
31398.67,12,29,30000,1,0,0.521,0
31448.0,6,29,110000,1,20,0.141,1
3235.67,12,29,25000,1,0,0.043,1
2137.33,12,27,80000,2,0,0.014,0
58653.67,10,27,30000,2,20,0.977,1
4455.0,2,28,105000,1,0,0.075,0
373321.0,12,27,180000,1,0,1.0,0
58577.33,12,28,60000,1,0,0.497,0
126971.67,12,28,125000,3,0,0.598,0
5335.0,4,28,105000,2,0,0.021,0
903.67,12,28,190000,1,0,0.003,0
82071.33,12,27,120000,2,0,0.341,0
19549.0,8,27,10000,3,20,1.0,0
20721.33,12,27,25000,2,0,0.393,0
15888.33,10,29,100000,2,20,0.053,1
91805.0,12,31,235000,1,0,0.213,0
21247.33,10,25,25000,2,20,0.378,0
34.0,2,29,90000,1,10,0.0,0
131571.0,12,26,90000,1,0,0.731,0
119965.67,10,27,95000,1,20,0.602,1
593.33,6,26,90000,1,0,0.004,1
48476.33,12,25,25000,2,0,0.961,0
18228.67,12,25,10000,1,0,0.903,0
4090.33,12,25,40000,2,0,0.111,1
496.33,12,28,80000,1,0,0.003,0
5603.67,10,29,100000,1,0,0.019,0
47966.67,2,30,90000,1,10,0.799,0
145424.0,6,30,180000,2,0,0.784,0
57447.33,10,25,25000,2,20,1.0,1
31896.67,6,32,15000,2,30,1.0,0
2275.67,12,25,15000,1,0,0.053,0
92066.67,10,28,50000,2,20,0.822,0
2052.67,12,29,130000,1,0,0.002,1
8408.33,8,29,120000,1,0,0.058,0
12978.67,8,29,25000,2,20,0.249,0
26107.67,12,30,200000,1,0,0.032,0
56302.33,6,27,35000,1,40,0.742,1
107081.33,12,30,140000,3,0,0.372,0
42569.33,12,30,40000,1,0,0.503,0
153422.33,8,26,80000,2,40,0.956,1
134365.67,10,28,65000,2,20,1.0,0
3615.0,10,29,90000,1,0,0.021,0
4591.33,10,28,180000,1,0,0.025,0
252031.67,12,29,130000,1,0,0.987,1
910.33,10,29,25000,3,10,0.0,0
72831.0,12,27,40000,2,0,0.996,0
37469.0,12,26,115000,1,0,0.184,0
70244.33,6,26,35000,2,20,1.0,0
27977.0,12,27,135000,2,0,0.091,0
12146.0,10,27,110000,1,0,0.158,0
222791.33,12,28,130000,2,0,0.87,0
5440.0,12,28,80000,1,0,0.014,0
165.33,6,34,140000,1,0,0.002,0
9765.0,12,27,115000,1,0,0.038,0
3484.0,10,31,20000,1,0,0.209,0
166052.0,12,31,85000,1,0,0.981,0
2500.0,0,30,100000,1,30,0.012,1
15212.0,10,28,115000,2,20,0.049,0
631.0,4,27,25000,1,20,0.038,1
38504.67,8,27,75000,2,0,0.28,0
0.0,0,27,150000,1,0,0.0,0
84645.33,12,31,180000,1,0,0.227,0
42380.33,12,31,195000,1,0,0.138,0
46964.0,12,31,25000,1,0,0.983,1
102010.0,12,32,110000,1,0,0.456,0
48553.0,12,27,30000,2,0,0.805,0
574.0,8,28,50000,2,0,0.009,0
8233.67,10,30,145000,2,0,0.037,0
117268.0,12,31,65000,2,0,0.942,1
743.33,12,31,200000,1,10,0.0,0
25557.33,10,32,15000,2,20,0.75,0
1495.0,10,29,130000,1,0,0.009,0
51830.0,12,29,35000,2,0,0.767,0
0.0,0,29,80000,1,10,0.0,1
2687.67,8,30,140000,1,0,0.012,0
18318.0,12,30,250000,1,0,0.067,0
103838.67,12,29,55000,1,0,0.97,0
1525.67,6,29,60000,2,20,0.005,0
15089.67,12,32,25000,1,0,0.375,0
100002.33,12,27,50000,1,0,1.0,0
4102.33,8,29,180000,1,0,0.019,0
6215.67,6,27,10000,1,30,0.224,1
47874.33,12,29,25000,3,0,0.936,0
311136.67,12,30,250000,1,0,0.619,0
26881.67,12,32,25000,1,0,0.508,1
0.0,0,34,125000,3,0,0.0,1
56547.33,12,34,130000,2,0,0.209,0
55383.33,12,34,75000,1,0,0.419,0
50513.67,10,33,40000,1,0,0.747,0
12453.0,12,34,90000,3,0,0.053,0
128962.67,12,40,85000,1,20,0.931,0
5649.0,10,40,150000,1,0,0.019,0
589.67,2,39,115000,1,10,0.0,0
181794.33,12,35,235000,2,0,0.56,0
19430.0,12,37,10000,3,0,0.931,0
2353.67,8,38,35000,1,20,0.039,0
261212.33,12,41,160000,1,0,0.968,0
3788.33,12,39,250000,1,0,0.005,0
1410.0,2,47,180000,2,0,0.005,0
326.0,10,42,90000,1,0,0.002,0
26773.67,10,40,50000,1,20,0.27,1
1522.33,2,40,5000,1,20,0.357,1
15999.67,12,41,10000,2,0,0.84,0
30145.0,8,46,35000,3,20,0.429,0
7043.0,8,26,10000,2,20,0.304,1
12688.67,12,46,250000,1,0,0.022,0
35698.33,10,32,70000,1,20,0.233,0
1261.0,12,39,180000,2,0,0.004,0
4406.67,6,32,80000,2,20,0.035,1
165.0,4,34,100000,1,0,0.001,0
21058.0,10,48,115000,3,20,0.088,0
0.0,0,38,180000,1,0,0.0,1
17918.67,12,40,130000,1,0,0.086,0
55905.33,8,35,25000,2,20,1.0,1
49124.33,12,39,250000,3,0,0.083,0
2920.33,2,38,115000,1,0,0.034,0
123709.67,12,39,170000,2,0,0.437,0
5737.0,12,38,65000,3,0,0.049,0
36809.0,12,47,40000,3,0,0.876,0
396.0,12,40,125000,1,0,0.002,0
87802.33,10,48,70000,2,20,0.615,1
3666.0,2,37,195000,1,0,0.0,1
261055.0,12,37,130000,1,0,0.99,0
72488.33,12,43,80000,2,0,0.435,0
52090.67,6,38,105000,2,0,0.485,0
23966.67,0,48,45000,2,20,0.799,1
2307.67,12,45,145000,1,0,0.008,0
471141.67,12,40,280000,1,0,0.871,0
112781.0,10,37,55000,2,20,1.0,0
63568.67,12,37,175000,3,0,0.201,0
186025.33,12,35,140000,1,0,0.752,0
11490.33,0,40,130000,1,0,0.133,0
230386.0,12,34,220000,2,0,0.608,0
49920.67,12,49,100000,4,0,0.246,0
137126.33,10,32,75000,2,20,0.889,0
60455.67,8,39,25000,1,30,1.0,0
12615.0,12,29,250000,1,0,0.059,0
72761.0,12,29,160000,1,0,0.126,0
132.0,8,34,250000,1,20,0.0,1
3301.67,12,45,250000,1,0,0.003,1
143022.0,12,35,130000,4,0,0.534,0
2184.0,12,39,165000,3,0,0.007,0
342243.67,12,36,180000,2,0,0.942,0
205509.67,8,33,180000,1,0,0.574,0
20794.0,10,33,65000,2,30,0.155,1
206176.33,12,32,160000,2,0,0.878,0
333395.67,12,42,175000,2,0,0.994,1
24344.0,6,38,10000,2,30,1.0,0
8002.0,10,29,100000,1,20,0.046,0
47887.33,8,33,120000,3,20,0.192,0
40272.67,12,29,25000,2,0,0.782,0
8155.67,12,35,5000,3,0,0.754,1
2512.67,6,31,180000,1,10,0.0,0
19813.0,12,30,10000,3,0,0.976,0
0.0,0,47,230000,1,0,0.0,1
63650.33,12,49,90000,1,0,0.345,0
49732.67,12,35,25000,2,0,0.976,0
70593.0,12,32,35000,2,0,0.999,0
12407.67,12,39,70000,2,10,0.072,0
170722.33,12,41,250000,2,0,0.312,0
148925.0,12,44,140000,2,0,0.571,0
71524.33,12,37,55000,2,0,0.625,0
88228.33,12,37,45000,1,0,1.0,0
2430.0,12,38,85000,1,0,0.014,0
136849.33,12,40,145000,1,0,0.467,0
2036.0,6,46,40000,2,20,0.019,0
89417.0,12,43,75000,2,0,0.592,0
77067.0,12,38,40000,3,0,0.989,0
17249.0,12,44,10000,1,0,0.905,1
42509.33,12,36,75000,2,20,0.317,1
14808.67,12,48,150000,1,0,0.017,0
88659.0,10,39,65000,2,30,1.0,0
227667.0,10,41,245000,1,20,0.47,0
51416.0,10,34,60000,2,20,0.41,0
15917.33,4,34,25000,3,20,0.315,1
69152.33,12,28,75000,1,0,0.59,0
225648.0,12,40,360000,1,0,0.428,1
7207.33,2,48,10000,2,0,0.511,0
160580.0,12,35,130000,1,0,0.628,0
170343.33,12,33,120000,1,0,0.699,0
131621.67,10,34,65000,2,20,0.975,1
109467.0,12,38,100000,3,0,0.506,0
62814.0,12,37,70000,2,0,0.46,0
7316.0,8,41,5000,3,30,0.627,0
132227.67,8,38,70000,2,20,0.925,1
7141.67,12,45,10000,3,0,0.262,1
2225.33,12,38,100000,1,0,0.018,0
93722.33,8,44,65000,2,0,1.0,1
35466.0,12,35,180000,1,0,0.029,0
194849.0,12,38,105000,2,20,0.935,1
0.0,0,38,115000,1,0,0.0,0
87238.0,8,44,105000,2,20,0.427,1
3912.67,10,35,100000,2,0,0.04,0
13140.67,12,27,10000,3,0,0.592,1
82568.0,12,28,205000,1,0,0.202,0
214203.0,12,39,140000,4,0,0.813,0
23126.33,12,39,180000,2,0,0.083,0
4338.67,8,28,5000,2,20,0.372,1
14577.33,8,37,10000,2,20,0.722,1
300120.67,12,30,185000,1,0,0.903,0
163769.33,12,48,90000,1,0,0.908,0
0.0,2,38,30000,1,10,0.0,0
58579.33,10,46,40000,1,20,0.718,1
54690.0,8,47,35000,2,0,0.761,0
81075.33,10,32,200000,1,0,0.01,0
9423.33,12,31,75000,1,0,0.093,0
49316.33,10,42,25000,2,20,1.0,0
314354.67,12,41,155000,2,0,1.0,0
63321.33,12,44,100000,2,0,0.358,0
11321.67,12,34,215000,1,0,0.028,0
9944.33,12,40,120000,2,0,0.049,0
155295.67,12,44,180000,2,0,0.525,0
58516.33,12,35,190000,2,0,0.072,0
31431.33,12,41,95000,3,0,0.16,0
108335.67,12,34,175000,1,0,0.343,0
104581.67,12,37,55000,3,0,0.98,0
994.67,10,32,90000,2,0,0.012,0
7155.67,12,35,200000,1,0,0.006,0
58172.67,12,35,250000,1,0,0.008,0
390.0,6,48,85000,2,0,0.002,0
0.0,0,41,180000,3,0,0.0,1
58741.33,12,44,30000,2,0,0.97,0
24861.0,12,32,175000,1,0,0.124,0
8033.33,12,31,250000,2,0,0.026,0
46776.67,12,32,115000,1,0,0.211,0
12000.33,10,35,10000,2,20,0.552,1
13627.67,10,37,120000,2,0,0.047,0
52655.0,12,42,220000,2,0,0.147,0
71291.33,12,31,125000,3,0,0.293,0
468.33,6,38,150000,1,0,0.002,1
7848.67,6,28,90000,2,10,0.131,0
82072.33,12,39,180000,1,0,0.466,0
153285.67,12,38,130000,1,0,0.626,0
68666.67,2,42,40000,1,50,0.931,0
11197.67,8,47,195000,1,0,0.015,0
13766.67,0,42,125000,3,0,0.165,0
104303.67,12,43,50000,2,0,1.0,0
162364.67,12,44,85000,3,0,0.936,0
20725.67,12,45,250000,1,0,0.003,0
419125.0,12,36,205000,2,0,1.0,0
833.33,0,32,180000,1,0,0.007,0
10387.0,12,38,145000,2,0,0.085,0
16569.33,12,44,40000,2,0,0.016,0
8640.33,6,31,140000,1,0,0.03,0
56177.0,12,40,180000,2,0,0.193,0
390.0,12,44,50000,2,0,0.004,0
37775.67,12,31,40000,2,0,0.527,0
46286.0,12,46,40000,1,0,0.658,0
0.0,0,45,90000,1,10,0.0,0
50385.67,12,34,200000,1,0,0.109,0
6509.33,12,48,225000,2,0,0.041,0
62493.67,12,34,40000,1,20,0.765,1
44247.0,12,37,105000,2,0,0.195,0
360.0,12,45,150000,2,0,0.001,0
1329.67,10,41,170000,2,0,0.001,0
61692.67,10,30,55000,1,20,0.548,0
7769.33,12,41,25000,2,0,0.18,0
8395.33,12,40,10000,2,0,0.514,0
24463.33,10,46,8000,4,20,1.0,0
53025.67,4,31,30000,1,0,0.966,0
24387.33,8,31,35000,1,20,0.338,1
29522.33,10,34,35000,2,20,0.389,0
6742.33,12,35,215000,1,0,0.013,0
59348.0,10,39,30000,2,20,0.976,0
12461.67,10,46,100000,1,0,0.145,0
47748.67,8,39,80000,2,30,0.298,0
69677.0,12,40,100000,3,0,1.0,0
126932.67,12,43,250000,1,0,0.249,0
520.0,8,43,25000,2,20,0.016,1
212578.0,12,38,110000,1,0,0.95,0
143876.33,12,48,90000,2,0,0.991,0
125557.0,12,35,155000,2,0,0.402,0
37749.33,12,41,40000,3,0,0.446,0
45837.33,12,37,25000,2,0,0.895,0
1829.33,10,43,200000,1,0,0.0,0
0.0,0,32,140000,1,10,0.0,1
105106.67,10,32,50000,1,20,0.996,0
189930.0,12,42,175000,2,0,0.559,0
4955.0,12,41,5000,3,0,0.452,0
85206.0,12,35,50000,2,20,0.926,0
4293.33,12,38,120000,1,0,0.016,0
552.0,4,46,250000,1,0,0.0,0
150.0,2,36,25000,3,30,0.003,1
39178.67,10,33,15000,2,0,1.0,1
1218.67,8,41,180000,1,0,0.008,0
242077.33,12,49,125000,1,0,0.946,0
188610.67,10,29,130000,2,20,0.731,0
42115.67,12,40,25000,3,0,0.937,0
699.33,12,33,275000,2,0,0.0,0
430703.0,10,46,210000,1,20,1.0,1
88100.67,2,35,65000,2,0,0.999,0
339469.33,12,46,160000,2,0,1.0,0
16100.67,12,47,25000,3,0,0.3,0
9610.0,12,45,155000,1,0,0.029,0
901.67,12,49,170000,1,0,0.005,1
18038.33,12,37,140000,1,0,0.08,0
3982.33,12,32,125000,1,0,0.001,0
73815.67,12,40,40000,2,0,0.902,0
2121.33,8,29,115000,3,10,0.0,1
5636.67,10,37,165000,2,0,0.049,0
921.67,10,41,175000,3,0,0.0,0
416.0,8,35,140000,1,10,0.0,0
71632.33,12,36,70000,1,20,0.538,1
57296.33,12,43,65000,3,20,0.427,0
195064.67,8,35,100000,2,20,0.937,1
5904.0,10,37,140000,1,0,0.006,0
11177.33,10,36,10000,3,0,0.842,0
14090.67,12,47,25000,3,0,0.26,0
23582.67,12,28,15000,3,20,0.768,1
50098.0,12,32,30000,4,0,0.958,0
45510.33,10,32,25000,2,0,0.957,0
19382.33,10,46,10000,3,20,0.972,0
48335.33,6,38,50000,1,0,0.467,1
10242.0,12,34,50000,2,0,0.191,0
422.0,12,39,105000,2,0,0.003,1
27400.0,8,45,10000,3,0,1.0,0
420.0,12,33,65000,2,10,0.0,0
239667.33,12,41,145000,3,0,1.0,0
4753.67,10,45,20000,1,0,0.264,0
9805.67,12,33,5000,2,0,1.0,0
17863.67,12,39,180000,2,0,0.028,0
0.0,0,44,105000,3,10,0.0,1
314.67,8,39,115000,1,20,0.001,0
10457.67,8,35,30000,2,20,0.158,1
149847.67,12,35,75000,1,0,1.0,0
27211.67,12,44,115000,1,0,0.113,0
450.0,2,35,55000,1,30,0.004,1
1318.0,12,39,75000,3,0,0.011,0
27172.67,12,38,175000,1,0,0.051,0
91452.0,12,44,50000,3,0,0.901,1
64384.67,12,30,100000,2,0,0.327,0
2433.0,12,34,100000,2,0,0.003,0
9468.33,12,35,5000,2,20,0.924,0
47948.33,12,30,100000,1,0,0.231,0
199794.0,12,34,120000,2,0,0.811,0
2064.33,12,38,145000,1,0,0.008,0
71926.67,12,31,40000,2,0,0.918,0
52426.33,10,39,40000,2,20,0.64,1
37266.33,12,29,160000,1,0,0.146,0
91902.33,10,39,70000,3,20,0.64,1
20710.0,8,32,30000,2,20,0.036,0
94000.0,8,34,75000,4,0,0.613,0
650.0,4,39,10000,3,20,0.039,0
2967.33,2,44,25000,2,0,0.064,1
61505.33,12,35,75000,2,0,0.444,0
17905.67,10,36,10000,2,20,0.821,0
78274.0,12,46,40000,3,20,0.964,1
849.67,12,36,25000,2,0,0.013,0
164559.67,4,48,95000,1,0,0.996,0
172282.67,12,35,95000,3,0,0.9,0
44350.0,12,30,70000,2,0,0.316,0
81538.0,12,33,80000,2,0,0.493,0
3665.33,10,35,290000,1,0,0.016,0
0.0,6,43,250000,1,10,0.0,0
61724.0,12,38,65000,2,0,0.47,0
9222.33,12,44,150000,3,0,0.002,0
196200.67,12,45,150000,2,10,0.381,1
982.67,12,34,60000,2,0,0.01,0
964.33,8,30,110000,1,0,0.013,0
260.0,4,44,5000,2,0,0.039,0
30497.33,10,47,30000,2,20,0.489,1
571.67,12,32,75000,3,0,0.01,0
124723.0,12,41,65000,2,0,0.957,0
28293.0,12,49,105000,3,0,0.133,0
22296.67,12,36,35000,2,0,0.298,0
28311.67,8,37,65000,2,20,0.2,1
11918.33,6,46,35000,3,20,0.161,1
87363.67,12,48,130000,4,0,0.521,1
53168.67,12,29,30000,2,0,0.848,0
36820.67,12,33,55000,1,0,0.086,0
475.67,6,33,115000,2,10,0.0,0
663.67,8,33,50000,3,20,0.0,0
217312.67,12,42,180000,3,0,0.631,0
3282.67,10,43,60000,1,0,0.026,0
11371.0,12,41,115000,3,0,0.042,1
20190.33,12,31,75000,2,0,0.127,0
105034.67,4,31,225000,1,20,0.341,1
60302.33,10,31,75000,1,30,0.383,1
58745.0,12,41,85000,1,0,0.414,0
4701.0,12,40,135000,1,0,0.014,0
0.0,2,38,250000,1,0,0.0,0
933.67,4,35,150000,1,0,0.004,0
14102.67,12,35,75000,1,0,0.125,0
358606.33,12,34,180000,1,0,0.973,0
74089.33,8,42,55000,2,20,0.639,1
63431.33,12,38,180000,1,0,0.131,0
0.0,0,37,110000,1,0,0.0,1
92805.0,12,45,115000,1,0,0.401,0
1665.0,12,47,250000,3,0,0.003,0
42413.67,12,43,105000,2,0,0.231,0
16376.67,12,47,250000,2,0,0.037,0
20243.0,8,33,15000,3,30,0.664,1
56326.33,10,45,245000,3,20,0.115,0
237435.0,12,48,120000,2,0,0.987,0
65512.0,10,46,100000,1,20,0.321,1
466043.67,12,42,245000,2,0,0.93,0
228515.33,12,47,120000,2,0,0.856,0
1636.0,4,29,80000,1,0,0.031,0
1056.0,8,30,30000,2,20,0.015,0
152974.0,12,40,80000,4,0,0.952,0
96787.33,12,42,200000,3,0,0.238,1
157301.33,12,33,160000,2,0,0.794,0
4019.0,4,38,170000,1,0,0.027,0
134501.67,12,45,120000,3,0,0.564,0
33710.67,10,30,50000,1,20,0.332,1
15433.67,8,46,25000,1,20,0.264,0
95.0,6,36,100000,1,10,0.0,0
44923.0,12,44,140000,3,0,0.137,0
3161.0,10,37,180000,2,0,0.001,0
16396.0,6,43,10000,2,40,0.715,1
1666.67,12,47,80000,1,0,0.002,0
32880.67,2,29,15000,2,70,1.0,1
12519.67,10,29,45000,1,20,0.128,1
13897.67,12,43,10000,2,0,0.636,1
39917.33,10,30,50000,3,20,0.377,1
300.0,0,40,10000,3,30,0.015,1
42109.0,12,40,150000,3,0,0.133,0
67228.0,12,31,35000,2,0,0.971,0
6495.0,6,42,5000,1,40,0.674,0
8385.67,12,42,25000,2,0,0.144,0
219238.33,10,40,140000,2,20,0.85,0
7973.0,10,44,5000,3,20,0.782,0
8428.0,10,29,5000,2,0,0.828,1
15414.67,10,29,10000,1,20,0.692,0
71712.0,12,30,100000,1,0,0.351,0
72286.0,12,34,70000,2,0,0.505,0
85188.33,12,32,50000,1,0,0.838,0
1001.0,12,33,85000,1,0,0.014,0
326.0,12,33,80000,3,0,0.002,0
4473.33,10,38,95000,2,0,0.02,0
134888.67,12,36,90000,2,0,0.747,0
44.0,0,36,250000,1,10,0.0,0
3380.33,12,42,170000,1,0,0.02,0
20550.0,0,42,60000,3,20,0.514,1
22374.67,12,38,90000,1,0,0.119,0
5081.0,12,48,100000,3,0,0.014,0
26303.0,12,45,115000,1,0,0.108,0
49428.33,12,27,60000,1,0,0.378,0
56293.0,12,46,75000,1,0,0.464,0
2426.33,12,27,40000,2,20,0.047,1
49484.0,12,27,45000,2,20,0.547,0
5882.0,12,28,100000,1,0,0.029,0
12533.67,12,28,120000,3,0,0.093,0
119252.67,12,28,60000,1,0,1.0,0
217.33,10,29,60000,2,10,0.0,1
301747.33,12,29,115000,1,20,1.0,0
476.0,12,34,115000,1,0,0.002,0
2500.0,0,32,125000,1,30,0.01,1
5450.67,0,32,165000,1,0,0.05,1
167078.33,12,32,235000,2,0,0.376,0
833.33,0,33,155000,1,20,0.008,1
1348.0,8,48,10000,3,20,0.076,1
6027.0,12,45,75000,3,0,0.041,0
18441.67,10,35,15000,2,20,0.0,1
905.67,8,37,165000,1,0,0.002,0
1033.33,2,42,90000,1,0,0.009,0
2098.67,4,38,180000,2,0,0.004,0
125610.67,12,43,75000,2,0,0.814,0
1743.33,10,42,140000,3,10,0.0,0
17523.33,12,39,65000,3,0,0.398,0
131704.0,10,47,120000,2,20,0.521,0
25979.33,12,41,45000,2,0,0.033,0
83363.0,12,41,95000,2,20,0.35,0
18127.67,12,41,10000,1,0,0.99,0
45289.33,12,40,25000,2,20,0.85,1
740.67,4,27,80000,1,0,0.007,0
32275.33,8,31,30000,3,20,0.527,1
58372.0,6,27,75000,1,0,0.379,0
36676.33,12,27,50000,1,20,0.347,1
20931.33,10,35,30000,2,20,0.337,0
10991.0,10,37,110000,1,0,0.04,0
69036.0,10,49,65000,1,20,0.529,1
7684.0,8,42,5000,3,20,0.809,1
4119.67,6,31,100000,3,0,0.032,0
149752.67,12,42,75000,3,0,0.992,0
26461.67,12,32,50000,1,0,0.266,0
289985.33,12,36,150000,2,20,0.951,1
216.67,8,30,80000,1,10,0.0,1
16722.67,10,31,250000,1,0,0.06,0
76281.67,10,34,40000,3,20,0.906,1
87503.0,10,31,45000,2,20,0.857,0
3545.0,12,33,160000,1,0,0.006,0
55431.0,12,35,195000,1,0,0.038,0
14041.33,4,40,15000,2,40,0.485,1
894.0,10,34,85000,2,10,0.0,0
89733.67,10,36,100000,1,20,0.445,1
13224.33,12,48,190000,4,0,0.046,0
450.0,4,43,130000,1,0,0.005,0
5244.0,12,32,180000,1,0,0.021,0
8607.0,12,35,120000,1,0,0.008,0
21654.0,8,31,50000,1,20,0.205,0
85668.0,12,39,45000,2,0,0.979,1
25797.67,12,38,145000,2,0,0.25,0
15398.67,12,42,40000,3,20,0.14,0
7433.33,12,39,120000,1,0,0.061,0
18962.0,12,29,15000,1,0,0.599,0
29847.0,12,42,15000,2,20,0.983,0
19986.33,12,33,25000,2,0,0.377,1
1445.0,12,37,90000,3,0,0.006,1
15293.0,10,32,155000,2,20,0.037,0
52936.0,12,35,40000,1,0,0.652,0
47648.67,6,42,25000,2,20,0.991,0
62421.67,12,35,195000,3,0,0.142,0
113770.67,12,39,220000,1,0,0.274,0
190.67,10,30,25000,2,10,0.0,0
148193.0,12,33,105000,1,0,0.737,0
134395.67,12,34,115000,3,0,0.596,0
28297.33,12,43,25000,2,0,0.554,0
520.0,4,48,50000,3,20,0.004,1
41217.33,10,46,40000,1,20,0.506,0
177209.67,12,28,125000,3,0,0.999,0
3033.33,12,45,75000,3,0,0.003,0
140778.33,12,42,70000,3,0,0.985,0
336037.67,12,35,265000,1,0,0.641,0
17982.33,8,30,10000,1,20,0.843,1
68324.33,12,29,65000,1,0,0.547,0
14998.67,4,34,10000,3,40,0.776,0
35224.67,6,38,25000,2,30,0.675,1
504405.0,10,37,235000,3,20,1.0,1
336702.67,12,41,155000,2,0,1.0,0
0.0,4,49,90000,2,0,0.0,0
5542.33,4,45,155000,1,0,0.029,0
14128.0,6,42,80000,1,20,0.088,1
132690.33,12,32,250000,2,20,0.253,0
274299.0,12,37,190000,2,0,0.76,0
14206.33,10,35,125000,1,0,0.091,0
27010.0,12,39,250000,1,0,0.044,0
7708.67,12,33,105000,1,0,0.051,0
166.67,2,46,125000,1,0,0.0,1
60198.0,12,28,30000,1,20,0.985,0
10001.67,12,44,100000,2,0,0.024,0
45216.0,10,30,100000,1,20,0.222,1
18806.33,8,44,10000,2,20,0.916,0
1076.67,12,41,180000,1,0,0.001,1
30433.33,0,39,50000,2,0,0.913,0
97780.0,12,37,90000,2,0,0.572,0
0.0,0,46,190000,1,10,0.0,0
50140.33,12,28,25000,3,0,0.989,0
145170.33,12,32,100000,1,0,0.708,0
580.0,12,41,100000,1,0,0.003,1
206654.67,12,32,140000,1,0,0.778,0
0.0,8,34,100000,1,10,0.0,0
156629.0,12,30,75000,1,0,1.0,0
330254.33,12,31,180000,2,0,0.999,1
2353.33,12,35,115000,1,0,0.002,0
17098.0,12,35,120000,2,0,0.077,0
3404.67,4,40,210000,1,20,0.01,0
17585.33,12,37,225000,1,0,0.037,0
8699.0,12,34,5000,3,0,0.882,0
31868.0,6,30,50000,2,0,0.372,0
0.0,0,45,90000,1,10,0.0,1
9105.67,12,43,5000,3,0,0.954,0
16935.0,12,43,10000,3,0,0.796,1
17826.0,6,32,25000,1,30,0.301,1
53056.67,10,32,125000,1,0,0.223,0
121056.0,12,48,75000,2,0,0.791,0
29481.33,12,30,15000,2,0,1.0,0
394299.67,10,31,250000,1,0,0.802,0
68364.33,12,31,60000,1,0,0.539,0
5817.67,12,31,100000,1,0,0.077,0
110911.33,12,44,170000,3,0,0.322,0
13092.33,12,44,10000,2,0,0.985,0
9332.67,10,37,10000,2,0,0.578,0
16784.33,6,33,10000,3,20,0.812,0
8647.0,8,34,110000,1,0,0.066,0
2272.33,12,34,10000,2,0,0.14,0
543.33,8,30,140000,2,30,0.002,0
48830.0,4,49,200000,1,0,0.097,0
291978.67,12,45,155000,1,0,1.0,0
30042.0,12,37,15000,1,0,0.97,1
71600.0,12,38,40000,2,0,0.915,0
9064.33,10,44,5000,4,0,0.896,0
63814.67,12,47,35000,3,0,0.971,0
0.0,4,37,195000,1,0,0.0,0
267828.0,10,43,170000,3,20,0.739,0
117277.67,10,41,90000,1,20,0.639,1
31537.0,12,31,50000,1,0,0.305,1
7581.33,6,37,180000,2,0,0.002,0
50633.0,10,44,25000,3,20,0.998,0
45592.33,8,33,180000,2,0,0.167,0
22454.0,12,39,25000,2,0,0.537,0
124490.0,12,35,75000,2,0,0.864,0
18585.0,10,30,10000,3,0,0.957,0
134824.33,12,44,75000,1,0,1.0,1
46274.0,12,42,25000,3,0,0.904,0
4754.0,12,40,250000,2,0,0.002,0
4716.67,12,39,140000,2,0,0.005,0
159558.67,12,49,135000,2,20,0.584,0
56121.67,8,42,55000,2,20,0.483,0
128260.67,12,31,140000,2,0,0.489,0
1316.0,12,33,100000,2,0,0.011,0
27733.0,6,37,15000,2,20,0.86,1
128476.67,12,44,65000,3,0,0.959,0
8610.67,10,33,220000,1,0,0.007,0
77782.67,10,37,85000,2,20,0.459,0
48596.0,12,38,25000,1,0,1.0,0
53828.0,12,40,60000,3,0,0.268,0
46902.67,12,37,250000,1,0,0.1,0
9535.0,6,31,60000,1,0,0.131,0
70374.33,12,33,90000,2,0,0.362,0
1547.33,10,33,175000,1,0,0.007,1
9154.67,8,30,10000,2,0,0.377,0
15672.67,10,39,80000,2,20,0.092,1
4505.67,10,37,145000,1,0,0.0,0
3312.67,8,30,90000,2,20,0.018,0
1102.33,2,32,100000,1,0,0.006,1
1443.0,12,39,105000,2,0,0.007,0
8340.0,12,30,35000,2,10,0.0,0
167677.0,12,38,140000,2,20,0.585,1
1524.67,2,31,60000,3,10,0.0,1
1420.67,8,45,130000,1,0,0.023,0
339280.33,12,31,170000,1,0,1.0,0
53404.0,12,29,130000,1,0,0.216,0
34598.0,12,29,70000,1,0,0.243,0
46476.67,12,36,70000,2,10,0.852,0
189707.67,8,38,100000,2,20,0.927,0
23548.33,12,43,25000,2,0,0.586,1
11436.67,2,27,65000,2,0,0.169,0
39834.67,2,27,65000,1,0,0.551,0
28252.33,10,28,25000,2,20,0.531,0
19925.67,10,28,10000,3,20,0.99,0
22426.67,12,28,195000,1,0,0.048,0
47048.0,12,28,25000,2,20,0.915,0
24070.0,10,29,15000,2,20,0.806,0
50087.67,12,33,120000,2,0,0.063,0
7631.67,12,31,90000,1,0,0.035,0
32884.0,12,31,210000,1,0,0.018,0
52797.67,12,33,60000,1,20,0.434,1
5241.67,8,34,225000,1,0,0.028,0
7423.0,2,34,10000,1,0,0.978,1
9.0,4,35,180000,2,0,0.0,1
29476.0,10,40,175000,2,0,0.081,0
155679.33,12,44,90000,3,0,0.956,0
401549.0,10,41,205000,2,0,0.958,0
46822.0,12,36,25000,3,0,0.898,0
41433.67,12,36,215000,3,0,0.083,0
5206.67,8,48,100000,3,0,0.037,0
47436.33,10,35,90000,1,0,0.29,0
26129.67,12,35,100000,1,0,0.148,0
156525.67,10,35,80000,2,20,0.971,1
74385.0,12,47,50000,2,0,0.727,0
85463.67,12,44,70000,2,20,0.603,1
2600.67,10,43,60000,2,0,0.033,0
527.0,10,37,180000,1,10,0.0,0
75643.33,12,41,60000,1,0,0.962,1
23204.33,12,37,155000,1,0,0.151,0
14524.33,12,44,90000,1,0,0.082,0
115491.67,12,46,80000,2,0,0.731,0
53695.0,12,48,25000,2,20,1.0,1
28040.67,12,40,150000,2,0,0.085,0
52178.67,10,43,250000,3,0,0.115,0
6070.33,6,39,115000,2,20,0.0,0
668.67,6,45,150000,3,20,0.003,0
603.33,4,41,90000,2,0,0.0,0
1207.0,12,45,140000,2,0,0.004,0
2887.0,6,47,10000,3,0,0.195,0
6054.33,12,37,180000,1,0,0.015,0
19734.33,12,37,10000,2,0,0.985,0
77917.0,12,35,125000,1,0,0.283,0
117722.67,10,45,60000,1,0,0.986,0
38293.67,10,44,50000,4,20,0.402,0
13239.33,12,47,25000,3,20,0.235,0
4487.33,10,31,235000,3,20,0.019,0
16763.33,8,45,40000,2,0,0.129,0
30168.0,12,29,55000,2,0,0.285,0
267597.0,12,30,140000,2,0,0.934,0
1799.67,6,37,100000,1,0,0.018,0
38718.67,12,45,85000,3,0,0.205,0
36938.0,12,41,30000,2,10,0.0,0
183648.33,12,36,90000,2,0,1.0,0
0.0,0,43,150000,2,0,0.0,1
145900.67,6,40,75000,2,0,0.949,1
12016.67,4,39,105000,1,0,0.135,0
41461.67,12,37,25000,3,0,0.405,0
390.0,12,45,25000,1,0,0.008,1
0.0,0,35,150000,2,0,0.0,0
78118.33,12,43,40000,2,0,0.984,0
152043.33,12,31,85000,2,0,1.0,0
17662.67,12,44,25000,3,0,0.399,0
139367.33,12,40,70000,2,0,0.995,1
27286.33,12,36,175000,2,0,0.093,1
1226.0,6,45,10000,2,0,0.042,0
699.0,2,32,85000,1,20,0.012,1
23824.67,10,40,10000,3,0,0.881,1
21763.33,12,44,120000,2,0,0.1,0
40136.67,12,40,25000,2,0,0.637,1
273141.0,12,41,115000,2,0,1.0,1
2944.0,12,35,50000,1,20,0.035,0
13784.33,10,45,150000,1,0,0.01,0
90051.67,4,42,45000,2,0,0.968,1
170311.0,12,32,105000,1,0,1.0,0
7909.67,12,44,25000,2,0,0.202,0
117631.0,12,46,200000,2,0,0.283,0
20974.33,12,37,150000,1,0,0.067,0
128800.33,10,32,75000,1,20,0.841,0
383877.67,12,35,250000,1,20,1.0,1
520.0,8,38,150000,2,30,0.0,1
0.0,0,45,150000,1,10,0.0,0
5335.33,8,33,75000,1,20,0.041,0
200271.0,12,32,205000,1,0,0.485,0
78263.0,12,33,40000,1,0,0.966,0
16477.67,10,33,25000,3,0,0.179,0
315.33,8,33,70000,3,0,0.004,0
855.33,2,33,75000,2,20,0.007,1
20236.0,12,33,10000,1,0,1.0,0
8782.33,12,33,100000,1,0,0.061,0
79359.67,12,42,55000,2,0,0.73,0
227998.0,12,41,115000,2,20,0.978,1
17789.67,10,49,25000,2,20,0.347,1
46653.67,10,49,25000,2,20,0.947,0
10559.67,10,49,25000,1,20,0.516,0
264.0,10,50,155000,1,0,0.001,0
253.33,4,49,5000,2,10,0.0,1
65893.0,8,50,50000,3,30,0.662,0
2559.0,12,50,350000,2,0,0.005,0
17.0,8,50,165000,1,0,0.0,0
5598.67,8,46,150000,2,0,0.005,0
235322.33,12,49,250000,3,0,0.522,0
706.67,4,51,5000,3,20,0.0,0
69714.0,12,50,35000,3,0,0.982,0
31652.33,12,50,55000,2,10,0.0,0
180719.0,6,50,125000,2,0,0.953,0
506929.67,8,50,275000,3,20,0.894,1
299.33,6,47,195000,1,0,0.002,0
101286.33,10,51,50000,4,20,1.0,0
17940.67,12,47,10000,2,20,0.865,1
159265.67,6,50,180000,2,0,0.616,0
10488.33,12,50,30000,2,0,0.131,0
17178.0,8,51,75000,2,20,0.115,1
153453.0,12,49,180000,3,0,0.474,0
49789.67,10,49,25000,1,0,0.979,0
155740.67,12,50,85000,1,20,0.897,0
196735.0,10,51,150000,2,20,0.661,0
3251.67,12,51,75000,3,0,0.026,0
403.33,4,51,150000,3,0,0.004,0
18993.33,12,57,250000,1,0,0.037,0
1.0,2,57,80000,2,0,0.0,1
9939.0,12,54,25000,1,20,0.183,0
8275.67,10,56,5000,3,20,1.0,0
84294.67,10,54,50000,3,30,0.815,1
155579.0,10,58,150000,1,20,0.494,1
26221.33,10,57,15000,2,0,0.83,1
90144.33,12,52,45000,1,0,1.0,0
27811.0,12,53,15000,3,0,0.989,0
116887.67,12,53,70000,3,0,0.951,0
49922.67,12,53,25000,1,0,0.99,0
188252.0,8,53,50000,4,0,1.0,0
29555.67,12,49,15000,2,0,0.99,0
2193.0,8,51,80000,3,0,0.025,1
7944.33,10,57,5000,3,20,0.752,0
472.0,8,57,85000,2,0,0.005,1
48480.33,12,48,25000,1,0,0.962,0
1850.0,8,53,250000,3,20,0.01,0
486871.0,12,55,250000,3,20,1.0,1
7420.0,6,59,10000,2,30,0.301,1
17425.0,8,52,10000,2,0,0.818,0
61850.67,12,54,40000,4,0,0.768,1
64238.0,10,58,250000,1,20,0.13,0
17320.0,12,62,10000,3,0,0.815,0
85915.0,12,56,95000,2,0,0.553,0
85259.0,12,59,80000,2,0,0.539,0
195318.67,12,51,85000,1,0,1.0,1
78693.67,12,54,40000,2,0,1.0,1
179068.67,12,57,90000,2,0,1.0,0
44192.0,10,51,25000,3,20,1.0,1
103881.67,4,62,35000,2,60,1.0,0
11848.67,8,55,10000,2,20,0.515,1
7915.67,12,48,165000,2,0,0.003,0
1344.67,12,57,165000,3,0,0.011,0
1337.33,12,51,160000,1,0,0.006,0
2102.0,8,59,70000,3,0,0.02,0
16821.33,12,55,10000,2,0,0.79,0
762.0,12,53,35000,3,20,0.01,0
507734.67,12,67,120000,2,0,1.0,0
173515.0,12,52,230000,2,0,0.386,0
85831.33,12,56,40000,1,0,1.0,1
17151.67,10,56,10000,2,20,0.77,0
4514.67,12,54,100000,3,20,0.009,1
1329.67,8,51,100000,2,20,0.001,1
729.67,2,53,210000,3,0,0.009,0
31148.67,6,54,65000,2,0,0.232,0
1356.67,2,53,15000,2,20,0.0,1
55472.0,12,51,55000,2,0,0.491,1
10781.0,10,51,180000,2,0,0.039,0
49501.67,12,56,25000,2,20,0.963,0
60646.67,12,54,35000,3,0,0.922,0
23381.67,12,59,210000,3,0,0.058,0
38366.33,12,57,25000,3,0,0.991,0
833.33,0,55,225000,2,20,0.006,1
30953.67,12,56,25000,2,0,0.762,0
14976.67,4,53,10000,3,40,0.775,1
2487.0,0,51,125000,1,30,0.01,1
19094.67,12,53,10000,2,0,0.943,0
229865.67,12,57,120000,3,0,0.936,0
48422.67,12,52,25000,3,0,0.952,1
180262.0,12,65,90000,3,0,1.0,1
176445.67,12,71,125000,1,0,0.696,0
27807.0,10,52,15000,3,20,0.856,0
43857.33,10,55,25000,3,20,0.805,1
18028.0,8,62,10000,2,20,0.877,0
170851.33,12,52,130000,3,0,0.721,1
897.33,8,54,65000,3,0,0.001,0
1822.0,6,51,245000,2,20,0.0,1
148519.0,10,52,75000,3,20,0.953,1
19416.0,6,53,15000,3,20,0.612,1
0.0,0,54,25000,2,10,0.0,1
144669.0,10,53,165000,3,0,0.427,0
173440.67,12,52,165000,2,0,0.518,0
92666.33,12,56,70000,3,20,0.646,1
540.0,0,55,20000,2,10,0.0,1
390.0,12,54,180000,3,0,0.001,0
27878.0,12,59,40000,2,20,0.309,1
490810.0,12,56,365000,3,0,1.0,0
148450.33,12,63,90000,1,0,0.877,0
68641.0,10,64,95000,3,20,0.346,0
835.33,12,57,25000,3,0,0.008,0
39141.33,12,56,115000,1,0,0.167,0
18951.0,12,53,10000,3,0,0.954,0
114250.0,12,56,65000,2,0,0.932,0
593.33,2,53,15000,4,0,0.059,1
286.67,4,57,180000,1,10,0.0,0
16259.67,6,52,50000,2,20,0.154,0
187405.67,12,55,90000,3,0,1.0,0
1606.33,10,53,105000,2,20,0.0,0
346238.33,12,53,170000,2,0,1.0,1
13849.0,10,52,10000,1,0,1.0,0
1590.0,12,52,10000,2,0,0.05,0
489992.33,12,54,250000,1,0,0.987,0
3967.67,12,53,180000,1,0,0.002,0
47871.67,12,54,25000,3,0,0.954,0
20.0,10,54,265000,2,0,0.0,0
1812.0,12,59,130000,1,0,0.007,0
35753.67,4,50,20000,3,20,0.897,1
24622.67,12,60,15000,2,0,0.786,0
96835.67,8,55,120000,1,40,0.414,1
205947.0,10,55,160000,1,20,0.627,1
9410.67,10,61,35000,3,30,0.127,0
1302.33,10,58,100000,2,20,0.009,0
3104.33,12,51,180000,1,0,0.008,0
26772.67,12,51,55000,2,0,0.234,1
79684.67,10,52,40000,3,20,0.965,1
768.0,2,52,100000,1,10,0.0,0
260.0,4,56,50000,3,0,0.004,1
4915.33,12,53,80000,3,0,0.005,0
0.0,0,55,70000,1,10,0.0,1
71422.67,12,55,150000,2,0,0.233,0
47749.33,10,59,25000,3,20,0.97,0
48718.67,12,29,25000,2,0,0.998,1
50419.33,12,29,25000,1,0,1.0,0
11229.67,12,34,25000,2,20,0.227,0
17133.33,0,38,25000,2,0,1.0,1
2239.33,12,29,105000,1,0,0.013,0
21945.67,12,26,75000,1,0,0.162,0
0.0,0,29,95000,2,0,0.0,0
38607.0,12,26,40000,1,20,0.464,1
9162.33,10,28,50000,1,0,0.049,0
17666.67,12,27,10000,2,0,0.943,0
20019.0,12,29,200000,1,0,0.019,0
51975.33,12,28,50000,2,0,0.507,0
30384.67,12,22,15000,2,20,1.0,0
74296.67,6,26,75000,2,20,0.544,0
62268.0,12,24,30000,2,0,1.0,1
81348.67,12,26,70000,3,0,0.667,0
29890.0,12,25,40000,1,0,0.671,0
51300.0,6,26,100000,2,0,0.77,0
3644.33,10,28,205000,1,0,0.013,0
44253.67,12,26,25000,2,0,0.876,0
34442.0,10,25,25000,2,20,0.68,1
6242.0,6,26,50000,2,20,0.061,1
74173.0,12,24,95000,2,0,0.083,0
121224.0,8,27,60000,2,20,1.0,1
18283.67,12,22,10000,1,0,0.846,0
16879.0,12,22,15000,2,20,0.552,0
15041.67,8,22,10000,3,20,0.819,1
16362.67,10,22,10000,2,0,0.762,1
3121.0,12,22,40000,2,0,0.022,0
78143.0,12,23,40000,2,0,0.98,0
2735.67,12,23,25000,1,0,0.069,0
82137.0,10,23,40000,1,20,1.0,1
50304.33,10,23,25000,1,20,0.992,0
198.0,8,24,25000,2,0,0.012,0
6804.0,12,24,40000,2,0,0.005,0
20753.33,2,24,10000,2,30,0.962,1
9886.33,8,24,35000,3,0,0.12,0
6063.33,2,23,65000,2,0,0.067,0
9095.67,8,21,5000,2,30,0.68,1
49365.67,12,23,25000,2,20,1.0,1
10972.67,8,23,25000,1,20,0.2,0
15800.0,12,22,10000,2,0,0.754,0
2445.0,10,22,40000,1,0,0.023,0
70496.0,12,23,35000,2,0,0.999,1
0.0,2,22,5000,2,10,0.0,0
41214.33,10,23,60000,2,20,0.329,0
16368.33,8,23,10000,2,20,0.754,0
2249.67,6,23,25000,2,20,0.017,0
13129.67,12,24,10000,1,0,0.714,0
38989.67,12,23,20000,2,0,0.985,0
71400.33,12,23,40000,1,0,0.98,0
4828.67,4,24,10000,2,20,0.235,1
68311.0,12,24,65000,2,0,0.508,0
25428.67,12,24,50000,2,0,0.533,0
91478.33,12,24,60000,2,0,0.778,0
45865.67,12,24,25000,3,0,0.973,0
184777.0,12,24,95000,2,0,0.967,0
11805.33,10,25,25000,1,0,0.418,0
16255.0,12,54,10000,3,20,0.719,0
3554.67,2,23,25000,1,10,0.0,0
16879.0,10,23,25000,1,20,0.305,0
56477.33,10,22,40000,2,20,0.663,1
9018.33,10,22,5000,3,20,0.772,1
19310.67,12,22,25000,2,0,0.366,0
49407.33,12,22,25000,2,0,1.0,1
45980.67,12,23,25000,2,20,0.989,0
0.0,0,22,10000,2,10,0.0,0
19771.0,10,27,30000,1,20,0.322,1
10714.0,12,23,25000,2,20,0.182,0
48728.0,12,23,25000,2,0,0.951,1
650.0,2,21,10000,2,20,0.02,0
17165.0,8,23,10000,2,30,0.721,1
24778.0,8,23,40000,3,20,0.286,1
12483.67,12,24,25000,3,20,0.218,1
15451.67,10,24,60000,2,0,0.229,0
34739.33,10,24,25000,1,0,0.864,0
111987.67,10,24,55000,1,20,1.0,1
27290.0,10,24,15000,2,20,0.89,0
1328.67,10,23,55000,2,20,0.014,1
16677.33,6,23,10000,2,20,0.784,0
46950.67,12,23,25000,2,0,0.953,0
50567.33,10,24,25000,1,20,0.97,1
38603.33,12,24,25000,2,0,0.873,0
21367.0,12,22,10000,2,20,1.0,0
149526.0,12,36,100000,2,0,0.923,0
2941.0,10,24,15000,1,0,0.066,0
112911.0,8,23,65000,3,0,0.843,0
9768.0,10,24,10000,2,0,0.213,0
19244.0,12,23,10000,1,0,0.968,0
53893.0,10,23,30000,2,20,0.99,0
19073.33,2,24,15000,1,20,0.922,0
26903.0,12,22,15000,2,20,0.933,1
54216.33,12,24,60000,2,0,0.465,0
21726.0,10,24,15000,2,20,0.679,0
27115.67,12,24,15000,1,0,0.87,0
23368.0,10,24,30000,2,20,0.398,1
47232.67,12,25,25000,2,0,0.914,1
9951.33,12,25,15000,2,0,0.298,0
4651.0,8,25,135000,1,0,0.019,0
163311.67,12,25,180000,1,0,0.446,0
25510.67,12,26,225000,3,0,0.064,0
4774.0,6,25,25000,1,20,0.181,0
27046.0,12,25,25000,3,0,0.545,0
54622.0,12,25,60000,1,0,0.484,0
8600.67,8,26,20000,1,20,0.198,1
64032.33,12,24,70000,2,0,0.448,0
419.0,2,25,100000,2,0,0.0,0
238.33,2,25,15000,2,0,0.014,0
16433.0,6,25,15000,2,0,0.516,0
28543.0,8,25,15000,1,20,0.978,1
27298.33,8,25,15000,2,20,0.851,0
3027.67,8,25,55000,1,20,0.025,1
34536.33,8,24,25000,1,20,0.668,0
130064.33,8,24,65000,2,0,1.0,0
43629.0,12,25,25000,2,0,0.949,1
76201.0,12,25,75000,1,0,0.585,0
21210.0,12,25,15000,2,0,0.701,1
15251.67,10,23,25000,2,0,0.303,0
16815.0,12,23,10000,2,0,0.852,0
63123.67,10,24,115000,2,20,0.282,0
661.67,10,25,140000,1,0,0.004,0
5777.33,8,24,25000,2,0,0.116,0
42166.0,12,23,65000,2,0,0.346,0
560.0,8,25,10000,1,10,0.0,0
70526.67,12,26,40000,3,0,0.869,0
75739.67,12,24,50000,1,0,0.849,0
90855.67,8,24,45000,2,20,0.993,1
1634.33,12,24,10000,1,0,0.022,0
976.0,12,24,70000,2,20,0.011,1
291.0,12,24,75000,1,0,0.002,1
988.67,10,24,70000,1,20,0.006,0
24306.67,12,24,25000,2,20,0.47,0
489.67,6,24,15000,3,10,0.0,0
0.0,2,22,55000,2,0,0.0,0
0.0,8,23,40000,1,0,0.004,0
22860.67,10,23,15000,2,20,0.724,1
20183.0,8,23,45000,2,0,0.312,0
50010.67,12,25,40000,2,0,0.598,0
9793.33,8,25,15000,2,30,0.303,1
19641.33,10,24,10000,1,20,0.967,0
4731.0,12,24,15000,2,0,0.125,0
2364.67,6,24,40000,1,20,0.028,0
69920.67,12,23,45000,2,0,0.978,0
45844.33,12,25,25000,2,0,0.938,0
14834.0,10,22,10000,1,20,0.686,1
7503.0,12,22,5000,2,0,0.649,0
66614.67,12,23,40000,3,0,0.836,0
62316.33,12,25,30000,2,0,1.0,1
48314.33,12,25,25000,1,0,1.0,0
24261.0,12,22,15000,3,0,1.0,0
33535.67,8,23,15000,2,20,1.0,0
7097.33,12,24,5000,1,0,0.663,0
1684.0,6,26,25000,1,0,0.101,0
3719.0,4,24,145000,1,0,0.038,0
28197.67,12,24,50000,1,0,0.104,0
34687.33,10,26,20000,3,20,0.845,1
127984.67,12,26,65000,2,20,1.0,1
4268.67,12,26,50000,2,0,0.02,0
0.0,2,27,180000,1,0,0.0,0
78145.0,12,23,55000,1,0,0.716,0
59332.0,12,23,75000,2,0,0.392,0
4772.67,12,23,50000,1,0,0.048,0
48405.67,8,23,25000,1,20,1.0,1
39453.0,4,22,25000,2,0,1.0,0
48054.0,12,22,25000,2,0,0.954,0
51911.0,12,23,30000,2,0,0.807,1
20031.33,10,23,20000,2,20,0.466,0
50567.33,10,25,25000,3,20,1.0,1
79582.0,12,25,40000,3,0,1.0,0
14255.67,12,24,25000,2,0,0.403,0
5911.33,8,22,5000,2,20,0.365,0
36792.67,4,24,25000,2,0,0.607,0
2090.67,6,24,90000,2,0,0.035,0
0.0,0,25,40000,2,0,0.0,0
0.0,0,25,25000,1,10,0.0,1
6569.33,8,25,25000,2,20,0.175,0
5572.0,12,22,15000,1,0,0.269,0
48606.67,12,23,25000,4,0,0.969,0
77885.67,12,24,40000,2,0,0.974,0
70506.0,12,26,75000,2,0,0.461,0
1748.0,8,24,60000,1,0,0.025,1
2464.33,10,24,40000,2,20,0.04,1
59380.33,12,24,120000,2,0,0.316,0
29652.0,10,24,15000,2,20,0.916,0
36746.0,6,25,75000,1,0,0.202,0
43606.33,12,25,25000,1,0,0.838,0
30960.67,12,24,25000,2,20,0.511,0
6408.0,10,24,115000,1,0,0.026,0
85739.0,12,24,45000,2,0,0.935,0
264.0,12,25,115000,1,0,0.001,0
7471.67,12,25,45000,1,0,0.068,0
10119.0,10,25,115000,2,0,0.04,0
95114.67,12,25,115000,2,0,0.415,0
56034.33,12,25,210000,2,0,0.042,0
30464.67,12,25,25000,1,0,0.612,0
64439.33,12,24,35000,2,0,0.97,0
1100.67,0,25,100000,4,0,0.017,0
28007.0,12,25,15000,1,0,0.913,0
46734.33,10,24,30000,2,20,0.787,1
248.0,12,25,115000,1,0,0.001,0
100377.67,12,25,50000,2,0,1.0,0
70767.67,10,25,210000,3,20,0.163,0
1562.0,12,25,50000,2,0,0.009,0
20379.33,8,26,80000,3,20,0.122,0
242554.67,12,26,130000,1,0,0.916,0
3857.33,12,26,140000,2,0,0.022,0
12058.33,8,24,35000,2,0,0.517,0
47470.33,8,26,25000,1,20,0.941,1
34206.33,8,26,50000,2,20,0.301,1
7184.0,10,28,50000,1,20,0.111,0
23611.33,12,26,145000,1,0,0.192,0
1000.0,0,26,90000,1,0,0.017,0
236001.33,12,25,150000,2,20,0.791,1
36355.67,12,25,40000,2,0,0.437,0
55670.33,12,25,45000,2,0,0.65,0
388558.0,12,29,250000,2,0,0.868,1
15669.0,12,25,20000,1,0,0.505,0
59864.33,10,26,85000,3,20,0.376,0
15172.0,12,25,15000,2,0,0.468,0
795.67,10,23,60000,2,0,0.004,0
561.33,6,28,50000,2,20,0.015,1
0.0,0,28,25000,2,10,0.0,0
3705.67,12,26,180000,2,0,0.012,0
34947.0,12,26,110000,1,0,0.134,0
7919.0,10,25,55000,2,0,0.0,0
108001.67,12,26,55000,1,0,1.0,0
222679.0,12,26,155000,2,0,0.707,0
18610.0,12,27,25000,2,0,0.915,0
18.0,0,26,25000,1,10,0.0,0
24457.33,12,26,100000,1,0,0.147,0
21906.67,4,27,60000,2,0,0.422,0
78541.67,12,27,40000,2,20,1.0,1
282639.0,12,27,160000,2,0,0.713,0
1925.0,4,27,105000,1,0,0.021,0
90426.67,10,26,45000,2,20,0.979,1
169040.33,12,26,85000,1,0,1.0,0
8449.67,12,25,155000,2,0,0.008,0
2917.0,12,26,180000,2,20,0.006,0
12082.67,12,26,100000,1,0,0.012,0
18021.33,12,26,250000,3,0,0.032,0
216390.33,12,26,150000,2,0,0.708,0
98477.0,10,26,65000,2,20,0.764,1
143703.67,12,26,130000,1,0,0.554,0
97155.0,12,27,50000,3,0,0.893,0
66289.67,12,26,35000,2,0,0.932,0
89850.0,10,26,50000,2,20,0.951,1
1298.33,6,26,40000,1,20,0.015,0
92190.33,12,25,50000,1,20,0.976,1
49434.0,8,24,35000,1,20,0.675,0
168147.67,10,27,85000,1,20,0.994,0
9646.33,8,26,15000,1,20,0.32,0
17861.67,10,26,10000,3,20,0.901,0
20552.67,12,26,90000,1,0,0.097,0
22160.0,12,27,15000,2,20,0.686,1
81203.0,12,27,40000,1,0,1.0,0
30347.0,10,27,30000,2,20,0.465,0
143261.0,12,26,75000,1,0,1.0,0
47454.0,12,23,25000,3,20,0.938,0
3000.0,6,27,180000,1,10,0.0,0
71735.33,12,26,35000,3,20,1.0,0
48298.33,10,27,25000,1,20,0.961,1
49586.33,10,28,45000,1,20,0.578,1
40667.33,12,27,30000,3,0,0.655,0
2903.0,12,27,180000,1,0,0.007,0
53441.33,12,22,35000,2,0,0.954,0
12994.0,6,23,10000,2,30,0.625,1
29019.33,12,25,55000,2,20,0.273,1
12655.0,4,25,15000,2,0,0.526,0
48891.0,2,25,45000,3,0,0.831,0
111264.0,12,25,105000,2,0,0.68,0
200453.33,12,27,135000,1,0,0.727,0
2952.0,8,27,30000,1,20,0.005,0
1497.67,12,24,140000,2,0,0.001,0
5963.0,6,25,25000,3,0,0.166,0
64792.0,10,25,35000,1,0,0.99,0
10018.33,12,26,70000,2,0,0.072,0
28376.33,12,26,15000,3,0,0.927,1
70785.33,12,26,35000,1,0,0.996,0
1181.33,2,27,70000,1,0,0.0,0
5566.67,12,30,150000,4,0,0.036,0
0.0,2,26,40000,2,10,0.0,0
70562.67,12,27,170000,2,0,0.174,0
118446.0,12,27,155000,1,0,0.434,0
56436.33,10,27,55000,2,20,0.542,1
67177.67,12,27,65000,1,0,0.525,0
65413.0,12,29,140000,2,0,0.681,0
5224.67,6,29,50000,1,20,0.063,0
74642.67,12,29,75000,1,0,0.627,0
126000.33,10,26,65000,3,20,0.933,0
82823.67,12,27,125000,1,0,0.341,0
9668.67,12,28,100000,1,0,0.037,0
101369.67,12,28,55000,2,20,0.955,0
11489.67,12,27,80000,2,0,0.072,0
20229.67,12,27,40000,3,0,0.3,1
53578.33,12,27,110000,1,0,0.303,0
13690.0,12,27,10000,2,20,0.834,0
2282.67,4,26,80000,2,20,0.035,0
3732.0,12,26,85000,1,0,0.022,0
34162.33,12,26,180000,2,0,0.047,0
46660.33,10,26,25000,2,0,0.988,0
47962.67,12,27,50000,1,0,0.436,0
146931.67,12,29,75000,1,0,0.976,0
101026.0,12,29,75000,2,0,0.054,0
110083.0,12,29,50000,1,0,1.0,0
11618.0,8,29,100000,1,0,0.03,0
17113.0,8,27,150000,3,0,0.058,0
4683.67,10,28,65000,3,10,0.0,0
100446.67,12,28,75000,2,0,0.647,0
46735.0,12,28,55000,1,0,0.483,0
13153.67,12,28,170000,3,0,0.02,0
59671.0,12,25,30000,1,0,0.987,0
78826.0,12,23,45000,3,0,1.0,0
114593.67,12,29,115000,2,20,0.492,0
3371.33,12,29,100000,1,0,0.018,0
15861.0,12,28,155000,1,20,0.061,0
54005.67,12,29,75000,2,0,0.538,0
4695.0,10,29,195000,2,0,0.027,0
0.0,0,29,105000,1,10,0.0,1
237511.33,12,27,145000,1,20,0.815,0
15282.33,10,26,90000,2,20,0.175,0
161523.67,10,26,70000,1,0,0.984,1
4182.0,8,26,5000,2,20,0.274,0
37975.33,12,27,40000,1,0,0.462,0
300.0,0,27,25000,1,70,0.006,1
60145.67,12,28,55000,1,0,0.479,0
0.0,0,29,90000,1,0,0.0,1
35711.33,12,27,115000,3,0,0.294,0
1948.33,6,27,40000,1,30,0.027,0
20080.67,8,27,25000,1,20,0.381,0
204891.33,12,28,110000,1,0,0.981,0
24886.0,8,28,15000,1,20,0.81,1
199340.0,10,26,100000,1,0,0.981,0
46499.67,12,26,65000,2,0,0.35,0
833.33,0,26,180000,1,20,0.007,0
28795.67,12,27,70000,1,0,0.198,0
11852.33,2,27,65000,1,0,0.065,0
0.0,0,28,75000,1,10,0.0,0
17767.67,10,28,10000,2,20,0.851,1
8979.33,12,28,65000,2,20,0.061,0
29187.33,12,29,95000,1,0,0.148,0
29845.0,12,25,70000,1,20,0.19,1
177062.0,12,25,90000,2,0,0.987,0
4501.33,12,28,90000,1,0,0.013,0
24335.0,10,28,25000,2,20,0.466,0
1600.0,8,27,40000,2,0,0.035,0
3746.0,0,27,60000,2,10,0.094,1
83636.67,12,28,210000,2,0,0.214,0
390.0,8,27,45000,2,10,0.0,0
50858.33,12,27,35000,1,0,0.612,0
24764.0,6,27,100000,2,0,0.185,0
25328.67,10,28,120000,1,0,0.126,0
259.33,6,28,180000,1,0,0.001,0
17955.33,10,28,90000,1,0,0.112,0
801.33,10,27,80000,1,0,0.002,0
10324.0,10,29,10000,2,0,0.637,0
1139.67,10,28,15000,3,20,0.065,0
41991.67,12,28,115000,1,0,0.197,0
18902.0,12,29,120000,1,0,0.045,0
166366.67,8,27,100000,1,20,0.796,1
0.0,0,28,140000,2,0,0.0,0
11040.67,10,29,170000,2,0,0.061,0
45935.67,12,25,25000,1,0,0.893,0
200672.0,12,26,100000,3,0,1.0,1
768.0,10,27,70000,2,20,0.006,0
10895.67,8,29,80000,1,0,0.126,0
29697.67,8,26,25000,1,20,0.583,0
17275.33,6,28,10000,1,20,0.776,1
807.0,0,29,85000,2,0,0.0,0
1763.0,10,27,70000,2,0,0.008,0
77.0,4,29,75000,1,10,0.0,0
71348.33,8,25,35000,2,20,1.0,0
50546.0,12,28,25000,3,0,1.0,1
94682.0,12,28,40000,2,0,1.0,0
0.0,0,29,180000,2,0,0.0,0
0.0,0,27,180000,1,10,0.0,0
40770.67,12,27,65000,1,0,0.287,0
1556.0,10,28,60000,1,0,0.021,0
81421.0,12,28,55000,2,0,0.723,0
13987.0,10,28,115000,2,0,0.128,0
18765.67,8,29,55000,2,20,0.171,1
12009.67,12,28,100000,1,0,0.009,0
1988.0,12,28,30000,1,0,0.047,0
213650.33,12,28,155000,3,0,0.777,0
3699.33,8,27,80000,3,10,0.0,0
155258.67,12,27,90000,1,0,0.845,0
5008.67,6,30,85000,1,0,0.002,0
2213.67,12,29,120000,1,0,0.015,0
53.33,0,28,80000,1,0,0.001,0
5677.0,10,28,100000,1,0,0.038,0
51064.67,12,28,30000,3,0,0.994,0
95377.67,12,28,50000,2,0,0.942,0
9055.0,10,28,30000,1,20,0.107,1
20012.67,6,31,25000,1,0,0.254,0
97732.33,12,29,60000,2,0,0.803,0
21411.0,12,30,125000,1,0,0.075,0
2204.0,12,30,90000,1,0,0.01,1
86045.33,12,30,105000,2,0,0.512,0
4286.33,10,30,180000,2,0,0.055,0
136058.33,12,26,105000,1,0,0.633,0
14897.67,6,29,55000,2,20,0.249,0
41418.67,12,29,135000,2,0,0.33,0
7826.0,10,29,25000,1,20,0.123,0
138722.67,12,29,110000,2,0,0.649,0
4275.0,10,30,40000,2,0,0.052,0
2618.67,6,31,90000,1,0,0.025,0
2913.0,12,31,200000,1,0,0.001,0
226431.33,12,30,115000,2,0,1.0,0
0.0,0,31,45000,4,10,0.0,0
27902.0,4,29,15000,2,20,0.912,1
140514.67,12,29,75000,1,0,0.968,0
711.0,12,29,115000,1,20,0.003,0
370738.33,12,30,255000,1,0,0.139,0
18983.0,10,30,10000,2,20,1.0,1
61880.0,12,27,75000,1,0,0.34,0
7937.67,10,24,55000,2,0,0.057,0
25190.67,12,25,125000,2,0,0.1,0
0.0,0,29,120000,1,10,0.0,0
1156.67,0,28,75000,1,0,0.023,0
272687.67,12,29,210000,2,0,0.636,0
52324.0,12,30,85000,4,0,0.393,0
5671.67,12,28,110000,1,0,0.03,0
1646.0,12,28,80000,2,0,0.014,0
6218.67,8,28,75000,2,0,0.037,0
5192.0,8,29,75000,2,20,0.031,1
698.0,6,27,70000,2,0,0.003,1
12174.0,12,27,120000,2,0,0.127,0
4259.0,12,28,10000,2,20,0.147,1
21041.0,4,29,15000,2,20,0.951,1
80199.33,12,29,40000,2,20,1.0,0
13658.0,12,29,200000,1,0,0.014,0
87891.33,12,27,75000,2,0,0.593,0
86277.33,12,32,90000,2,0,0.533,0
205641.0,12,32,180000,3,0,0.632,0
2730.0,12,30,80000,1,0,0.006,1
81577.67,10,30,40000,2,20,1.0,0
0.0,4,32,120000,2,10,0.0,0
23283.33,12,33,25000,2,0,0.69,1
50681.67,12,34,25000,2,0,1.0,0
47450.67,12,29,25000,3,0,0.944,1
14162.67,4,30,100000,2,0,0.212,0
49971.33,10,29,25000,1,20,1.0,0
81811.33,8,30,70000,1,20,0.558,0
14973.67,12,29,155000,1,0,0.027,0
297013.33,12,30,215000,3,0,0.718,0
91239.33,12,30,50000,1,0,0.892,0
34667.33,12,29,250000,1,0,0.057,0
184243.0,12,29,100000,2,0,1.0,1
140549.0,12,29,70000,1,20,0.967,0
784.0,12,30,100000,2,20,0.0,0
105196.33,12,28,100000,1,0,0.002,0
12354.0,10,28,50000,1,20,0.109,0
102066.0,6,28,90000,4,20,0.652,0
144033.33,12,28,95000,1,0,0.746,0
48778.67,12,28,25000,1,0,0.976,0
77850.33,8,31,220000,1,0,0.528,0
2272.33,10,30,15000,2,20,0.166,0
1394.67,0,29,90000,2,0,0.023,0
1732.67,10,29,75000,1,0,0.0,1
86071.0,12,29,195000,1,0,0.231,0
17065.0,12,31,15000,2,0,0.54,0
5317.67,12,32,5000,2,0,0.008,1
71362.0,12,32,135000,2,0,0.221,0
2400.0,0,32,10000,2,70,0.12,1
46228.0,10,34,25000,2,20,0.919,0
11956.67,10,33,30000,1,20,0.196,0
31595.33,8,34,25000,3,20,0.566,1
14068.67,12,40,10000,3,0,0.954,0
69938.0,10,35,40000,3,20,0.855,1
49167.33,12,47,25000,2,0,0.969,0
27092.33,8,40,70000,1,20,0.157,1
2972.33,12,36,200000,1,0,0.002,0
10407.33,6,44,25000,3,20,0.278,0
76443.67,12,36,40000,2,0,0.933,0
227265.67,12,30,190000,2,20,0.595,1
222104.0,12,33,115000,3,0,1.0,0
7268.0,12,31,105000,1,0,0.046,0
84615.67,12,40,50000,2,0,0.924,0
114766.33,12,44,105000,2,0,0.591,0
88225.33,12,35,70000,1,0,0.664,0
0.0,0,47,75000,2,0,0.0,0
38246.33,6,48,20000,4,0,0.915,0
651.0,8,26,60000,3,20,0.0,1
41465.67,12,26,25000,2,0,0.986,0
1773.33,10,26,180000,1,0,0.001,0
21310.33,6,42,40000,3,20,0.219,1
699.0,12,46,115000,1,0,0.003,0
4585.0,4,38,25000,2,0,0.127,1
4974.0,6,48,75000,2,0,0.024,0
7125.0,10,35,10000,3,20,0.36,0
8402.33,4,44,5000,3,50,0.868,1
78038.0,12,41,70000,1,0,0.576,0
550.0,8,41,75000,2,0,0.011,0
96640.0,10,36,145000,2,20,0.382,0
2772.67,12,36,85000,2,0,0.005,0
5796.33,10,39,210000,3,0,0.006,0
575.33,12,33,60000,2,0,0.004,0
20181.0,12,40,75000,2,0,0.02,0
78740.0,12,45,40000,1,0,0.968,0
95689.0,12,48,50000,2,0,1.0,0
48773.33,4,41,20000,3,0,1.0,1
132366.67,12,46,65000,3,0,1.0,0
97201.67,12,41,50000,2,0,0.965,0
97930.33,4,46,150000,3,0,0.491,0
316.0,12,41,75000,2,0,0.002,0
27527.67,8,39,25000,2,20,0.542,1
23382.0,12,37,175000,1,0,0.018,0
1638.0,10,45,85000,2,0,0.01,0
182002.0,8,31,110000,2,20,0.828,1
8360.33,8,29,105000,1,0,0.089,0
92835.0,10,30,100000,1,20,0.449,0
15977.67,10,30,90000,1,20,0.078,1
50719.67,12,31,25000,1,20,1.0,1
31893.0,10,35,25000,2,20,0.63,0
8697.0,12,39,90000,1,0,0.005,0
18396.0,8,44,250000,1,0,0.06,0
0.0,4,45,80000,2,10,0.0,0
744.0,10,37,60000,1,20,0.006,1
4587.33,4,39,30000,2,0,0.209,1
4952.0,12,35,110000,4,0,0.008,0
14388.0,12,36,105000,2,0,0.064,0
45735.67,12,38,240000,2,0,0.012,0
132073.0,12,43,70000,3,0,1.0,0
151463.0,12,38,75000,2,0,1.0,0
112697.67,10,43,55000,3,20,1.0,1
18907.33,12,41,175000,1,0,0.044,0
78368.67,12,43,75000,2,0,0.74,0
305313.67,12,39,210000,1,0,0.711,1
9510.33,4,41,40000,1,0,0.15,0
140587.67,12,44,90000,1,0,0.771,0
3286.67,12,39,145000,2,10,0.0,0
3508.67,8,37,150000,1,0,0.015,0
77421.0,10,41,40000,2,20,0.981,1
350.67,6,39,115000,2,0,0.0,0
17049.33,10,43,10000,2,20,0.859,0
0.0,0,39,10000,2,10,0.0,1
50.0,2,40,100000,1,0,0.0,0
24845.67,12,35,250000,1,0,0.066,0
9107.0,12,49,5000,3,0,0.981,0
56011.67,12,42,50000,3,0,0.585,0
0.0,6,28,125000,2,0,0.0,0
736.0,8,38,270000,3,10,0.001,0
32211.33,12,39,25000,2,0,0.75,0
21783.0,12,44,275000,1,0,0.049,0
3119.67,12,42,100000,3,0,0.011,0
47541.33,12,44,25000,3,0,0.927,0
226495.67,12,36,115000,3,20,1.0,0
34428.0,12,45,165000,3,0,0.101,0
5139.0,8,37,260000,1,0,0.009,0
5804.0,4,44,90000,1,0,0.094,0
171605.67,12,36,100000,3,0,0.837,0
587046.67,12,44,215000,4,0,1.0,0
240444.67,10,46,110000,1,30,1.0,0
2777.67,2,41,105000,2,0,0.0,0
52363.33,12,47,180000,2,0,0.197,0
3446.0,10,48,100000,2,0,0.011,0
39315.67,12,36,75000,1,0,0.255,0
10129.67,12,47,85000,3,0,0.095,0
48258.33,10,49,25000,3,20,0.959,0
19346.33,6,48,10000,3,50,0.902,1
182556.33,12,32,150000,1,0,0.564,0
806.0,0,40,100000,1,10,0.012,0
74397.33,12,34,105000,1,0,0.349,0
96672.33,10,42,50000,1,20,0.933,0
5385.67,12,43,105000,2,0,0.015,0
78045.0,12,32,40000,2,0,0.973,0
24419.0,12,31,65000,3,0,0.481,1
89907.67,12,35,160000,2,0,0.296,0
345040.33,12,45,175000,4,0,1.0,0
50091.67,12,29,130000,1,0,0.301,0
319592.33,12,46,115000,3,0,1.0,0
5643.67,2,44,105000,1,0,0.071,0
46087.33,10,41,80000,3,20,0.282,0
145125.33,12,30,105000,1,0,0.891,0
0.0,2,32,60000,1,10,0.0,0
28559.0,12,32,15000,1,0,0.925,1
38756.0,12,31,35000,2,0,0.551,0
183876.0,12,31,135000,2,0,0.656,0
755.33,12,30,175000,1,0,0.003,0
23943.67,4,45,25000,2,30,0.475,1
109000.67,12,48,55000,2,0,0.988,0
50152.33,12,44,75000,2,0,0.331,0
0.0,0,29,140000,1,0,0.0,1
11976.0,12,30,150000,2,0,0.036,0
18611.0,12,32,10000,2,0,0.919,1
33341.0,12,31,25000,2,20,0.882,0
0.0,0,31,100000,1,0,0.0,0
0.0,2,31,25000,3,10,0.0,0
137482.67,12,46,75000,1,0,0.905,0
5937.33,8,32,100000,2,0,0.067,0
740.0,2,32,50000,2,10,0.0,0
26772.0,12,33,180000,1,0,0.015,1
33648.67,12,33,25000,2,0,0.751,0
184216.67,12,33,110000,2,0,0.928,0
81188.67,8,33,40000,1,20,1.0,1
15983.0,12,33,75000,1,0,0.136,0
868.67,12,34,105000,1,0,0.002,1
68072.67,12,34,35000,2,0,0.966,0
43797.67,12,48,25000,2,0,0.886,0
1128.67,6,43,40000,3,0,0.043,0
192.0,2,34,55000,2,0,0.0,0
2533.67,12,34,85000,1,0,0.006,0
343.33,6,46,80000,3,0,0.0,0
26352.33,12,49,65000,3,0,0.195,0
42883.0,12,48,100000,3,0,0.596,0
19387.33,12,40,180000,2,0,0.082,0
28252.33,12,42,80000,2,0,0.158,0
3189.67,12,42,155000,2,0,0.009,0
7466.67,12,40,250000,1,0,0.037,0
242578.0,12,36,215000,1,0,0.6,1
389.0,10,48,150000,3,30,0.0,1
3829.67,10,46,25000,1,0,0.075,0
4476.67,12,38,150000,2,0,0.004,0
342.67,0,39,150000,2,0,0.003,1
18639.67,12,39,10000,3,0,0.954,1
0.0,0,39,200000,1,0,0.0,1
33.0,4,48,155000,2,0,0.0,0
68341.67,12,38,185000,2,0,0.205,0
3152.33,12,36,115000,2,0,0.019,0
10266.67,12,40,150000,2,0,0.039,0
2899.0,10,40,125000,1,0,0.012,0
97541.33,12,41,160000,1,0,0.297,0
250707.67,12,45,155000,3,0,1.0,0
1375.33,8,39,250000,1,20,0.007,0
26061.0,10,37,40000,3,20,0.312,0
72609.67,12,45,100000,3,0,0.349,0
145758.33,12,38,80000,3,0,0.95,0
19811.33,6,47,10000,2,0,1.0,0
12369.67,10,33,10000,2,0,0.582,0
2400.0,0,33,15000,2,70,0.08,1
2191.33,10,30,250000,1,10,0.002,0
1448.67,8,30,90000,1,0,0.009,0
5759.0,12,31,90000,3,0,0.016,0
0.0,0,33,225000,1,0,0.0,0
72137.33,12,33,90000,2,0,0.392,0
33284.67,12,46,145000,3,0,0.105,0
3882.67,12,37,100000,2,0,0.025,0
0.0,0,34,100000,1,10,0.0,0
131091.0,12,35,200000,2,20,0.153,1
326.67,4,32,105000,2,0,0.0,0
29614.0,8,42,15000,3,20,1.0,1
318735.33,12,39,170000,2,0,0.977,0
58376.0,12,41,25000,2,0,1.0,0
211370.0,12,43,110000,3,0,0.978,0
0.0,2,37,50000,1,10,0.0,1
45800.0,10,40,200000,3,0,0.075,0
9652.67,12,43,180000,2,0,0.017,0
1203.33,6,47,15000,3,0,0.107,0
8085.33,12,34,5000,3,0,0.71,1
3820.67,6,37,165000,1,0,0.002,0
106014.0,10,46,55000,2,20,0.934,0
22218.33,12,44,15000,2,20,0.7,1
126552.67,12,37,55000,2,0,0.873,0
249935.0,8,42,75000,2,0,1.0,0
98699.67,10,32,40000,2,20,1.0,1
11145.0,10,41,80000,1,0,0.153,0
1150.0,4,32,15000,2,0,0.115,0
5361.33,10,33,100000,1,0,0.023,0
115.67,4,33,75000,1,10,0.0,0
0.0,0,34,70000,2,10,0.0,0
16425.33,8,37,60000,1,0,0.176,0
7173.67,12,48,50000,3,0,0.004,0
50997.67,12,38,25000,2,0,1.0,0
6413.33,12,42,40000,3,0,0.057,0
45570.67,12,41,70000,3,0,0.612,0
210060.33,12,45,135000,1,0,0.808,0
893.0,10,36,105000,3,0,0.006,0
537.0,10,48,115000,2,0,0.0,0
28705.0,8,43,15000,2,20,0.894,0
223468.67,12,44,130000,3,0,0.997,1
18697.0,12,42,10000,2,30,0.908,1
390.0,12,34,80000,2,0,0.002,0
48993.33,12,43,25000,2,0,0.938,0
48214.0,12,41,25000,3,0,0.937,0
860.33,10,38,80000,1,0,0.002,1
400.67,10,44,70000,3,10,0.0,0
7757.67,12,43,115000,2,0,0.031,0
0.0,0,34,60000,2,10,0.0,0
11120.33,12,49,10000,2,20,0.479,1
390.0,12,44,45000,2,0,0.004,1
64958.0,12,38,65000,3,0,0.496,0
5528.0,10,31,10000,3,0,0.0,0
2259.33,6,31,115000,1,0,0.0,0
89734.33,12,42,215000,2,0,0.209,0
6569.0,12,40,55000,2,0,0.05,0
194048.0,12,40,105000,4,0,0.983,1
135362.0,12,49,130000,3,0,0.0,0
315317.33,12,45,140000,3,0,1.0,0
804.0,12,36,115000,2,0,0.004,0
22211.0,12,46,25000,3,0,0.723,0
396.0,12,36,160000,2,0,0.001,0
85344.67,12,41,55000,2,0,0.947,1
390.0,12,42,90000,2,0,0.002,0
129351.67,12,41,90000,3,0,0.728,0
2912.33,6,32,5000,2,0,0.525,1
0.0,0,32,15000,2,10,0.0,1
58798.33,12,32,35000,2,20,0.971,1
19061.0,12,44,10000,2,0,0.929,0
40251.67,12,36,25000,2,20,0.782,1
10748.67,10,38,90000,2,0,0.002,0
213404.67,12,46,110000,3,0,0.974,0
14780.0,12,29,90000,1,0,0.089,0
116639.67,10,29,85000,1,20,0.624,0
96369.33,12,30,50000,2,0,0.966,0
7061.0,12,30,140000,2,0,0.047,0
8880.67,12,31,145000,1,0,0.075,0
25154.0,6,31,15000,2,30,0.844,1
27979.0,12,31,15000,2,0,0.955,0
76134.33,12,46,40000,2,0,0.934,0
49753.67,12,42,25000,2,0,0.974,0
8003.33,6,34,30000,3,40,0.112,0
195148.67,12,34,130000,2,0,0.765,0
21030.0,12,41,30000,2,0,0.33,0
82940.67,8,29,40000,2,20,1.0,0
0.0,0,40,180000,3,10,0.0,0
9578.0,12,30,90000,2,0,0.047,0
28715.33,12,31,40000,2,20,0.386,1
67564.33,12,44,35000,2,0,0.947,0
12286.33,12,36,180000,1,0,0.052,0
1319.33,8,36,150000,3,0,0.0,0
85249.0,12,38,50000,3,20,0.872,0
65939.33,12,29,50000,1,0,0.702,0
249.67,8,34,60000,3,0,0.0,0
21983.67,6,48,100000,2,20,0.111,1
6120.0,8,37,90000,1,0,0.048,0
19431.33,12,27,30000,2,0,0.122,0
6711.67,12,29,5000,2,0,0.618,0
4834.33,12,35,115000,4,0,0.021,0
12965.0,8,27,25000,2,20,0.239,0
15948.67,12,28,175000,2,0,0.011,0
2858.67,12,28,100000,3,0,0.0,1
1420.33,4,28,75000,3,0,0.011,0
112068.67,12,29,90000,2,20,0.63,1
25210.67,10,30,15000,1,0,0.967,0
84206.67,12,30,35000,2,0,0.993,1
24604.33,12,32,230000,2,0,0.066,0
776.0,12,42,55000,2,0,0.007,0
27020.0,12,31,120000,1,0,0.132,0
206192.0,12,31,105000,2,0,0.977,0
27339.0,6,32,150000,3,10,0.0,0
4307.33,12,34,85000,1,10,0.0,0
47834.33,12,34,210000,2,0,0.117,0
1538.33,12,34,115000,4,0,0.01,0
308.33,6,33,130000,1,60,0.002,0
47582.67,12,41,25000,3,0,0.929,0
77546.0,12,43,40000,2,0,0.968,0
23696.0,8,45,100000,1,0,0.346,0
19096.33,12,40,40000,3,0,0.233,0
9051.67,12,36,145000,2,0,0.029,0
1251.33,10,40,10000,3,20,0.02,1
2973.33,10,42,25000,2,20,0.011,0
1788.67,12,36,225000,2,0,0.007,0
168.0,8,38,125000,2,10,0.0,0
51128.67,2,40,25000,3,20,0.975,0
269509.0,12,40,140000,2,0,1.0,0
10273.67,12,41,10000,3,0,0.439,0
2360.67,4,37,155000,3,0,0.013,0
114255.33,12,36,125000,1,0,0.445,0
176082.33,10,36,90000,2,20,0.958,1
171092.33,12,35,250000,3,10,0.918,0
28208.33,8,44,15000,3,20,0.865,0
63718.67,12,36,125000,2,0,0.284,0
38628.33,12,39,85000,1,0,0.356,0
172.67,0,39,50000,2,0,0.005,0
27769.33,10,42,215000,2,0,0.09,0
137739.67,12,43,85000,2,0,0.801,0
1396.0,10,32,105000,2,20,0.003,0
21708.33,12,32,140000,2,0,0.023,0
2045.67,12,47,80000,3,0,0.002,0
7691.67,10,40,105000,1,0,0.036,0
5625.67,12,40,100000,1,0,0.019,0
4399.0,12,30,200000,1,0,0.002,0
0.0,0,35,40000,3,10,0.0,0
31430.0,8,35,40000,2,20,0.387,1
3886.33,10,38,15000,2,20,0.094,0
8746.0,8,39,10000,3,20,0.428,1
9593.67,10,37,150000,1,0,0.029,0
9465.33,12,39,230000,2,0,0.025,0
37536.67,12,42,40000,2,0,0.533,0
1096.0,10,36,40000,3,20,0.01,0
4394.33,8,40,50000,3,20,0.032,0
33534.67,10,41,50000,1,20,0.318,1
47634.67,12,36,25000,2,0,0.934,0
74528.0,10,36,40000,2,20,0.929,1
84544.0,12,37,65000,2,0,0.629,0
46829.0,6,36,25000,2,20,0.924,0
89365.0,12,44,105000,2,0,0.421,0
175257.33,12,39,130000,4,0,0.672,0
44658.0,12,32,25000,2,0,0.905,0
7032.67,12,33,230000,2,0,0.018,0
108733.67,12,34,75000,3,0,0.768,0
58265.67,8,31,40000,3,20,0.702,0
31553.0,4,42,40000,2,0,0.586,0
8750.33,10,46,90000,3,20,0.058,1
0.0,4,35,50000,3,10,0.0,0
27558.0,10,40,30000,2,0,0.479,1
49215.33,12,34,25000,3,0,1.0,0
195035.0,10,42,195000,1,0,0.795,0
6898.0,12,38,105000,1,0,0.04,0
161873.0,12,39,80000,2,0,1.0,0
30537.33,8,42,25000,3,20,0.574,0
11731.67,10,31,25000,2,20,0.214,0
123653.0,12,37,80000,2,0,0.866,0
6167.33,12,40,110000,2,0,0.026,0
73319.67,12,43,40000,3,0,0.895,0
62227.33,8,31,85000,2,0,0.357,0
55754.67,8,33,30000,3,20,0.939,0
1963.67,12,36,100000,1,0,0.003,0
2305.0,12,41,160000,1,0,0.007,0
0.0,0,47,80000,1,10,0.0,0
7880.33,10,45,10000,2,0,0.489,0
8723.67,10,27,40000,1,20,0.012,1
92714.33,12,29,105000,2,0,0.493,0
5213.33,8,27,25000,1,0,0.099,1
410803.0,12,28,250000,1,20,0.781,0
0.0,0,28,60000,2,10,0.0,0
19046.33,10,28,10000,2,20,1.0,0
109356.33,12,28,125000,1,0,0.467,0
5098.33,10,34,40000,3,0,0.044,0
769.33,4,28,120000,2,0,0.005,0
20631.0,12,28,75000,2,0,0.153,0
25605.0,12,29,170000,2,0,0.129,0
75503.67,12,28,40000,1,0,0.92,0
8405.33,10,29,65000,3,0,0.1,0
80684.67,12,29,50000,2,0,0.871,0
8979.33,12,29,115000,1,0,0.054,0
0.0,0,30,80000,1,10,0.0,0
32864.0,12,29,110000,2,20,0.132,0
15216.0,12,29,40000,1,20,0.178,1
39596.0,12,29,210000,2,0,0.115,0
31799.33,12,32,65000,2,0,0.086,0
33751.33,8,32,40000,1,0,0.506,0
63188.0,12,31,105000,1,0,0.371,0
100678.67,12,31,110000,1,0,0.565,0
129948.0,10,30,85000,2,20,0.778,1
43007.67,12,30,25000,1,20,0.839,0
3360.0,12,31,40000,2,0,0.06,0
60146.0,12,33,150000,1,0,0.196,0
5072.0,12,33,70000,2,10,0.0,0
225012.0,12,33,145000,2,0,0.836,0
249.0,4,33,40000,1,0,0.0,0
15013.0,10,33,250000,1,0,0.008,0
36002.67,8,44,20000,3,20,0.889,1
40998.0,12,45,25000,2,0,0.799,0
0.0,6,34,130000,2,0,0.0,0
14226.67,12,45,40000,3,0,0.25,0
3215.67,2,35,140000,1,0,0.026,0
244.67,10,37,135000,1,0,0.001,0
12530.0,10,48,40000,3,0,0.413,0
99552.67,12,34,60000,2,0,0.999,0
113823.33,12,40,150000,1,0,0.405,0
39768.67,10,37,60000,2,20,0.323,0
54530.0,12,36,40000,2,0,0.799,0
11673.33,12,42,25000,2,0,0.242,0
27362.67,12,47,50000,2,0,0.247,0
6574.33,12,44,90000,2,0,0.036,0
45760.33,6,45,80000,2,0,0.395,0
12507.67,12,49,175000,2,0,0.046,0
7833.33,0,33,25000,3,0,0.47,0
5700.0,8,37,160000,2,0,0.0,0
121183.33,12,35,85000,2,0,0.713,0
42048.67,10,37,25000,2,20,0.957,0
109678.0,8,40,180000,1,20,0.301,1
65019.0,12,36,35000,2,0,0.972,1
6369.33,12,45,10000,3,0,0.07,0
32103.0,8,46,50000,3,20,0.337,0
326.0,12,36,90000,3,0,0.002,0
1112.0,10,42,80000,3,0,0.0,0
1130.67,6,35,115000,2,20,0.005,1
0.0,0,38,10000,2,0,0.0,1
102600.0,12,39,90000,2,20,0.564,0
0.0,0,45,90000,1,10,0.0,0
10986.0,12,34,10000,2,0,0.881,0
3279.0,6,49,75000,2,10,0.0,0
0.0,0,40,120000,1,0,0.0,1
0.0,2,37,180000,3,0,0.0,0
4273.67,10,35,130000,2,0,0.022,0
19358.33,12,34,250000,2,0,0.034,0
490.0,8,41,100000,2,20,0.0,0
17056.0,6,45,115000,3,0,0.131,0
125975.0,10,32,100000,2,20,0.636,0
50491.67,12,37,35000,3,0,0.695,0
6104.0,8,36,80000,3,10,0.0,0
18630.0,8,33,40000,2,0,0.315,0
49973.67,12,30,50000,2,0,0.474,0
666.67,2,38,10000,2,10,0.0,1
100124.33,12,47,55000,3,0,0.995,0
1114.33,10,35,50000,2,0,0.003,1
238300.67,12,39,120000,2,0,0.972,0
521.33,4,31,85000,1,10,0.009,0
93439.0,12,31,55000,1,20,0.834,1
1080.0,12,44,25000,2,0,0.01,0
3374.67,2,41,195000,2,0,0.027,0
14046.33,12,44,20000,3,0,0.326,0
2821.67,2,39,80000,3,0,0.038,0
19963.33,10,41,10000,3,30,0.927,0
0.0,2,36,90000,2,10,0.0,0
21894.33,8,41,25000,2,20,0.463,1
21743.67,12,37,55000,2,0,0.188,0
17220.67,12,39,10000,3,20,0.798,1
17478.33,8,36,20000,3,20,0.397,0
47540.67,12,47,25000,3,20,0.933,1
200.0,8,30,100000,1,0,0.001,0
15156.67,8,31,45000,2,0,0.221,0
0.0,2,34,150000,1,0,0.0,0
297497.67,12,36,155000,2,0,0.949,0
39876.0,12,37,165000,2,0,0.14,0
2878.33,12,30,105000,3,0,0.008,0
7532.0,8,34,130000,2,0,0.032,0
4445.0,12,35,145000,1,0,0.008,0
18364.0,8,39,10000,2,20,0.888,0
100266.67,12,31,70000,2,0,0.702,0
107536.33,12,36,75000,2,20,0.668,1
390.0,12,46,25000,3,0,0.008,0
4583.67,12,37,25000,2,0,0.148,0
885.67,12,28,135000,2,0,0.005,0
139640.67,12,28,120000,2,0,0.733,0
55537.67,12,29,75000,1,0,0.52,0
110516.33,12,40,130000,2,0,0.462,0
304398.67,12,42,235000,3,0,0.466,0
193063.33,12,47,95000,1,0,1.0,0
4413.67,12,28,80000,2,0,0.032,0
31934.0,12,31,160000,1,0,0.208,0
25449.0,12,30,15000,2,0,0.816,1
27980.67,12,33,75000,1,0,0.163,0
200442.33,10,34,100000,2,20,0.947,1
32879.33,12,34,75000,2,0,0.266,0
49381.0,12,30,25000,3,0,0.971,0
16767.0,12,24,40000,2,0,0.24,0
12356.0,8,47,25000,2,30,0.191,0
97647.0,10,37,40000,3,20,1.0,1
12001.33,4,34,140000,2,0,0.026,0
133013.33,12,38,80000,1,0,0.831,0
26079.67,12,29,40000,1,0,0.356,0
102939.33,12,30,80000,2,0,0.85,0
13646.0,6,32,45000,2,20,0.041,0
16422.33,8,32,180000,2,0,0.032,0
72999.67,12,34,40000,2,0,0.893,0
834.67,10,36,10000,3,20,0.031,1
46710.33,12,48,25000,2,0,0.971,0
82747.33,10,40,100000,1,20,0.402,1
14311.33,6,44,25000,3,40,0.262,1
22156.0,6,31,60000,2,20,0.176,1
58251.0,12,31,30000,2,20,1.0,1
68110.0,12,32,60000,3,0,0.555,0
633.33,6,32,40000,1,10,0.0,0
112109.67,12,32,70000,2,20,0.737,0
3110.0,12,33,150000,1,0,0.013,0
4229.0,12,30,115000,2,0,0.038,0
85049.0,12,30,155000,3,10,0.019,0
4815.33,12,31,165000,1,0,0.012,0
59533.0,10,35,105000,1,20,0.321,0
114633.0,12,35,60000,2,0,0.963,0
82493.0,12,35,85000,2,0,0.568,0
17376.67,12,39,25000,2,0,0.505,0
12735.67,8,44,50000,3,20,0.127,1
12743.0,12,33,70000,1,0,0.073,0
17475.0,2,33,105000,2,0,0.205,0
97227.33,12,34,180000,1,0,0.267,0
28670.33,12,34,25000,2,0,1.0,0
876.67,4,34,170000,2,0,0.0,0
1462.33,10,37,130000,1,20,0.004,1
4368.67,10,37,250000,3,20,0.01,0
57377.33,10,40,30000,2,20,0.956,0
36468.33,10,38,210000,2,0,0.134,0
24750.33,12,41,15000,3,20,0.935,0
3730.67,4,41,185000,2,0,0.004,0
2830.33,8,35,225000,1,0,0.016,0
2210.67,8,39,200000,1,0,0.005,1
6207.67,8,46,200000,1,20,0.005,1
120773.67,12,39,320000,2,0,0.187,0
13066.67,12,38,105000,2,0,0.024,0
27615.67,10,35,15000,3,0,0.929,0
7689.67,12,36,50000,1,0,0.162,0
23783.33,12,41,125000,1,20,0.09,0
124528.0,12,40,95000,1,0,0.644,0
11821.67,12,43,10000,3,0,0.477,0
15750.0,10,40,90000,3,0,0.116,0
1616.33,8,29,100000,1,0,0.001,0
537.33,6,29,40000,1,10,0.0,0
67889.67,12,29,60000,2,0,0.806,0
30676.67,10,29,25000,2,20,0.61,0
3848.0,12,30,130000,4,0,0.02,0
3646.0,12,30,90000,1,10,0.0,0
1650.0,12,30,65000,2,0,0.013,1
70386.0,10,30,55000,2,20,0.626,0
49067.33,12,44,25000,2,0,1.0,0
103490.67,12,46,250000,1,0,0.393,0
0.0,0,32,180000,1,10,0.0,0
2792.33,10,34,40000,2,0,0.017,0
8007.67,4,33,5000,1,20,0.749,0
6819.0,8,34,160000,1,0,0.016,0
24134.67,12,32,15000,3,0,0.957,0
0.0,0,32,40000,3,0,0.0,0
76566.0,10,34,80000,2,20,0.498,0
12304.67,12,34,245000,1,0,0.039,0
0.0,0,35,110000,1,10,0.0,0
134.33,8,35,225000,1,20,0.001,0
5843.33,12,35,185000,3,0,0.016,0
46477.33,10,34,40000,3,20,0.542,1
833.33,0,47,180000,1,20,0.007,1
56908.67,12,42,30000,2,0,0.982,0
5011.67,10,45,25000,1,0,0.159,0
912.0,2,49,80000,2,0,0.002,0
241665.33,12,41,130000,3,0,1.0,0
990.0,12,45,110000,2,0,0.004,0
44512.67,12,46,30000,3,30,0.734,1
174161.67,10,38,110000,1,20,0.781,0
264.0,12,39,145000,1,0,0.001,0
99951.67,8,40,65000,3,0,0.761,0
2982.0,12,41,100000,2,0,0.035,0
13333.33,10,37,100000,3,10,0.0,0
39695.0,12,44,55000,3,20,0.351,1
14227.0,8,45,15000,3,20,0.522,1
31959.33,12,42,15000,2,0,0.765,0
329.67,6,41,50000,2,0,0.006,0
0.0,0,44,180000,2,0,0.0,0
90642.67,10,38,70000,2,20,0.604,0
18136.0,12,47,25000,3,0,0.695,0
1112.0,10,35,35000,3,0,0.021,0
43626.33,10,48,30000,3,20,0.802,0
90.33,4,39,180000,3,10,0.0,0
4688.33,12,40,120000,1,10,0.0,0
820.67,12,30,100000,1,0,0.004,0
82134.67,12,35,50000,3,0,0.915,0
10186.67,12,41,25000,2,0,0.183,0
93492.67,12,41,50000,2,0,0.981,0
8461.67,10,42,135000,4,0,0.053,0
35611.33,12,48,25000,3,0,0.959,0
3252.0,12,41,150000,2,0,0.018,0
32902.0,12,40,25000,2,0,0.639,1
15467.67,10,41,40000,3,0,0.527,0
79796.0,10,31,100000,1,20,0.383,0
581368.67,8,31,170000,2,50,1.0,1
8160.0,6,31,155000,1,0,0.0,0
16888.0,12,31,40000,2,0,0.195,0
1073.33,10,31,105000,1,0,0.009,0
72651.33,12,32,40000,1,0,0.877,0
417383.33,12,32,250000,2,0,0.811,0
16863.67,12,35,130000,2,0,0.036,0
3183.0,10,41,60000,2,0,0.008,0
70664.67,12,41,50000,3,0,0.702,0
45833.67,10,35,30000,2,20,0.83,1
3945.33,8,36,95000,1,0,0.036,0
97894.33,8,35,50000,3,20,0.94,1
13691.0,10,37,190000,2,20,0.035,0
6437.67,10,44,175000,1,20,0.025,1
96607.0,8,39,50000,3,0,0.979,0
98640.33,12,31,50000,1,0,1.0,0
2455.0,12,32,75000,2,0,0.022,0
6168.67,6,33,75000,2,20,0.037,1
97456.33,8,38,75000,1,0,0.728,0
75068.33,10,35,230000,1,10,0.0,0
106908.0,12,44,50000,2,20,1.0,1
76978.0,12,38,115000,2,0,0.328,0
3771.67,6,38,5000,2,30,0.398,1
390.0,12,44,100000,3,0,0.002,0
129032.33,12,34,70000,2,0,1.0,0
6188.67,10,46,185000,3,0,0.017,0
12108.33,0,49,25000,3,0,0.726,0
1152.67,10,36,80000,2,0,0.015,0
78577.0,12,43,40000,3,0,1.0,0
63787.33,12,33,120000,1,0,0.255,0
21068.33,4,33,80000,3,20,0.114,0
29327.67,10,44,25000,3,0,0.972,1
181876.33,12,38,90000,2,0,0.996,0
57845.0,10,46,25000,3,20,1.0,0
227719.33,12,32,250000,1,0,0.508,0
7998.67,12,34,100000,1,0,0.015,0
57788.67,12,44,30000,3,0,0.94,0
51201.0,8,46,25000,2,30,1.0,0
41421.33,8,44,25000,3,20,0.82,1
0.0,0,27,105000,2,10,0.0,1
10686.33,8,27,30000,2,20,0.174,0
916.33,10,28,70000,1,0,0.0,1
124.0,6,35,130000,1,0,0.0,1
3262.33,10,40,150000,1,0,0.005,0
244.0,12,36,250000,2,0,0.0,0
858.0,4,34,70000,1,0,0.018,0
302001.0,10,49,145000,3,20,1.0,1
88185.67,12,27,180000,1,0,0.254,0
10013.67,10,27,10000,2,20,0.444,0
126370.67,12,27,95000,2,0,0.662,0
41449.67,12,28,75000,1,0,0.276,0
7252.33,12,28,50000,1,20,0.045,1
20982.33,12,29,155000,1,0,0.096,0
73685.33,12,29,250000,1,0,0.141,0
528.0,8,28,60000,2,0,0.007,0
121887.33,12,28,100000,2,0,0.679,0
5251.33,12,30,90000,1,0,0.043,0
45454.0,12,30,25000,2,0,0.936,1
52375.0,12,30,105000,1,0,0.25,0
216742.67,12,30,115000,1,20,0.923,1
1222.0,12,30,100000,1,0,0.005,0
101362.0,12,31,50000,2,0,1.0,1
128176.67,12,31,125000,2,0,0.684,0
2600.33,12,31,100000,2,20,0.019,0
1489.33,6,31,25000,2,0,0.089,0
284.67,8,31,85000,2,20,0.0,0
32316.0,12,32,35000,2,0,0.822,0
77914.33,12,31,130000,1,0,0.194,0
58924.0,12,32,30000,3,0,0.986,0
1705.33,10,31,60000,2,0,0.001,1
69768.0,12,33,50000,3,0,0.748,0
142804.67,12,34,250000,1,0,0.323,0
1596.33,12,34,115000,2,20,0.002,0
268745.67,12,34,165000,4,0,0.766,0
3420.33,12,35,180000,1,0,0.011,0
0.0,0,44,90000,2,10,0.0,0
137091.67,10,35,90000,3,20,0.973,1
83859.67,12,35,70000,2,0,0.606,0
59645.33,10,37,130000,1,20,0.224,0
779.0,6,36,110000,1,0,0.0,0
1964.33,10,42,50000,3,0,0.017,0
3646.0,8,39,140000,1,0,0.005,0
505.67,4,40,50000,2,0,0.016,0
40367.0,12,46,145000,3,0,0.254,0
202579.0,12,48,180000,1,0,0.563,0
9145.33,10,46,145000,3,0,0.027,0
32368.0,12,39,30000,2,0,0.546,0
46118.0,8,44,40000,1,30,0.52,1
123043.33,12,42,90000,2,0,0.739,0
2024.0,10,37,100000,1,0,0.002,0
1773.33,12,44,85000,1,0,0.015,0
67452.67,12,41,390000,2,0,0.131,0
116984.33,12,42,170000,1,0,0.411,0
16463.33,4,39,100000,4,0,0.101,0
291.0,12,45,175000,1,0,0.001,0
110516.33,12,39,180000,2,0,1.0,1
1917.67,12,41,65000,2,0,0.02,0
82980.0,12,44,155000,2,0,0.217,0
88591.33,12,46,55000,2,0,0.975,0
1207.0,8,44,130000,2,10,0.0,0
9194.0,12,44,145000,1,0,0.027,0
14489.0,12,37,100000,1,0,0.007,0
37361.0,12,40,65000,2,20,0.416,1
18354.67,12,28,30000,1,0,0.65,0
19838.0,12,30,10000,2,0,1.0,0
1399.0,12,31,150000,2,0,0.012,0
126557.0,10,39,35000,3,20,1.0,0
352.0,10,35,120000,2,20,0.002,1
6734.0,12,29,30000,1,0,0.093,0
507.33,10,28,120000,1,10,0.0,0
53.67,4,29,100000,3,0,0.001,0
53392.0,12,31,250000,1,0,0.094,0
140098.0,12,28,70000,2,0,0.992,1
39860.0,12,29,105000,2,0,0.201,0
894.67,10,31,120000,2,0,0.001,0
999.67,2,30,120000,1,0,0.0,0
4644.67,10,28,80000,1,20,0.026,0
23894.0,12,29,25000,1,0,0.578,0
59141.67,12,29,200000,1,0,0.042,0
51346.67,12,29,220000,2,0,0.053,0
117397.33,12,30,75000,1,20,0.765,0
0.0,4,27,50000,2,10,0.0,1
527.33,8,32,60000,1,0,0.004,0
2400.0,0,28,25000,2,70,0.048,0
120842.33,12,32,75000,1,20,0.789,1
833.33,0,30,180000,1,0,0.007,0
246957.67,12,29,130000,2,0,0.948,0
240463.0,12,43,120000,2,0,1.0,1
126915.33,12,41,90000,2,0,0.784,0
2253.0,12,42,105000,2,0,0.01,0
823.67,10,34,35000,2,0,0.032,0
8716.33,12,35,250000,1,0,0.008,0
35309.67,12,48,250000,2,0,0.061,0
51656.0,12,28,90000,1,0,0.284,0
45251.33,12,31,60000,2,0,0.381,0
14892.33,12,33,100000,2,0,0.076,0
59467.0,8,33,70000,2,0,0.637,0
0.0,0,34,10000,3,10,0.0,1
419.0,12,39,110000,1,0,0.002,0
3706.67,12,32,145000,1,0,0.015,1
188.33,10,37,130000,2,0,0.001,0
134924.67,12,34,110000,1,0,0.614,0
3650.0,8,40,40000,3,30,0.014,0
13461.67,12,41,80000,2,0,0.084,0
76393.33,12,37,250000,1,0,0.162,0
8.0,10,42,115000,2,0,0.0,0
0.0,0,39,60000,3,10,0.0,1
4754.67,12,38,180000,1,0,0.007,0
33.33,2,39,110000,1,0,0.001,0
1032.67,10,32,60000,1,20,0.01,0
8037.0,8,33,180000,2,0,0.009,0
1001.0,12,42,60000,1,0,0.003,1
28284.67,10,32,25000,1,20,0.549,0
254130.33,12,35,145000,2,0,0.985,0
1843.0,12,38,115000,2,0,0.005,0
0.0,0,36,100000,1,10,0.0,0
252443.33,12,48,185000,4,0,0.676,0
50360.0,12,40,25000,2,0,1.0,0
0.0,0,32,25000,4,0,0.0,0
17668.0,12,44,10000,3,0,0.939,0
120158.67,10,36,130000,1,20,0.508,0
390.0,10,42,115000,4,0,0.002,0
10068.67,12,36,100000,2,0,0.044,0
29299.33,12,36,170000,1,20,0.088,0
48520.0,12,32,110000,4,0,0.386,0
9013.33,10,36,170000,1,0,0.013,0
3667.67,4,42,100000,3,0,0.003,0
0.0,0,44,90000,3,10,0.0,0
25871.33,12,43,25000,2,0,0.497,0
66257.0,12,38,40000,1,0,0.965,0
19300.67,4,31,80000,2,0,0.007,0
68922.33,12,48,40000,2,0,0.97,0
264.0,6,37,15000,1,0,0.009,1
257.0,10,42,115000,1,0,0.0,0
5841.67,12,42,200000,2,0,0.009,0
2476.33,8,42,100000,3,20,0.0,0
6553.67,12,46,10000,2,20,0.272,1
7296.33,12,38,100000,1,0,0.019,0
500.0,6,34,70000,1,0,0.011,0
243957.67,12,29,180000,1,0,0.751,0
1.0,0,36,180000,1,10,0.0,0
175645.67,12,45,195000,4,0,0.473,0
13.0,2,41,195000,1,0,0.0,1
215.67,6,35,80000,3,0,0.002,0
3006.0,12,44,170000,1,0,0.008,0
554.67,8,36,140000,1,20,0.003,0
31147.0,8,42,250000,1,0,0.042,0
21491.67,10,46,30000,1,0,0.267,0
16299.67,12,37,210000,2,0,0.035,0
2185.0,0,38,80000,1,0,0.041,0
316.0,12,34,115000,2,0,0.001,0
123308.0,12,31,115000,1,20,0.545,1
2874.0,12,36,140000,2,0,0.01,0
7960.0,12,31,90000,2,0,0.038,0
631.67,6,40,50000,1,0,0.019,1
1532.33,4,33,90000,1,0,0.018,0
20914.0,4,46,15000,4,20,0.974,0
52773.33,4,39,160000,2,0,0.145,0
128445.0,12,39,295000,3,0,0.218,0
6794.67,12,38,65000,2,0,0.043,0
43295.67,10,33,65000,1,0,0.01,0
259.0,4,41,140000,2,10,0.001,0
87791.33,10,40,45000,2,20,0.998,0
1943.33,8,30,160000,2,0,0.003,0
61672.0,12,31,80000,2,0,0.399,0
103223.67,12,37,75000,2,0,0.696,0
27511.67,12,48,20000,2,0,0.682,0
69855.33,12,31,90000,3,0,0.38,0
291459.67,12,39,275000,2,0,0.612,0
8263.33,10,45,25000,1,20,0.136,0
220888.67,12,36,110000,1,0,1.0,1
21895.0,8,40,180000,2,0,0.026,0
255339.33,12,35,125000,2,0,1.0,0
92519.67,12,46,170000,1,0,0.279,0
2945.0,8,44,90000,1,0,0.007,0
25245.33,10,48,15000,3,20,0.898,1
25178.0,2,33,150000,3,0,0.256,1
9432.33,10,37,20000,2,20,0.134,0
14622.33,10,47,250000,1,0,0.052,0
48526.0,12,41,90000,1,0,0.307,0
100677.67,10,44,175000,1,0,0.317,0
4791.33,6,48,45000,2,0,0.069,0
245219.67,12,31,120000,2,0,1.0,0
45997.0,12,46,25000,3,0,0.897,0
1136.33,12,33,110000,1,20,0.006,0
26109.33,12,38,90000,2,0,0.144,0
5669.67,12,37,200000,4,0,0.037,0
2500.0,0,42,110000,1,30,0.011,1
2393.0,12,48,90000,4,0,0.005,0
16746.33,2,38,40000,3,0,0.495,1
183304.67,12,37,180000,1,0,0.552,0
147075.33,12,49,85000,1,0,0.964,0
909.0,12,48,65000,2,0,0.0,0
217848.67,10,30,145000,1,0,0.746,0
82960.33,8,32,45000,2,20,0.879,0
14169.33,12,32,65000,3,0,0.096,0
652.0,8,48,70000,1,10,0.0,0
94367.33,12,48,255000,2,0,0.223,0
653.33,6,39,25000,1,0,0.042,0
4639.67,8,40,100000,1,0,0.007,0
69898.0,12,37,100000,1,0,0.415,0
60451.0,12,36,200000,2,0,0.173,0
8676.0,10,35,155000,1,0,0.006,0
50617.0,12,46,105000,1,0,0.242,0
68514.0,12,33,45000,2,0,0.86,0
4899.67,6,31,135000,1,0,0.034,0
30049.67,12,39,15000,3,0,1.0,1
17316.0,12,41,15000,2,0,0.669,0
7236.0,12,36,105000,2,0,0.014,0
104658.33,12,43,55000,1,0,0.951,0
123.0,6,42,80000,2,10,0.0,0
30713.67,10,30,190000,1,20,0.071,0
759.67,12,33,70000,1,0,0.007,0
166966.0,12,44,125000,3,0,0.665,0
5718.0,12,39,75000,1,0,0.011,0
214394.0,12,43,115000,2,30,0.897,1
0.0,4,49,110000,1,0,0.0,1
30566.33,8,39,30000,3,20,0.517,0
47168.0,12,41,25000,4,0,0.923,1
0.0,2,40,150000,2,10,0.0,0
3422.67,12,41,160000,2,0,0.008,0
110.33,0,43,125000,1,0,0.001,0
1979.0,10,42,100000,3,0,0.004,0
3754.0,12,36,55000,3,0,0.033,0
27566.0,12,46,25000,3,0,0.725,0
556.33,4,45,150000,4,10,0.0,0
25562.67,10,33,25000,4,20,0.527,0
2518.0,12,42,115000,3,0,0.001,0
96.0,4,36,15000,2,0,0.018,1
981.33,10,41,15000,2,30,0.055,0
6326.33,10,41,145000,2,20,0.016,0
78.0,2,47,105000,1,0,0.001,0
1102.67,10,46,100000,2,20,0.004,0
10138.0,12,41,75000,2,0,0.074,0
16050.33,10,45,55000,1,0,0.199,0
15240.33,8,43,10000,2,20,0.657,1
81158.67,12,28,180000,1,0,0.22,0
169030.67,12,35,115000,1,0,0.719,0
31697.33,10,38,30000,2,20,0.459,0
194690.0,12,45,235000,2,0,0.453,0
51476.67,8,29,60000,1,0,0.496,0
46252.33,12,35,25000,2,0,0.833,0
406.67,6,40,70000,1,10,0.0,0
4686.33,10,39,250000,1,0,0.022,0
14893.33,12,41,200000,2,0,0.109,1
79630.67,12,34,155000,2,0,0.282,0
315830.0,12,42,160000,1,20,0.95,1
21238.33,10,41,165000,1,0,0.033,0
211471.67,12,38,120000,2,0,0.967,0
6026.67,12,36,145000,2,0,0.031,0
3832.67,10,39,75000,1,0,0.068,0
4352.67,12,34,25000,2,0,0.115,0
986.67,2,37,105000,1,0,0.014,0
6852.0,12,38,75000,1,0,0.096,0
7544.33,2,46,105000,2,20,0.003,0
22301.33,10,40,90000,1,0,0.192,0
0.0,0,33,180000,1,10,0.0,1
177398.33,12,33,110000,3,0,0.816,0
1228.33,6,40,80000,2,10,0.0,0
34908.0,10,40,250000,3,0,0.077,0
93804.33,10,43,50000,3,20,1.0,0
537.67,10,47,40000,2,0,0.012,1
0.0,0,35,180000,2,0,0.0,1
191907.0,12,49,115000,3,0,0.978,0
2419.33,10,33,90000,1,0,0.025,0
160891.33,12,44,100000,1,0,1.0,1
59444.33,12,45,30000,2,0,1.0,0
174227.33,12,35,140000,1,0,0.611,0
528.0,8,48,40000,3,20,0.005,1
0.0,0,40,100000,1,10,0.0,0
2795.67,8,37,25000,2,0,0.096,0
14941.0,12,34,230000,1,0,0.031,0
4847.0,10,34,110000,1,0,0.013,0
396.33,12,37,85000,1,0,0.002,0
11275.0,10,41,25000,2,0,0.208,0
63937.0,12,44,105000,1,0,0.426,0
10335.0,6,31,10000,2,20,0.485,0
88.67,2,46,115000,1,0,0.001,0
46669.33,12,32,195000,1,0,0.12,0
18690.0,8,34,90000,2,0,0.102,0
0.0,0,33,65000,3,10,0.0,0
278.0,12,43,125000,3,0,0.001,0
13085.0,10,37,250000,1,0,0.013,1
166568.67,12,40,120000,1,0,1.0,0
2017.33,10,39,135000,2,0,0.011,0
5143.67,8,44,225000,3,0,0.025,0
82143.33,10,33,140000,3,20,0.271,1
1370.67,8,42,85000,1,0,0.02,0
34663.33,12,30,140000,1,0,0.095,0
39048.0,12,43,85000,2,0,0.224,0
20265.0,12,37,100000,1,0,0.096,0
80647.67,12,33,190000,1,0,0.236,0
6542.33,6,44,250000,1,0,0.001,0
29703.0,4,29,20000,1,0,0.893,0
126649.0,12,29,75000,2,20,0.822,1
38087.33,12,34,110000,2,0,0.165,0
186101.33,12,29,100000,1,0,0.909,0
0.0,2,43,180000,1,0,0.0,0
1850.0,12,36,50000,1,0,0.009,0
78341.67,10,34,210000,2,0,0.377,1
0.0,4,39,100000,1,10,0.0,0
290687.67,12,36,155000,2,0,0.962,1
42881.0,12,34,90000,2,0,0.232,0
5556.67,12,32,250000,4,0,0.011,0
0.0,4,35,115000,1,0,0.0,0
52282.33,12,40,25000,1,0,1.0,0
15022.0,10,40,125000,1,20,0.066,0
23326.0,8,31,75000,2,20,0.151,0
877.33,8,34,25000,2,0,0.049,0
71791.0,12,35,50000,2,0,0.774,1
40615.33,10,42,55000,2,20,0.36,1
79247.0,12,38,105000,2,0,0.364,0
674.67,4,45,75000,1,0,0.013,0
978.33,12,44,40000,1,10,0.0,0
1539.33,12,48,100000,2,20,0.0,1
54299.33,10,35,75000,1,20,0.369,1
4472.0,6,39,50000,3,0,0.101,0
48923.0,12,32,55000,1,0,0.424,0
92412.0,12,33,120000,1,0,0.416,0
0.0,0,42,40000,3,0,0.0,0
1916.67,0,35,90000,1,0,0.03,1
0.0,2,35,90000,2,10,0.0,0
1621.67,10,31,200000,1,0,0.0,0
199484.67,10,41,130000,2,20,0.752,0
1455.0,8,47,80000,2,30,0.012,1
10053.0,12,34,120000,2,0,0.033,0
0.0,2,35,130000,1,0,0.0,0
157598.67,12,38,80000,2,0,0.998,0
60359.67,12,43,40000,3,0,0.826,0
201743.0,12,39,240000,1,0,0.205,1
42732.67,12,41,135000,3,0,0.181,0
42606.0,10,40,50000,2,20,0.406,1
390.0,12,40,150000,3,0,0.001,0
28446.33,12,40,225000,3,0,0.012,0
0.0,0,43,180000,1,10,0.0,0
133947.0,12,40,85000,2,0,0.791,0
48299.33,12,36,25000,3,0,0.961,0
10886.0,8,30,25000,3,20,0.34,1
8012.0,8,31,120000,2,20,0.029,1
152885.67,12,34,220000,2,0,0.015,0
157545.0,12,35,90000,2,20,0.934,0
629.0,2,40,70000,2,0,0.0,0
17.67,2,34,75000,1,10,0.0,0
89905.0,12,35,50000,2,0,1.0,0
126093.67,12,40,95000,2,0,0.653,0
38818.67,8,40,100000,1,10,0.0,0
223112.0,12,41,130000,1,20,0.606,0
421100.33,10,34,290000,2,20,0.724,1
99773.67,12,36,50000,2,0,1.0,0
2769.0,12,40,200000,1,0,0.009,0
16323.0,12,32,175000,1,0,0.07,0
90042.67,10,43,70000,2,20,0.647,1
1772.67,12,46,45000,2,0,0.02,0
106.33,4,40,90000,1,10,0.0,1
1460.0,4,41,75000,1,0,0.022,0
0.0,0,40,100000,1,0,0.0,1
294575.67,12,39,195000,2,0,0.922,0
416.0,10,28,90000,2,0,0.002,1
4717.0,8,28,45000,1,20,0.064,0
83083.0,12,29,120000,2,0,0.339,0
2518.67,10,28,160000,1,0,0.001,1
86371.67,6,28,45000,1,30,0.985,1
7263.67,12,40,100000,1,0,0.029,0
2157.67,4,41,105000,1,0,0.001,1
155370.0,10,31,80000,2,30,1.0,1
80705.33,12,28,50000,1,0,0.77,0
240822.33,12,29,120000,1,0,0.987,0
13278.67,12,50,25000,3,0,0.243,0
21028.67,12,50,25000,2,0,0.439,0
11677.33,8,52,10000,3,20,0.512,1
4827.33,6,50,160000,1,0,0.003,0
1280.67,10,50,30000,3,0,0.047,1
3442.33,12,49,115000,1,0,0.004,0
2451.33,10,50,85000,1,0,0.012,0
5566.0,6,49,200000,1,20,0.023,0
2529.67,12,50,100000,3,0,0.02,0
67172.33,8,50,125000,3,0,0.773,0
552295.33,12,50,230000,2,0,1.0,1
621.0,6,54,5000,3,20,0.108,0
35695.33,12,50,25000,2,0,0.651,0
0.0,0,50,75000,2,0,0.0,1
260275.0,12,50,145000,2,0,0.941,0
7959.0,12,58,25000,3,0,0.146,0
59893.33,8,65,60000,3,0,0.487,0
439.67,10,53,125000,1,0,0.002,0
0.0,0,54,250000,3,0,0.0,1
77242.67,12,55,80000,2,0,0.539,0
26127.0,10,58,30000,3,20,0.438,0
8268.33,6,52,5000,2,40,0.855,1
190.33,10,50,10000,2,20,0.0,0
29826.0,12,51,40000,2,0,0.534,1
101214.33,12,57,50000,3,0,1.0,0
35456.0,10,53,15000,3,20,1.0,0
148752.33,12,53,115000,2,0,0.644,0
899.0,10,53,180000,3,0,0.0,1
26959.33,12,52,15000,3,0,0.932,0
282450.0,12,52,150000,3,0,0.977,0
81797.67,12,64,55000,3,0,0.755,0
833.33,0,54,225000,1,0,0.006,0
256179.0,12,53,165000,3,0,0.87,0
74139.0,10,55,120000,2,20,0.301,0
31323.67,8,55,50000,3,0,0.17,0
29179.0,12,56,15000,3,0,0.975,0
111139.33,10,50,60000,3,0,0.911,0
2365.33,12,50,155000,2,0,0.001,0
7890.33,12,51,145000,1,0,0.0,0
2378.0,8,52,115000,3,0,0.004,0
45501.67,12,52,135000,2,0,0.16,0
136809.67,10,52,80000,4,0,0.981,0
273032.33,10,51,140000,2,20,0.924,0
14964.0,8,54,10000,2,20,0.746,1
139770.33,10,55,200000,1,0,0.385,0
11780.0,4,56,25000,3,20,0.525,0
50050.67,6,52,65000,2,20,0.39,0
28468.67,6,56,50000,3,20,0.286,0
3654.33,12,55,200000,2,20,0.001,0
200.0,6,54,60000,2,10,0.0,1
198979.67,10,58,100000,1,20,1.0,1
0.0,0,55,130000,1,10,0.0,0
30066.67,12,56,55000,1,0,0.31,0
0.0,0,65,130000,3,0,0.0,1
0.0,6,56,110000,1,10,0.0,0
29392.33,12,61,30000,3,0,0.47,0
12619.33,10,56,70000,3,50,0.079,0
17980.33,12,50,50000,3,0,0.165,0
5872.33,12,51,180000,2,10,0.0,0
6767.0,10,52,80000,2,20,0.003,0
31967.67,10,52,15000,2,20,1.0,1
281939.33,12,52,100000,2,0,1.0,0
107561.67,12,59,165000,2,0,0.396,0
2409.67,10,56,40000,3,0,0.018,0
122784.67,12,56,70000,1,0,0.972,1
4734.33,12,55,135000,3,0,0.008,0
89836.33,12,50,45000,3,0,1.0,0
17916.67,12,50,60000,3,0,0.055,0
48769.33,12,50,25000,2,0,0.981,0
982.67,6,52,160000,3,0,0.002,0
49407.33,12,56,40000,2,0,0.617,0
250.0,8,58,90000,2,0,0.0,0
25442.67,12,51,30000,2,0,0.646,0
239279.0,12,54,220000,1,0,0.668,0
865.0,8,50,25000,3,30,0.0,1
5771.33,12,50,80000,1,0,0.012,0
3080.67,0,51,25000,2,20,0.095,0
16841.67,0,57,25000,3,20,1.0,1
17815.67,6,54,70000,1,30,0.128,1
69206.67,12,57,40000,3,0,1.0,0
0.0,0,53,150000,3,0,0.0,0
16106.0,12,60,20000,3,0,0.35,0
33887.33,12,54,15000,2,0,1.0,1
0.0,2,50,150000,3,0,0.0,1
10204.0,6,59,10000,2,40,0.44,1
14902.33,12,54,10000,3,0,0.677,0
99497.67,12,56,70000,2,0,0.882,0
34683.0,8,49,100000,3,20,0.003,1
1773.33,8,50,100000,1,20,0.01,0
7376.0,10,50,200000,2,20,0.04,0
173930.0,8,50,145000,3,20,0.598,0
86349.67,10,53,105000,3,20,0.422,0
46870.67,12,54,25000,2,0,0.923,0
12911.0,8,56,10000,3,20,0.574,0
2577.67,4,54,180000,1,0,0.012,0
64752.0,12,53,35000,3,20,1.0,1
81309.33,8,52,40000,2,20,1.0,0
2026.67,8,66,115000,3,0,0.0,0
20856.67,10,52,15000,2,20,0.654,0
71880.33,12,52,250000,1,0,0.153,0
852.67,6,51,130000,1,10,0.0,0
1061.33,6,58,165000,1,0,0.003,1
0.0,2,59,175000,1,0,0.0,0
1064.67,4,50,100000,4,0,0.0,0
122826.33,12,52,65000,2,0,0.954,0
9752.67,10,50,305000,3,0,0.017,0
201101.33,12,51,165000,2,20,0.631,0
43879.67,12,51,35000,2,20,0.612,1
111313.67,12,51,55000,3,0,1.0,0
117886.33,10,51,60000,1,0,0.977,0
70235.67,12,52,240000,1,0,0.219,0
81889.33,8,52,40000,2,0,1.0,0
6150.0,8,52,100000,1,0,0.085,0
12592.0,12,51,10000,2,0,0.558,0
159472.0,12,70,115000,3,0,0.798,1
33425.33,12,52,20000,3,0,0.799,0
9860.67,12,56,175000,2,0,0.006,0
1095.33,2,56,180000,2,0,0.003,0
28923.0,10,67,15000,3,20,0.931,0
336817.33,12,61,180000,2,20,0.981,1
1950.0,0,60,15000,3,70,0.065,1
87309.0,12,61,60000,3,20,1.0,1
16278.33,12,56,10000,3,0,0.989,0
450.0,2,56,70000,1,30,0.003,1
18565.33,4,59,10000,2,20,0.966,1
69556.0,12,54,40000,3,0,0.856,0
0.0,2,56,180000,3,10,0.0,0
43402.0,12,56,25000,3,0,0.913,0
16901.67,12,55,75000,1,0,0.094,0
17898.67,8,53,10000,2,40,0.874,0
8295.67,10,53,5000,3,20,0.992,1
520.0,10,56,50000,2,20,0.004,0
0.0,0,73,180000,3,0,0.0,1
738.33,8,53,85000,2,0,0.005,0
62775.0,12,55,35000,3,0,0.978,0
10022.33,10,53,15000,3,0,0.287,0
77498.33,12,54,40000,1,0,0.979,1
97348.67,12,58,50000,3,0,0.981,0
9170.0,6,56,10000,3,30,0.453,1
8779.67,8,53,30000,2,20,0.146,1
187235.33,10,61,255000,3,20,0.367,0
5909.67,12,54,130000,3,0,0.038,0
1633.33,4,64,180000,1,0,0.0,0
7733.0,12,53,150000,2,0,0.026,0
71589.67,10,74,80000,3,0,0.495,0
1666.67,0,56,120000,2,30,0.01,1
141848.0,12,58,75000,3,20,1.0,0
23485.33,12,60,45000,3,0,0.021,0
1826.0,12,73,250000,2,0,0.0,1
111673.0,10,60,70000,2,20,0.808,1
162638.33,12,57,85000,3,0,0.961,0
6355.33,12,56,140000,1,0,0.015,0
27080.33,12,30,15000,1,0,0.869,0
854.33,4,34,60000,1,20,0.005,1
14755.0,12,55,25000,3,20,0.275,0
55589.0,10,41,40000,2,20,0.757,0
176111.67,12,29,90000,2,0,0.986,0
526.0,12,26,200000,2,10,0.002,0
16656.33,8,28,25000,1,30,0.265,1
17105.0,12,24,30000,3,0,0.284,0
19156.0,12,29,100000,2,0,0.069,0
19435.0,8,29,25000,1,20,1.0,1
16861.33,12,28,10000,3,0,0.803,1
8400.0,2,22,65000,2,0,0.194,0
9861.67,4,22,5000,2,50,1.0,0
31528.0,12,26,25000,3,0,1.0,0
8060.67,6,24,5000,2,0,0.752,0
4046.67,12,27,100000,3,0,0.016,0
8782.0,12,27,5000,2,0,0.946,0
42688.33,10,25,25000,3,20,0.794,0
17143.67,10,23,10000,2,20,0.854,1
9378.33,12,22,5000,3,0,0.947,1
96572.0,12,35,50000,3,0,0.945,0
49929.33,12,23,25000,2,0,0.997,0
25469.33,8,23,25000,2,20,0.939,0
13248.0,12,23,25000,2,0,0.223,0
7767.33,12,23,80000,1,0,0.042,0
6168.0,12,23,5000,1,0,0.693,0
3909.67,12,23,10000,2,0,0.316,0
20201.67,8,22,10000,2,20,0.985,1
51147.33,12,22,25000,2,0,1.0,0
32304.67,12,24,45000,2,0,0.422,0
9049.0,12,24,10000,2,20,0.263,1
7647.67,12,24,10000,1,20,0.335,1
50256.0,12,23,25000,2,0,1.0,0
8819.0,12,23,5000,3,0,0.86,0
9270.67,10,24,75000,2,0,0.063,0
50770.0,12,24,30000,2,0,0.97,0
3289.0,10,25,10000,2,0,0.193,0
0.0,0,23,5000,1,10,0.0,0
19402.0,12,24,10000,2,0,0.942,0
8358.0,12,24,5000,1,20,0.776,0
9959.67,10,23,5000,2,0,1.0,0
17757.0,10,24,10000,2,20,0.84,0
1820.33,12,23,25000,1,0,0.02,0
5357.67,12,22,10000,2,0,0.217,0
8927.67,12,24,25000,2,0,0.134,0
7879.33,12,23,5000,2,0,0.754,0
19798.33,12,24,25000,2,0,0.374,0
3558.67,4,24,15000,1,0,0.369,0
619.67,10,24,125000,2,10,0.0,0
50001.0,12,24,25000,2,0,0.988,0
23757.0,10,23,25000,2,20,0.453,1
3757.33,8,23,5000,2,20,0.243,1
18201.0,10,23,10000,2,0,0.85,0
18968.33,12,23,10000,2,0,0.948,1
50378.33,12,23,25000,2,0,1.0,0
47994.33,8,24,25000,3,20,1.0,0
18604.0,4,24,10000,2,0,0.797,0
276.0,8,24,55000,2,0,0.003,1
13358.33,8,23,10000,1,20,0.591,0
390.0,10,24,25000,2,0,0.008,1
35394.0,4,25,25000,2,0,0.876,0
1156.67,12,25,70000,2,10,0.0,0
19472.0,12,25,25000,1,20,0.941,0
0.0,0,25,5000,2,10,0.0,0
64412.0,10,25,35000,3,20,0.992,1
16010.33,10,25,10000,2,20,0.749,1
1650.0,0,25,10000,3,40,0.082,1
20463.67,8,25,10000,2,30,0.944,1
16319.67,10,25,10000,2,20,0.896,0
38753.33,12,26,30000,2,0,0.647,0
47630.33,12,25,25000,2,0,0.948,0
48365.0,12,25,25000,2,0,0.98,1
12469.33,10,25,15000,2,0,0.378,1
18124.0,12,24,10000,3,0,0.972,0
18616.67,12,25,25000,2,20,0.413,1
34919.0,8,24,35000,2,20,0.465,0
14763.67,12,24,35000,1,0,0.173,0
14498.33,12,25,10000,2,0,0.671,0
3471.0,10,23,5000,2,0,0.481,1
4070.67,12,24,5000,3,0,0.274,0
3544.33,4,23,40000,3,20,0.013,0
33892.67,12,25,30000,1,0,0.02,0
396.0,12,26,90000,2,0,0.002,0
11980.67,12,27,150000,2,0,0.005,0
65541.0,12,26,35000,2,0,0.924,0
29274.33,10,26,25000,2,40,0.587,1
12941.67,12,26,60000,2,0,0.134,0
30206.33,2,26,25000,3,0,1.0,1
1368.67,8,27,85000,2,0,0.016,0
450.67,10,27,85000,2,0,0.004,0
35768.67,10,27,25000,2,20,0.718,0
164577.33,12,23,90000,1,0,0.989,0
54196.67,12,26,40000,2,20,0.397,0
49000.0,12,26,25000,3,0,0.98,0
79650.67,12,27,145000,2,0,0.341,0
88301.0,8,27,80000,2,0,0.7,1
1200.0,12,27,80000,1,0,0.002,0
69779.0,12,27,195000,1,0,0.154,0
9828.67,8,25,5000,3,20,0.974,1
3585.33,8,25,40000,1,0,0.111,0
87113.67,12,25,80000,1,0,0.536,0
56579.67,12,26,40000,1,0,0.71,0
98031.33,12,26,180000,2,0,0.263,0
21016.67,0,26,100000,2,20,0.29,1
59911.67,10,25,30000,2,20,0.941,0
59038.67,12,26,55000,2,0,0.556,0
41412.33,12,26,45000,1,0,0.68,0
62208.0,12,26,25000,3,20,0.993,1
208406.0,12,27,90000,1,0,1.0,0
21268.67,10,25,15000,2,30,0.713,1
16647.0,12,25,25000,1,0,0.194,1
21442.33,12,24,25000,2,0,0.385,0
109554.33,8,26,60000,2,20,0.909,0
56851.0,12,25,30000,1,0,0.975,0
19879.0,6,25,35000,2,0,0.496,0
30828.33,10,25,25000,2,20,0.588,0
27501.33,12,26,120000,2,0,0.103,0
146636.67,10,25,100000,2,20,0.738,1
44687.67,12,25,25000,1,20,0.835,0
180044.67,12,26,145000,1,0,0.679,0
19311.67,10,26,15000,2,20,0.0,0
47042.33,10,26,145000,2,0,0.159,0
50493.67,12,25,25000,3,0,1.0,0
581.0,12,26,25000,2,0,0.012,0
48671.67,12,26,155000,1,0,0.153,0
72450.67,12,26,60000,2,0,0.843,0
141651.0,12,26,70000,2,30,1.0,1
25279.0,12,26,25000,3,0,0.48,0
399.33,0,26,5000,2,0,0.12,1
89436.0,12,30,55000,2,20,0.802,1
16094.0,12,29,10000,3,0,0.729,0
46034.33,12,26,25000,2,0,0.896,0
1075.67,10,26,115000,2,0,0.0,0
0.0,0,27,40000,3,10,0.0,0
27110.33,10,26,15000,3,0,0.945,0
144757.0,12,28,50000,2,0,1.0,0
1256.0,10,26,140000,4,0,0.002,0
88598.33,12,26,55000,1,0,0.593,0
53635.67,12,26,55000,2,0,0.477,0
40301.0,8,27,20000,2,30,1.0,0
59918.0,10,26,90000,1,20,0.132,0
50010.67,12,26,25000,3,0,1.0,0
49596.0,12,27,25000,2,0,1.0,0
48949.0,12,27,25000,3,0,0.971,0
18531.0,12,27,45000,1,0,0.239,0
53030.33,8,26,40000,1,0,0.839,0
954.0,8,26,45000,4,0,0.032,1
15493.67,12,26,25000,1,0,0.292,0
3472.67,12,26,50000,1,0,0.019,0
20862.33,12,41,195000,2,0,0.057,0
19686.67,12,26,35000,2,0,0.268,0
10280.0,12,27,50000,1,0,0.092,0
42972.33,12,27,105000,2,0,0.432,0
6042.33,8,27,5000,2,0,0.5,0
923.0,12,26,155000,2,0,0.007,0
32398.67,6,26,15000,2,60,1.0,1
0.0,0,27,65000,1,10,0.0,0
994.33,6,27,10000,4,0,0.027,0
6688.0,12,28,25000,2,20,0.106,0
22697.67,8,24,15000,2,20,0.726,1
110130.33,12,26,70000,2,0,0.574,0
44197.0,12,27,35000,1,0,0.617,0
18643.67,10,27,10000,2,20,0.878,1
5719.67,12,27,200000,1,0,0.008,0
18810.0,2,27,10000,2,60,0.969,0
7747.33,12,27,5000,1,0,0.891,0
7589.67,12,27,30000,1,0,0.09,0
11598.33,12,28,90000,1,0,0.014,0
33088.0,2,28,25000,2,0,0.983,0
18273.0,10,28,45000,3,20,0.177,1
153320.67,12,28,195000,2,0,0.508,0
20859.33,10,29,15000,2,20,0.645,1
8272.0,10,29,100000,1,20,0.039,1
8584.33,6,28,10000,1,20,0.423,1
71803.33,8,28,35000,1,30,1.0,0
64917.33,12,27,40000,1,0,0.789,0
3543.33,12,27,40000,1,0,0.027,0
9946.0,8,28,55000,2,20,0.098,1
1307.33,10,28,155000,3,20,0.001,0
79035.0,12,28,40000,1,0,1.0,0
6526.67,6,29,195000,2,0,0.017,0
238.67,6,22,10000,1,0,0.0,0
14076.33,12,24,25000,2,0,0.218,0
300.0,0,26,10000,2,30,0.015,1
16504.0,6,26,15000,2,0,0.866,0
6577.0,12,26,85000,2,0,0.043,0
51148.33,12,28,160000,2,20,0.018,0
137233.0,12,27,100000,2,0,0.686,0
5833.33,0,27,25000,3,0,0.35,0
117061.0,8,29,90000,1,0,0.64,0
20839.33,12,29,145000,2,0,0.145,0
0.0,0,28,130000,2,10,0.0,0
1287.33,12,27,85000,1,0,0.013,0
1037.0,10,28,145000,1,0,0.001,1
92959.33,12,28,60000,2,0,0.772,0
7478.67,10,28,145000,1,20,0.022,1
7090.0,10,27,5000,1,0,0.57,0
319.33,10,28,80000,2,20,0.003,0
17577.0,12,28,10000,2,0,0.947,0
194510.0,8,29,100000,1,20,0.997,0
22690.33,12,30,100000,3,0,0.124,0
86309.33,12,27,65000,2,0,0.651,0
8840.67,8,28,115000,2,0,0.116,0
1956.67,12,28,70000,1,0,0.007,0
1112.67,12,27,140000,1,0,0.005,0
15526.0,12,27,25000,1,0,0.292,0
12334.33,12,28,10000,2,0,0.612,0
74467.67,8,27,75000,4,0,0.889,0
782.67,6,29,100000,1,20,0.0,1
37823.33,12,29,210000,1,0,0.038,0
4702.67,12,29,5000,3,0,0.294,0
215676.33,12,28,250000,2,0,0.515,0
106238.67,4,28,75000,2,0,1.0,0
233127.67,12,28,120000,1,0,0.947,0
1653.67,2,28,35000,1,0,0.066,0
59019.33,10,29,35000,2,20,0.825,0
73.0,2,28,115000,2,0,0.0,0
6937.67,12,28,100000,1,20,0.029,0
48064.0,8,29,25000,1,0,0.93,0
1683.0,10,29,150000,1,0,0.007,0
56357.0,12,29,65000,2,0,0.448,0
6793.67,12,29,305000,3,0,0.015,0
118326.33,12,29,60000,2,0,0.964,0
58828.33,12,27,30000,2,0,0.983,0
18272.67,4,29,25000,2,0,0.576,0
44394.67,8,29,25000,3,20,0.879,1
19568.33,10,30,10000,2,0,0.954,0
845.67,12,30,150000,2,0,0.003,0
14400.0,2,31,25000,3,10,0.864,0
91603.67,12,29,65000,1,20,0.913,0
92766.33,8,30,50000,2,40,0.899,1
88239.67,12,28,65000,2,0,0.781,0
390.0,10,29,15000,2,0,0.013,0
7852.67,12,29,5000,2,0,0.81,0
48691.33,12,28,25000,2,0,0.972,0
1050.0,0,30,5000,2,30,0.105,1
103123.0,12,30,115000,2,0,0.501,0
820.0,12,30,105000,2,0,0.004,0
2103.0,12,30,70000,4,0,0.019,0
48552.0,10,31,25000,2,0,0.951,0
93644.67,12,30,155000,1,0,0.158,0
65475.0,12,30,40000,2,0,0.804,0
2849.67,2,30,250000,1,0,0.012,0
50610.0,12,26,40000,2,0,0.631,0
1292.0,6,28,60000,3,30,0.015,1
45324.33,12,26,25000,2,0,0.905,0
17099.33,12,30,25000,2,0,0.328,0
3483.67,8,30,100000,1,0,0.016,0
2803.67,6,30,25000,2,20,0.028,0
650.0,4,30,65000,2,20,0.006,0
183790.0,12,28,120000,1,0,0.757,0
4720.67,10,28,90000,1,0,0.054,0
14073.0,10,28,10000,2,20,0.546,0
32111.33,6,28,70000,1,20,0.225,1
392.67,8,29,80000,1,0,0.003,0
8083.33,12,29,140000,1,0,0.038,0
837.33,12,28,40000,1,0,0.002,0
21888.67,12,29,70000,2,0,0.104,0
243752.67,12,30,150000,1,0,0.791,0
120786.0,12,27,75000,2,0,0.79,0
387.33,4,27,120000,4,0,0.0,0
390.0,8,29,50000,1,0,0.004,1
29164.0,12,30,50000,2,0,0.279,0
16046.33,12,30,110000,2,20,0.072,0
9141.0,12,30,25000,3,0,0.192,1
2070.0,10,30,60000,1,20,0.012,0
444.33,6,31,140000,1,0,0.0,0
956.67,8,30,100000,1,10,0.0,0
6265.33,8,29,5000,2,20,0.595,1
8674.0,10,30,5000,2,20,0.811,1
13165.0,10,29,25000,1,20,0.105,0
39174.0,8,30,35000,1,20,0.033,1
690.0,2,30,10000,2,10,0.0,0
90905.0,6,30,70000,1,20,0.645,0
95334.33,12,46,100000,4,0,0.516,0
42687.67,12,42,140000,2,0,0.082,0
64166.67,10,45,35000,1,20,1.0,0
3101.33,4,26,105000,2,20,0.045,0
43472.67,6,27,25000,4,0,0.957,0
85872.33,12,27,75000,1,0,0.57,0
9709.0,12,28,60000,2,0,0.067,0
1639.67,12,28,100000,1,0,0.009,1
25960.67,12,31,210000,1,0,0.074,0
6548.0,6,29,25000,1,20,0.119,0
8793.33,12,31,135000,1,0,0.035,0
2633.33,10,31,65000,2,0,0.018,0
84626.67,10,31,105000,1,20,0.395,0
260.0,8,31,120000,2,10,0.0,0
28001.33,12,30,130000,1,0,0.107,0
26439.67,6,32,125000,2,0,0.317,0
672.33,10,31,75000,2,20,0.004,0
93526.67,12,31,70000,1,0,0.915,0
31298.67,12,34,30000,3,0,0.722,0
157360.67,12,39,250000,1,0,0.267,0
22499.33,8,37,25000,2,30,0.423,1
21741.67,8,42,25000,3,20,0.377,0
132568.33,12,33,70000,1,0,0.916,0
18429.33,10,32,10000,2,20,0.818,0
4733.33,12,38,180000,1,0,0.007,0
3466.67,6,41,5000,3,0,1.0,0
50303.0,12,41,100000,2,0,0.26,1
4210.33,12,38,200000,2,0,0.008,0
4750.0,10,32,90000,1,0,0.037,1
172738.67,12,41,110000,3,0,0.881,0
2176.0,4,45,25000,3,0,0.107,0
96140.33,10,45,50000,4,0,0.945,0
49929.67,10,47,25000,2,0,1.0,0
10123.0,10,28,160000,1,0,0.082,0
20425.0,12,31,160000,1,10,0.0,1
3023.67,10,31,155000,2,20,0.015,0
58763.0,8,33,50000,2,40,0.603,0
85587.0,12,34,160000,1,0,0.225,0
54112.33,12,34,140000,2,0,0.197,0
1838.67,12,35,40000,2,0,0.021,0
152765.67,12,41,100000,1,20,0.752,1
25366.0,8,37,35000,2,20,0.336,0
47113.0,12,40,25000,1,0,0.954,0
7615.0,8,42,5000,2,30,0.477,1
2448.33,10,43,150000,1,20,0.006,0
4372.67,4,39,105000,3,0,0.062,0
29609.33,8,36,30000,1,20,0.475,1
16267.33,8,40,10000,2,30,0.741,0
33032.67,10,42,25000,2,20,0.718,0
72422.67,12,39,50000,2,0,0.662,0
11929.33,4,43,100000,1,0,0.092,0
34216.67,8,34,120000,1,0,0.428,0
111148.33,8,41,100000,2,20,0.533,0
13529.67,4,39,65000,2,0,0.152,0
0.0,0,28,65000,1,10,0.0,1
942.0,10,45,25000,2,0,0.019,1
28885.33,10,32,15000,2,20,0.891,0
127316.0,12,29,65000,3,0,0.997,0
8665.33,8,46,5000,3,0,0.959,1
3626.67,12,33,35000,2,0,0.006,1
102770.33,12,37,75000,2,0,0.673,0
114972.0,12,38,60000,2,0,0.97,1
43604.67,12,48,50000,3,0,0.584,0
50289.33,4,34,25000,3,0,0.982,1
4502.33,12,40,105000,1,0,0.026,0
50447.67,10,29,25000,2,20,0.973,0
2400.0,0,36,25000,2,70,0.048,1
24777.33,8,42,15000,3,20,0.811,1
1094.0,12,33,250000,2,0,0.001,0
47183.33,12,46,30000,3,0,1.0,0
2107.0,12,39,90000,2,0,0.004,0
15082.67,12,47,10000,2,0,0.709,0
2981.67,12,42,25000,2,10,0.0,0
751.0,6,38,50000,2,0,0.015,0
0.0,2,34,120000,1,10,0.0,1
7324.33,12,34,85000,2,0,0.047,0
50068.67,4,36,25000,1,20,0.988,0
131580.33,12,30,75000,1,0,0.981,0
16418.33,10,34,10000,2,20,0.806,0
34526.0,0,35,105000,1,0,0.493,0
49021.0,12,49,25000,2,0,0.97,1
117151.67,10,34,60000,2,20,0.959,0
56675.0,12,45,35000,3,0,0.94,0
9718.0,12,40,5000,2,0,0.965,1
6704.33,8,47,10000,2,20,0.41,0
186258.33,12,36,75000,4,0,1.0,0
33368.0,2,35,95000,2,10,0.0,0
50122.33,12,40,25000,2,0,0.984,0
38218.33,12,30,25000,3,0,0.744,1
49028.33,12,30,25000,1,0,0.984,0
202446.33,12,31,125000,2,0,0.825,0
125314.0,6,31,110000,1,20,0.545,1
33226.0,10,33,245000,1,20,0.12,0
12662.0,6,30,10000,2,20,0.663,0
9042.67,10,29,35000,1,20,0.149,0
41584.67,12,32,145000,1,20,0.081,0
946.67,6,32,225000,1,0,0.003,0
24102.67,12,32,10000,2,0,1.0,1
49931.33,12,33,50000,1,0,0.494,0
91752.67,6,33,40000,1,20,1.0,1
3681.67,8,44,35000,3,20,0.078,1
22626.33,12,45,100000,2,10,0.0,0
10487.33,12,38,10000,2,0,0.463,0
1100.33,2,38,110000,1,30,0.008,0
8973.0,12,45,5000,2,20,0.93,0
78463.33,12,35,145000,3,0,0.278,0
10393.67,12,38,10000,3,10,0.0,0
3579.33,12,37,100000,2,0,0.018,0
14563.33,10,47,25000,3,10,0.0,0
35943.67,12,41,25000,2,0,0.908,0
56729.0,12,41,30000,2,0,0.799,0
2100.0,2,48,25000,3,10,0.126,0
97712.67,12,38,145000,1,20,0.336,1
73875.67,8,41,70000,2,20,0.523,1
301288.67,6,33,285000,1,0,0.682,0
1846.67,12,40,105000,1,0,0.008,1
158524.0,8,32,135000,3,20,0.583,0
32049.33,12,33,25000,2,0,0.941,0
59394.67,12,38,30000,2,20,0.97,1
64485.33,10,45,60000,2,20,0.533,1
1841.33,6,42,225000,1,20,0.008,1
23972.67,12,39,30000,2,20,0.837,0
2400.0,0,36,10000,2,70,0.12,1
77400.67,12,36,90000,1,0,0.476,0
4089.67,12,37,190000,2,0,0.006,0
19611.67,4,48,10000,2,0,0.92,0
1088.67,4,26,60000,1,0,0.02,0
12133.0,10,39,250000,3,0,0.065,1
18781.67,6,39,10000,2,20,0.932,1
169185.33,12,43,130000,3,0,0.791,0
14938.33,12,33,10000,2,0,0.674,0
157124.0,12,35,115000,2,0,0.651,0
610.33,10,33,60000,2,0,0.011,0
80957.0,10,40,65000,1,20,0.623,1
665.33,12,40,100000,1,0,0.004,0
26699.0,10,49,15000,1,20,0.838,0
2733.33,6,39,115000,3,0,0.011,0
396.0,12,44,105000,1,0,0.002,1
19614.67,12,40,130000,4,0,0.071,0
8136.33,12,36,80000,2,0,0.054,0
130357.33,12,44,70000,2,0,0.924,0
71428.67,12,39,35000,2,0,1.0,1
11375.0,12,38,50000,2,0,0.158,0
3895.67,12,32,75000,1,0,0.006,0
13738.67,12,34,145000,2,0,0.05,0
5432.33,12,37,30000,2,0,0.112,0
19271.33,6,37,25000,2,50,0.397,0
17104.67,12,38,10000,3,0,0.861,0
491317.33,12,37,250000,1,20,0.95,0
2963.0,6,45,45000,2,30,0.041,1
3027.33,6,37,140000,1,0,0.027,0
34141.67,10,40,20000,2,20,0.859,1
1846.67,10,39,110000,1,0,0.004,1
17469.33,12,37,110000,4,0,0.201,0
65037.67,12,33,25000,2,0,1.0,1
520.0,4,47,10000,2,20,0.02,1
194439.33,12,39,100000,1,0,0.961,0
19567.33,10,32,10000,2,20,0.92,1
56195.33,10,39,30000,1,20,1.0,1
5358.33,8,45,140000,3,0,0.052,0
45612.33,12,48,25000,2,0,0.888,0
145797.33,12,32,210000,1,0,0.922,0
20200.0,10,44,15000,3,20,0.647,1
24578.67,8,36,25000,3,20,0.446,0
18503.67,10,43,10000,3,20,0.905,0
39863.33,6,39,55000,2,30,0.361,1
19320.0,12,39,115000,2,0,0.088,0
19918.0,12,45,30000,2,0,0.349,0
2786.33,4,36,180000,1,0,0.005,0
47592.0,12,42,25000,2,0,0.983,0
109125.67,12,35,55000,2,0,0.969,0
97653.0,12,29,75000,2,0,0.694,0
7909.0,8,29,90000,1,0,0.006,0
3886.33,10,30,40000,2,0,0.064,0
38395.33,12,30,25000,2,0,0.933,0
7454.33,12,31,85000,2,0,0.037,0
11307.33,12,31,100000,2,20,0.027,0
37120.67,12,31,105000,1,0,0.172,0
19506.33,12,32,10000,2,0,0.972,0
22.0,4,35,80000,1,20,0.002,0
45449.33,4,45,25000,3,0,0.937,0
210655.0,12,30,170000,2,0,0.688,1
4158.67,12,32,110000,1,0,0.024,0
1014.67,12,37,100000,2,0,0.002,1
201907.0,12,29,160000,1,0,0.706,0
79560.33,10,29,55000,1,20,0.708,1
565.33,4,30,100000,1,30,0.006,1
56039.67,10,31,80000,1,20,0.353,0
84502.0,12,34,155000,2,0,0.289,0
36250.0,12,29,35000,2,0,1.0,0
32134.0,6,29,40000,2,0,0.352,0
2078.33,8,34,160000,1,0,0.016,0
167412.33,12,34,115000,1,0,0.245,0
311108.67,12,36,130000,2,20,1.0,1
52964.0,4,41,25000,3,50,1.0,1
80809.67,12,48,105000,3,0,0.405,0
20562.33,8,42,30000,3,0,0.325,0
28287.0,12,48,15000,2,0,0.88,1
29783.33,12,44,240000,2,0,0.061,0
221356.33,12,43,120000,2,0,0.984,0
18677.0,6,44,10000,2,0,0.901,1
49663.67,12,41,25000,3,0,0.996,0
43671.33,12,37,25000,2,0,0.885,0
6706.67,4,35,25000,1,0,0.126,0
46682.33,12,37,250000,1,0,0.03,0
36619.67,12,31,35000,2,0,0.507,0
34387.33,12,31,20000,1,0,0.827,0
1673.0,4,32,210000,1,0,0.003,0
25179.33,8,36,10000,2,20,1.0,0
43707.33,12,41,150000,3,0,0.005,0
79136.67,10,38,55000,2,30,0.713,1
60278.0,12,42,35000,2,40,0.845,1
19429.0,4,39,55000,1,0,0.166,0
212451.67,12,40,110000,2,20,1.0,0
15088.33,12,37,10000,1,0,0.716,0
326.0,12,39,60000,3,0,0.003,0
45409.33,12,44,75000,3,0,0.439,0
93190.0,12,40,55000,3,0,0.83,0
4359.33,12,36,160000,3,0,0.017,0
15562.33,10,28,25000,2,0,0.009,0
5636.33,6,34,10000,2,0,0.846,0
58691.67,12,35,90000,3,20,0.322,1
201802.0,12,37,100000,2,0,1.0,0
16191.33,8,47,25000,3,20,0.324,0
499.0,8,40,180000,1,30,0.001,1
28321.33,10,30,15000,2,0,0.938,0
0.0,4,31,115000,1,0,0.0,0
3022.0,12,32,140000,1,0,0.014,0
37929.0,12,32,25000,3,0,0.959,1
31088.67,12,33,180000,1,0,0.16,0
45483.0,8,37,120000,2,20,0.188,1
177385.67,8,43,90000,3,20,0.983,0
396.0,12,36,100000,1,0,0.002,0
1479.0,12,29,195000,1,0,0.001,0
44519.0,12,29,55000,1,0,0.436,0
197121.0,12,29,125000,1,0,0.963,0
76959.0,12,30,190000,2,0,0.126,0
165.0,12,30,150000,2,0,0.001,0
234048.67,12,44,150000,2,20,0.744,0
10265.33,12,40,160000,1,0,0.003,0
0.0,0,48,80000,2,10,0.0,0
2274.0,4,47,155000,1,0,0.0,0
34991.33,12,32,25000,2,0,1.0,0
9788.0,10,32,10000,2,20,0.438,1
34662.67,8,31,120000,2,20,0.252,1
173431.33,12,31,125000,1,0,1.0,0
94650.67,6,31,100000,1,0,0.81,0
0.0,6,35,120000,1,10,0.0,0
686.67,6,43,75000,3,20,0.009,0
47212.0,12,43,210000,2,0,0.087,0
6556.33,8,36,5000,3,20,0.51,0
12662.33,8,44,15000,2,20,0.412,0
321.0,6,33,125000,1,30,0.002,1
5767.67,12,33,250000,2,0,0.011,0
28701.67,12,38,15000,2,20,0.992,0
114607.0,10,48,60000,2,0,0.973,0
2711.67,4,34,100000,2,0,0.012,0
12512.0,12,36,10000,2,0,0.559,0
15772.33,10,38,25000,2,20,0.302,1
39168.33,12,47,25000,3,20,0.798,1
44246.33,12,40,25000,3,0,0.924,1
138811.0,12,39,70000,3,0,0.988,0
17262.67,10,34,10000,3,0,0.885,0
32040.0,12,39,75000,3,0,0.28,0
177255.33,10,35,115000,2,0,0.758,0
234478.33,4,36,120000,2,0,0.961,0
111586.0,8,41,75000,1,30,0.74,1
46370.67,12,38,70000,1,0,0.376,0
1501.67,10,37,155000,2,0,0.005,0
2400.0,0,36,30000,2,70,0.04,1
980.67,12,34,100000,1,0,0.002,0
0.0,0,46,80000,1,0,0.0,1
6937.33,12,35,180000,1,0,0.036,0
14194.0,12,49,15000,2,0,0.431,0
280.0,8,41,50000,3,10,0.0,1
7486.0,6,45,5000,2,20,0.632,0
11091.67,12,37,150000,2,0,0.01,0
4129.33,12,49,250000,2,20,0.003,1
49469.33,12,40,25000,3,20,0.976,1
2447.0,10,48,250000,2,0,0.004,0
100670.33,12,46,50000,2,20,1.0,1
235892.33,12,35,120000,1,0,1.0,0
92708.33,12,43,225000,2,0,0.232,0
12786.33,12,31,310000,2,0,0.009,0
61574.67,12,32,50000,2,0,0.601,0
207323.0,12,32,115000,1,0,1.0,0
2777.33,2,34,25000,2,0,0.083,0
19358.67,6,38,15000,2,40,0.588,1
17174.0,8,40,10000,2,0,0.807,0
388.0,10,32,90000,1,20,0.002,1
90839.33,8,31,45000,1,20,1.0,1
162598.33,12,32,85000,1,0,0.979,0
16.0,2,34,90000,2,0,0.0,0
45883.67,12,40,25000,3,0,1.0,0
50510.0,12,30,50000,3,20,0.505,0
0.0,0,39,100000,1,10,0.0,0
2919.67,12,37,100000,1,0,0.021,0
0.0,0,39,110000,1,10,0.0,0
2026.33,10,43,40000,3,20,0.018,0
24204.33,10,37,15000,3,20,0.803,0
48136.33,10,30,25000,3,0,0.937,0
61896.33,12,40,105000,1,20,0.312,0
8053.33,4,48,5000,1,20,0.859,0
0.0,0,38,150000,1,0,0.0,1
12917.67,12,31,235000,2,0,0.026,0
201478.33,4,44,100000,1,0,0.984,0
81168.67,12,32,40000,2,0,1.0,0
8103.0,10,36,5000,3,0,0.673,0
6259.0,12,49,5000,3,10,0.236,0
20258.0,2,37,10000,3,20,0.931,0
238121.0,10,39,120000,2,20,1.0,0
8079.33,10,29,15000,2,0,0.439,0
65150.33,10,31,80000,2,20,0.588,0
2400.0,0,31,10000,1,70,0.12,1
7244.0,4,37,5000,2,40,0.75,1
203351.33,12,39,125000,3,0,0.837,0
254409.0,6,34,130000,1,0,0.966,0
48923.67,12,34,50000,2,0,0.479,1
959.0,0,35,105000,1,20,0.007,0
273831.0,12,33,145000,1,0,0.956,0
204332.33,8,29,75000,4,0,1.0,1
256433.33,12,32,150000,1,20,0.851,1
2053.0,12,32,25000,2,10,0.0,0
16988.67,8,29,50000,2,0,0.512,0
157845.0,12,32,105000,1,20,0.769,0
1562.0,10,32,150000,3,0,0.002,0
44935.0,8,30,45000,2,20,0.503,0
1658.67,10,31,105000,2,20,0.008,0
9057.33,12,47,5000,2,20,0.864,1
30626.33,2,36,45000,2,0,0.591,0
50533.0,8,35,25000,3,20,1.0,0
1205.0,8,41,70000,3,0,0.011,0
264266.33,12,35,155000,2,0,0.838,0
11655.33,12,44,125000,1,0,0.015,0
27984.67,12,37,100000,1,0,0.058,0
1557.0,2,35,180000,1,0,0.01,0
13727.0,12,43,25000,2,0,0.253,1
8624.67,12,39,250000,2,0,0.004,0
52094.0,12,43,25000,2,0,1.0,0
341.0,10,31,10000,1,0,0.033,0
69987.67,12,31,45000,2,0,0.781,0
234954.0,10,36,120000,2,20,0.904,0
19560.33,2,33,10000,2,80,0.726,1
163265.33,12,33,105000,2,0,0.742,0
129457.0,10,33,130000,1,20,0.494,0
53938.0,12,32,25000,2,0,1.0,0
40967.67,2,32,45000,2,0,0.988,0
18643.33,2,45,10000,3,30,0.942,1
53048.0,12,40,30000,2,0,0.898,0
180928.33,10,34,100000,2,20,0.883,0
44570.67,12,34,25000,2,0,0.868,0
8352.67,12,34,125000,1,0,0.024,1
13605.0,4,48,10000,3,50,0.54,1
4808.0,12,42,100000,3,0,0.014,0
39619.67,12,46,25000,4,0,0.987,0
147540.0,12,37,100000,2,0,0.747,0
20470.67,10,35,125000,3,0,0.117,0
51218.67,6,49,25000,2,50,1.0,0
326.0,12,35,105000,1,0,0.002,0
93544.67,8,42,40000,2,40,1.0,0
12471.0,12,40,25000,2,20,0.221,1
22157.67,12,48,25000,2,0,0.474,0
14743.33,6,36,10000,2,0,1.0,1
395639.0,12,37,200000,2,10,0.991,0
38833.67,12,44,250000,1,0,0.202,0
24129.33,6,46,50000,2,0,0.608,0
0.0,0,42,110000,1,10,0.0,1
11414.67,8,47,20000,1,20,0.264,1
42424.67,12,41,25000,2,0,0.869,0
89899.33,12,49,50000,3,0,0.997,0
159904.67,12,35,75000,1,20,1.0,1
50422.0,8,37,40000,2,20,0.597,1
87277.0,12,32,50000,2,0,0.854,0
0.0,0,33,170000,1,10,0.0,1
101206.67,12,30,60000,2,0,0.82,0
19154.67,12,30,10000,2,0,0.951,0
520.0,10,31,10000,2,20,0.02,1
20600.33,12,34,15000,2,0,0.813,0
12491.67,12,34,65000,3,0,0.081,0
0.0,0,34,90000,4,0,0.0,0
490366.67,12,34,250000,1,0,0.989,0
85715.0,12,43,95000,2,0,0.439,1
190329.0,12,36,75000,4,0,1.0,0
208018.67,8,48,160000,1,20,0.646,1
138357.67,12,47,160000,1,0,0.508,0
13148.67,12,49,245000,1,0,0.039,0
8949.33,8,42,5000,3,20,0.901,1
11485.33,12,39,200000,1,0,0.026,0
1568.33,6,37,5000,2,30,0.0,1
111726.67,12,47,150000,2,0,0.364,0
15684.67,12,46,155000,4,0,0.05,0
81945.0,10,44,50000,2,20,0.804,1
34431.67,12,36,40000,2,0,0.418,0
60201.0,12,46,25000,3,0,1.0,0
1085.33,8,36,135000,2,10,0.0,0
5992.33,10,44,250000,2,0,0.005,0
27973.67,10,39,25000,2,20,0.513,1
6840.67,12,39,230000,2,0,0.002,0
58013.33,8,44,40000,3,20,0.733,0
31205.67,12,39,130000,3,0,0.117,0
12363.67,12,47,25000,2,0,0.226,0
21097.0,10,41,15000,3,20,0.663,0
3715.0,12,42,95000,2,0,0.02,1
84664.33,12,40,145000,1,0,0.288,0
4123.67,12,44,325000,1,0,0.003,0
3595.33,8,38,25000,2,0,0.031,1
77362.67,12,44,40000,1,0,0.964,0
73766.33,12,42,100000,2,0,0.385,0
693.33,8,43,75000,1,30,0.006,1
226951.0,8,30,145000,2,20,0.931,1
235943.33,12,29,170000,1,0,0.132,0
98138.0,12,30,160000,1,0,0.299,0
51268.67,8,31,40000,2,30,0.628,0
9700.0,12,30,5000,2,0,0.902,1
368329.0,12,31,210000,2,0,0.965,0
229642.0,12,41,115000,2,0,0.985,0
62760.33,12,35,50000,2,0,0.614,0
97824.0,12,35,50000,1,0,0.988,1
200272.67,12,31,140000,1,0,0.841,0
5874.0,12,34,110000,1,0,0.029,0
16410.67,12,36,170000,2,0,0.058,0
252633.67,12,36,170000,3,0,1.0,1
19825.33,12,37,105000,2,0,0.09,0
138264.0,12,38,70000,2,0,0.966,1
179300.67,12,37,195000,2,0,0.448,0
11750.33,2,49,10000,3,0,0.839,0
468159.33,10,34,210000,1,0,1.0,0
203501.67,8,31,175000,3,20,0.644,0
44412.33,12,39,25000,3,0,0.863,1
99513.0,12,46,315000,2,0,0.2,0
36320.67,12,34,70000,2,0,0.232,0
61783.33,10,40,90000,3,0,0.588,0
77153.33,12,37,170000,2,0,0.212,0
291.0,12,49,105000,1,0,0.001,0
97091.67,6,47,50000,3,0,0.947,0
2064.33,12,37,90000,1,10,0.009,0
46388.0,12,46,150000,1,0,0.443,0
3393.33,12,45,105000,2,0,0.009,1
13700.0,4,46,115000,1,0,0.173,0
71409.67,8,45,35000,3,20,1.0,1
73519.33,12,47,60000,3,0,0.598,1
14735.0,10,34,10000,2,20,0.725,0
179992.33,12,29,70000,1,0,1.0,1
5603.0,0,29,10000,2,0,0.84,1
67693.67,10,29,25000,2,20,1.0,0
115811.67,12,30,85000,3,0,0.061,0
19264.33,12,30,130000,1,0,0.105,0
55033.0,12,30,30000,3,0,0.916,1
17762.67,10,30,25000,3,20,0.35,1
80443.33,12,29,75000,3,0,0.71,0
66875.0,10,29,120000,1,20,0.27,1
0.0,0,29,70000,1,0,0.0,1
0.0,0,32,180000,1,0,0.0,0
241.33,6,30,155000,2,0,0.001,0
326.0,10,31,105000,2,0,0.002,1
5000.0,4,31,225000,1,0,0.011,0
32780.67,12,34,115000,1,0,0.102,0
52035.33,12,32,195000,1,0,0.155,0
9301.0,10,32,5000,2,20,0.93,0
49484.0,12,33,165000,2,0,0.155,0
30858.33,4,33,15000,1,30,1.0,1
136407.33,12,33,95000,1,0,0.762,0
3230.33,6,37,25000,3,20,0.061,1
73604.67,8,45,25000,4,20,1.0,1
433386.0,8,34,205000,1,0,1.0,1
18.0,0,35,75000,2,10,0.0,0
4288.67,10,35,180000,1,0,0.001,0
47535.33,12,40,25000,2,0,0.981,0
49834.67,12,36,105000,1,0,0.466,0
52290.67,10,46,25000,3,30,1.0,0
163508.67,12,38,110000,1,0,0.724,0
13406.67,6,42,10000,2,20,0.534,0
1804.0,10,46,85000,3,0,0.011,1
6831.0,8,43,10000,2,20,0.311,0
51921.67,8,41,30000,2,0,1.0,0
131210.33,12,42,80000,3,20,0.875,1
388.0,6,44,95000,3,20,0.002,0
6741.33,12,45,180000,2,0,0.052,0
47808.67,12,48,25000,2,0,0.964,1
129458.0,12,40,65000,3,0,0.997,0
11456.67,12,44,160000,1,0,0.044,0
21055.67,10,38,15000,2,20,0.666,0
32423.67,12,37,50000,3,0,0.316,0
20322.67,12,48,10000,2,20,1.0,0
19953.0,10,45,25000,2,20,0.413,0
2044.0,12,45,65000,3,0,0.011,1
26413.0,12,38,250000,2,0,0.063,0
74811.0,6,39,40000,2,30,0.945,1
28921.67,8,42,15000,2,0,0.955,0
3171.0,10,44,115000,1,0,0.024,0
12893.67,10,46,25000,3,20,0.228,0
23628.33,8,32,145000,1,0,0.11,0
51178.67,12,39,140000,1,0,0.197,0
352.0,8,32,110000,1,20,0.002,0
118282.33,12,30,80000,1,0,0.897,0
5231.67,10,30,105000,2,0,0.02,0
83527.33,4,30,85000,1,0,0.764,0
41545.0,12,30,90000,2,20,0.285,0
253.33,6,32,205000,1,20,0.001,0
4145.67,10,30,75000,1,0,0.016,0
116461.0,12,31,250000,2,0,0.059,0
1502.33,8,31,115000,3,0,0.019,0
44320.67,10,32,145000,1,0,0.08,0
9586.33,6,29,5000,2,0,0.941,0
87.67,8,33,130000,1,0,0.0,0
88.0,4,30,25000,2,20,0.0,0
329878.0,12,31,305000,1,20,0.571,0
6931.0,12,31,180000,1,0,0.002,0
135461.33,12,32,70000,2,0,0.959,0
121124.33,4,31,75000,4,20,0.899,1
33424.67,8,32,25000,2,20,1.0,0
14725.67,12,34,10000,2,0,0.686,0
83596.67,12,33,100000,2,0,0.55,0
50136.33,12,34,180000,1,0,0.093,0
66897.0,12,36,40000,3,0,0.819,0
16130.0,12,37,95000,1,0,0.114,0
0.0,0,35,115000,2,10,0.0,1
8182.67,6,37,25000,2,20,0.218,1
18428.0,12,41,110000,2,0,0.205,0
53555.0,6,47,20000,2,30,1.0,1
136223.67,12,34,210000,1,0,0.314,0
236674.33,12,39,155000,2,0,0.771,0
0.0,0,32,90000,1,0,0.0,0
47506.0,12,42,25000,3,0,0.88,0
36181.33,10,44,25000,2,20,0.773,0
9056.67,10,36,45000,2,0,0.086,1
2468.67,12,44,10000,2,0,0.091,0
1392.33,12,38,15000,2,0,0.01,0
0.0,0,30,120000,1,0,0.0,0
740.0,0,35,180000,1,0,0.006,0
17638.33,12,34,65000,1,0,0.179,0
258542.67,12,34,125000,1,0,1.0,0
4143.67,4,35,75000,1,0,0.023,0
138192.33,12,41,70000,2,0,0.988,0
2500.0,0,34,105000,2,30,0.012,1
6400.67,2,43,5000,3,0,0.88,0
35821.67,12,38,50000,1,0,0.03,0
76549.67,8,34,40000,2,20,0.907,1
196709.33,12,39,110000,3,0,0.859,0
2337.67,8,43,75000,3,0,0.011,0
3226.33,8,37,15000,2,40,0.119,1
51012.67,12,41,40000,3,10,0.0,1
48866.0,12,46,25000,2,0,0.959,1
